{
  "_id": "621ffdc136468d709f1786f4",
  "id": "ahmedrachid/FinancialBERT-Sentiment-Analysis",
  "private": false,
  "pipeline_tag": "text-classification",
  "library_name": "transformers",
  "tags": [
    "transformers",
    "pytorch",
    "bert",
    "text-classification",
    "financial-sentiment-analysis",
    "sentiment-analysis",
    "en",
    "dataset:financial_phrasebank",
    "autotrain_compatible",
    "endpoints_compatible",
    "region:us"
  ],
  "downloads": 47440,
  "likes": 94,
  "modelId": "ahmedrachid/FinancialBERT-Sentiment-Analysis",
  "author": "ahmedrachid",
  "sha": "656931965473ec085d195680bd62687b140c038f",
  "lastModified": "2022-02-07T14:58:57.000Z",
  "gated": false,
  "disabled": false,
  "mask_token": "[MASK]",
  "widgetData": [
    {
      "text": "Operating profit rose to EUR 13.1 mn from EUR 8.7 mn in the corresponding period in 2007 representing 7.7 % of net sales."
    },
    {
      "text": "Bids or offers include at least 1,000 shares and the value of the shares must correspond to at least EUR 4,000."
    },
    {
      "text": "Raute reported a loss per share of EUR 0.86 for the first half of 2009 , against EPS of EUR 0.74 in the corresponding period of 2008."
    }
  ],
  "model-index": null,
  "config": {
    "architectures": [
      "BertForSequenceClassification"
    ],
    "model_type": "bert",
    "tokenizer_config": {
      "unk_token": "[UNK]",
      "sep_token": "[SEP]",
      "pad_token": "[PAD]",
      "cls_token": "[CLS]",
      "mask_token": "[MASK]"
    }
  },
  "cardData": {
    "language": "en",
    "tags": [
      "financial-sentiment-analysis",
      "sentiment-analysis"
    ],
    "datasets": [
      "financial_phrasebank"
    ],
    "widget": [
      {
        "text": "Operating profit rose to EUR 13.1 mn from EUR 8.7 mn in the corresponding period in 2007 representing 7.7 % of net sales."
      },
      {
        "text": "Bids or offers include at least 1,000 shares and the value of the shares must correspond to at least EUR 4,000."
      },
      {
        "text": "Raute reported a loss per share of EUR 0.86 for the first half of 2009 , against EPS of EUR 0.74 in the corresponding period of 2008."
      }
    ]
  },
  "transformersInfo": {
    "auto_model": "AutoModelForSequenceClassification",
    "pipeline_tag": "text-classification",
    "processor": "AutoTokenizer"
  },
  "siblings": [
    {
      "rfilename": ".gitattributes"
    },
    {
      "rfilename": "README.md"
    },
    {
      "rfilename": "config.json"
    },
    {
      "rfilename": "pytorch_model.bin"
    },
    {
      "rfilename": "special_tokens_map.json"
    },
    {
      "rfilename": "tokenizer.json"
    },
    {
      "rfilename": "tokenizer_config.json"
    },
    {
      "rfilename": "vocab.txt"
    }
  ],
  "spaces": [
    "r1391819/financial-researcher",
    "Agrimr/ahmedrachid-FinancialBERT-Sentiment-Analysis",
    "feliponi/stock",
    "NativeVex/large-language-models",
    "slachitoff/CS-GY_6613_Project",
    "NativeVex/milestone-3",
    "KishanKumar001/RoboRivals_SentiFin",
    "Agrimr/myapp",
    "Agrimr/myappinterfaceapi",
    "Agrimr/AIQA_Gradio",
    "Agrimr/AIQA2",
    "qarangersai/AI-Battleground23",
    "ankitsingha/financial-sentiment-analyser-app-using-gradio",
    "DikshaSingh/FinancialSentimentAnalysis",
    "jboyerjr/ahmedrachid-FinancialBERT-Sentiment-Analysis",
    "Sasiraj01/Financialnewssentimentanalysis",
    "Sasiraj01/financesentimentanalysis1"
  ],
  "createdAt": "2022-03-02T23:29:05.000Z",
  "inference": "warm",
  "usedStorage": 878146775
}