{
  "_id": "621ffdc136468d709f178e84",
  "id": "allenai/specter",
  "private": false,
  "pipeline_tag": "feature-extraction",
  "library_name": "transformers",
  "tags": [
    "transformers",
    "pytorch",
    "tf",
    "jax",
    "bert",
    "feature-extraction",
    "en",
    "dataset:SciDocs",
    "arxiv:2004.07180",
    "license:apache-2.0",
    "endpoints_compatible",
    "region:us"
  ],
  "downloads": 7965,
  "likes": 62,
  "modelId": "allenai/specter",
  "author": "allenai",
  "sha": "81cbfb43d4fc2e728d5b4201ce14987db8d0854c",
  "lastModified": "2023-10-18T04:19:07.000Z",
  "gated": false,
  "disabled": false,
  "mask_token": "[MASK]",
  "model-index": null,
  "config": {
    "architectures": [
      "BertModel"
    ],
    "model_type": "bert",
    "tokenizer_config": {
      "unk_token": "[UNK]",
      "sep_token": "[SEP]",
      "pad_token": "[PAD]",
      "cls_token": "[CLS]",
      "mask_token": "[MASK]"
    }
  },
  "cardData": {
    "language": "en",
    "thumbnail": "https://camo.githubusercontent.com/7d080b7a769f7fdf64ac0ebeb47b039cb50be35287e3071f9d633f0fe33e7596/68747470733a2f2f692e6962622e636f2f33544331576d472f737065637465722d6c6f676f2d63726f707065642e706e67",
    "license": "apache-2.0",
    "datasets": [
      "SciDocs"
    ],
    "metrics": [
      "F1",
      "accuracy",
      "map",
      "ndcg"
    ]
  },
  "transformersInfo": {
    "auto_model": "AutoModel",
    "pipeline_tag": "feature-extraction",
    "processor": "AutoTokenizer"
  },
  "siblings": [
    {
      "rfilename": ".gitattributes"
    },
    {
      "rfilename": "README.md"
    },
    {
      "rfilename": "config.json"
    },
    {
      "rfilename": "flax_model.msgpack"
    },
    {
      "rfilename": "pytorch_model.bin"
    },
    {
      "rfilename": "special_tokens_map.json"
    },
    {
      "rfilename": "tf_model.h5"
    },
    {
      "rfilename": "tokenizer_config.json"
    },
    {
      "rfilename": "vocab.txt"
    }
  ],
  "spaces": [
    "nazneen/datasets-explorer",
    "jskim/paper-matching",
    "gmshroff/gmserver",
    "jackss011/dnlp-demo",
    "gmshroff/icapp_space",
    "Ippo987/Paperlens"
  ],
  "createdAt": "2022-03-02T23:29:05.000Z",
  "usedStorage": 2639166418
}