{
  "_id": "652c8a94caddc9e608253d9b",
  "id": "amazon/MistralLite",
  "private": false,
  "pipeline_tag": "text-generation",
  "library_name": "transformers",
  "tags": [
    "transformers",
    "pytorch",
    "mistral",
    "text-generation",
    "license:apache-2.0",
    "autotrain_compatible",
    "text-generation-inference",
    "region:us"
  ],
  "downloads": 13945,
  "likes": 435,
  "modelId": "amazon/MistralLite",
  "author": "amazon",
  "sha": "a6083667f229a8b1503c816c863fd21be053871d",
  "lastModified": "2024-05-16T01:49:25.000Z",
  "gated": false,
  "disabled": false,
  "widgetData": [
    {
      "text": "My name is Julien and I like to"
    },
    {
      "text": "I like traveling by train because"
    },
    {
      "text": "Paris is an amazing place to visit,"
    },
    {
      "text": "Once upon a time,"
    }
  ],
  "model-index": null,
  "config": {
    "architectures": [
      "MistralForCausalLM"
    ],
    "model_type": "mistral",
    "tokenizer_config": {
      "bos_token": "<s>",
      "eos_token": "</s>",
      "pad_token": "[PAD]",
      "unk_token": "<unk>",
      "use_default_system_prompt": true
    }
  },
  "cardData": {
    "license": "apache-2.0",
    "inference": false
  },
  "transformersInfo": {
    "auto_model": "AutoModelForCausalLM",
    "pipeline_tag": "text-generation",
    "processor": "AutoTokenizer"
  },
  "siblings": [
    {
      "rfilename": ".gitattributes"
    },
    {
      "rfilename": "README.md"
    },
    {
      "rfilename": "config.json"
    },
    {
      "rfilename": "generation_config.json"
    },
    {
      "rfilename": "pytorch_model-00001-of-00002.bin"
    },
    {
      "rfilename": "pytorch_model-00002-of-00002.bin"
    },
    {
      "rfilename": "pytorch_model.bin.index.json"
    },
    {
      "rfilename": "special_tokens_map.json"
    },
    {
      "rfilename": "tokenizer.json"
    },
    {
      "rfilename": "tokenizer.model"
    },
    {
      "rfilename": "tokenizer_config.json"
    }
  ],
  "spaces": [
    "limcheekin/MistralLite-7B-GGUF",
    "omkar56/MistralLite-7B-GGUF_Duplicated",
    "iblfe/test",
    "milanmor/MajorPlato"
  ],
  "createdAt": "2023-10-16T00:57:56.000Z",
  "usedStorage": 43451273082
}