{
  "_id": "6759799ed862e62a825b5413",
  "id": "answerdotai/ModernBERT-base",
  "private": false,
  "pipeline_tag": "fill-mask",
  "library_name": "transformers",
  "tags": [
    "transformers",
    "pytorch",
    "onnx",
    "safetensors",
    "modernbert",
    "fill-mask",
    "masked-lm",
    "long-context",
    "en",
    "arxiv:2412.13663",
    "license:apache-2.0",
    "autotrain_compatible",
    "region:us"
  ],
  "downloads": 850829,
  "likes": 922,
  "modelId": "answerdotai/ModernBERT-base",
  "author": "answerdotai",
  "sha": "8949b909ec900327062f0ebf497f51aef5e6f0c8",
  "lastModified": "2025-01-15T20:11:48.000Z",
  "gated": false,
  "disabled": false,
  "widgetData": [
    {
      "text": "Paris is the <mask> of France."
    },
    {
      "text": "The goal of life is <mask>."
    }
  ],
  "model-index": null,
  "config": {
    "architectures": [
      "ModernBertForMaskedLM"
    ],
    "model_type": "modernbert",
    "tokenizer_config": {
      "cls_token": "[CLS]",
      "mask_token": "[MASK]",
      "pad_token": "[PAD]",
      "sep_token": "[SEP]",
      "unk_token": "[UNK]"
    }
  },
  "cardData": {
    "library_name": "transformers",
    "license": "apache-2.0",
    "language": [
      "en"
    ],
    "tags": [
      "fill-mask",
      "masked-lm",
      "long-context",
      "modernbert"
    ],
    "pipeline_tag": "fill-mask",
    "inference": false
  },
  "transformersInfo": {
    "auto_model": "AutoModelForMaskedLM",
    "pipeline_tag": "fill-mask",
    "processor": "AutoTokenizer"
  },
  "siblings": [
    {
      "rfilename": ".gitattributes"
    },
    {
      "rfilename": "README.md"
    },
    {
      "rfilename": "config.json"
    },
    {
      "rfilename": "model.safetensors"
    },
    {
      "rfilename": "onnx/model.onnx"
    },
    {
      "rfilename": "onnx/model_bnb4.onnx"
    },
    {
      "rfilename": "onnx/model_fp16.onnx"
    },
    {
      "rfilename": "onnx/model_int8.onnx"
    },
    {
      "rfilename": "onnx/model_q4.onnx"
    },
    {
      "rfilename": "onnx/model_q4f16.onnx"
    },
    {
      "rfilename": "onnx/model_quantized.onnx"
    },
    {
      "rfilename": "onnx/model_uint8.onnx"
    },
    {
      "rfilename": "pytorch_model.bin"
    },
    {
      "rfilename": "special_tokens_map.json"
    },
    {
      "rfilename": "tokenizer.json"
    },
    {
      "rfilename": "tokenizer_config.json"
    }
  ],
  "spaces": [
    "SzegedAI/AI_Detector",
    "eswardivi/ModernBert-Similarity",
    "tasksource/ModernBERT-zero-shot-nli",
    "pulkitmehtawork/modern_bert_large_fill_mask",
    "nanageona/answerdotai-ModernBERT-base",
    "Grompo/answerdotai-ModernBERT-base",
    "pulkitmehtawork/modern_bert_fill_mask",
    "MrSimple01/QuizGenerator",
    "syrtyrt/answerdotai-ModernBERT-base",
    "Hzqhssn/mBERT",
    "ssalb/story_generator",
    "axel-darmouni/submission-template",
    "Toughen1/AI_Detector",
    "DanGalt/code-comment-correctness-demo",
    "ypesk/frugal-ai-EURECOM-Submission-1",
    "MatthiasPicard/submission-bert",
    "ypesk/frugal-ai-EURECOM-Submission-2",
    "MatthiasPi/submission-bert",
    "frugal-ai-challenge/text-ypesk2",
    "frugal-ai-challenge/text-MatthiasPicard",
    "spawn99/wine-variety",
    "abdulmatinomotoso/AI_Detector",
    "Sonakshi2003/AI_Detector",
    "MrSimple01/1_full_demo_webinarium",
    "MrSimple01/2_full_demo_webinarium",
    "MrSimple01/SimpleLearn_2",
    "TejAndrewsACC/ACC_AI_Detector",
    "Eemansleepdeprived/aigtd",
    "DanaRabie2002/code-similarity-checker",
    "Sleepyriizi/Orify-Text-Detection",
    "mihalykiss/test",
    "Sleepyriizi/Orify-text-api",
    "deveshpunjabi/OpenAudit",
    "shiprocket-ai/multi-model-indian-address-ner",
    "mwiehl/AI_Detector_Batch_processing",
    "snyk-etso/prompt-injection-instruction-defense-challenge"
  ],
  "createdAt": "2024-12-11T11:38:06.000Z",
  "safetensors": {
    "parameters": {
      "F32": 149655232
    },
    "total": 149655232
  },
  "usedStorage": 5084307056
}