{
  "_id": "6759b5e9a9cfaefaabc087f1",
  "id": "answerdotai/ModernBERT-large",
  "private": false,
  "pipeline_tag": "fill-mask",
  "library_name": "transformers",
  "tags": [
    "transformers",
    "pytorch",
    "onnx",
    "safetensors",
    "modernbert",
    "fill-mask",
    "masked-lm",
    "long-context",
    "en",
    "arxiv:2412.13663",
    "license:apache-2.0",
    "autotrain_compatible",
    "region:us"
  ],
  "downloads": 175407,
  "likes": 419,
  "modelId": "answerdotai/ModernBERT-large",
  "author": "answerdotai",
  "sha": "45bb4654a4d5aaff24dd11d4781fa46d39bf8c13",
  "lastModified": "2025-01-15T20:11:27.000Z",
  "gated": false,
  "disabled": false,
  "widgetData": [
    {
      "text": "Paris is the <mask> of France."
    },
    {
      "text": "The goal of life is <mask>."
    }
  ],
  "model-index": null,
  "config": {
    "architectures": [
      "ModernBertForMaskedLM"
    ],
    "model_type": "modernbert",
    "tokenizer_config": {
      "cls_token": "[CLS]",
      "mask_token": "[MASK]",
      "pad_token": "[PAD]",
      "sep_token": "[SEP]",
      "unk_token": "[UNK]"
    }
  },
  "cardData": {
    "library_name": "transformers",
    "license": "apache-2.0",
    "language": [
      "en"
    ],
    "tags": [
      "fill-mask",
      "masked-lm",
      "long-context",
      "modernbert"
    ],
    "pipeline_tag": "fill-mask",
    "inference": false
  },
  "transformersInfo": {
    "auto_model": "AutoModelForMaskedLM",
    "pipeline_tag": "fill-mask",
    "processor": "AutoTokenizer"
  },
  "siblings": [
    {
      "rfilename": ".gitattributes"
    },
    {
      "rfilename": "README.md"
    },
    {
      "rfilename": "config.json"
    },
    {
      "rfilename": "model.safetensors"
    },
    {
      "rfilename": "onnx/model.onnx"
    },
    {
      "rfilename": "onnx/model_bnb4.onnx"
    },
    {
      "rfilename": "onnx/model_fp16.onnx"
    },
    {
      "rfilename": "onnx/model_int8.onnx"
    },
    {
      "rfilename": "onnx/model_q4.onnx"
    },
    {
      "rfilename": "onnx/model_q4f16.onnx"
    },
    {
      "rfilename": "onnx/model_quantized.onnx"
    },
    {
      "rfilename": "onnx/model_uint8.onnx"
    },
    {
      "rfilename": "pytorch_model.bin"
    },
    {
      "rfilename": "special_tokens_map.json"
    },
    {
      "rfilename": "tokenizer.json"
    },
    {
      "rfilename": "tokenizer_config.json"
    }
  ],
  "spaces": [
    "eswardivi/ModernBert-Similarity",
    "MasterDee/answerdotai-ModernBERT-large",
    "ypesk/frugal-ai-EURECOM-Submission-1",
    "ypesk/frugal-ai-EURECOM-Submission-2",
    "frugal-ai-challenge/text-ypesk2",
    "bakhil-aissa/prompt-injection-detector"
  ],
  "createdAt": "2024-12-11T15:55:21.000Z",
  "safetensors": {
    "parameters": {
      "F32": 395881664
    },
    "total": 395881664
  },
  "usedStorage": 12620047908
}