{
  "_id": "65f44de295b7d70871c368eb",
  "id": "BAAI/bge-reranker-v2-m3",
  "private": false,
  "pipeline_tag": "text-classification",
  "library_name": "sentence-transformers",
  "tags": [
    "sentence-transformers",
    "safetensors",
    "xlm-roberta",
    "text-classification",
    "transformers",
    "text-embeddings-inference",
    "multilingual",
    "arxiv:2312.15503",
    "arxiv:2402.03216",
    "license:apache-2.0",
    "region:us"
  ],
  "downloads": 2979236,
  "likes": 742,
  "modelId": "BAAI/bge-reranker-v2-m3",
  "author": "BAAI",
  "sha": "953dc6f6f85a1b2dbfca4c34a2796e7dde08d41e",
  "lastModified": "2024-06-24T14:08:45.000Z",
  "gated": false,
  "disabled": false,
  "mask_token": "<mask>",
  "model-index": null,
  "config": {
    "architectures": [
      "XLMRobertaForSequenceClassification"
    ],
    "model_type": "xlm-roberta",
    "tokenizer_config": {
      "bos_token": "<s>",
      "cls_token": "<s>",
      "eos_token": "</s>",
      "mask_token": "<mask>",
      "pad_token": "<pad>",
      "sep_token": "</s>",
      "unk_token": "<unk>"
    }
  },
  "cardData": {
    "license": "apache-2.0",
    "pipeline_tag": "text-classification",
    "tags": [
      "transformers",
      "sentence-transformers",
      "text-embeddings-inference"
    ],
    "language": [
      "multilingual"
    ]
  },
  "transformersInfo": {
    "auto_model": "AutoModelForSequenceClassification",
    "pipeline_tag": "text-classification",
    "processor": "AutoTokenizer"
  },
  "siblings": [
    {
      "rfilename": ".gitattributes"
    },
    {
      "rfilename": "README.md"
    },
    {
      "rfilename": "assets/BEIR-bge-en-v1.5.png"
    },
    {
      "rfilename": "assets/BEIR-e5-mistral.png"
    },
    {
      "rfilename": "assets/CMTEB-retrieval-bge-zh-v1.5.png"
    },
    {
      "rfilename": "assets/llama-index.png"
    },
    {
      "rfilename": "assets/miracl-bge-m3.png"
    },
    {
      "rfilename": "config.json"
    },
    {
      "rfilename": "model.safetensors"
    },
    {
      "rfilename": "sentencepiece.bpe.model"
    },
    {
      "rfilename": "special_tokens_map.json"
    },
    {
      "rfilename": "tokenizer.json"
    },
    {
      "rfilename": "tokenizer_config.json"
    }
  ],
  "spaces": [
    "lightmate/llm-chatbot",
    "GIZ/audit_assistant",
    "TheJimmy/ai-builder-bookIdentifier-HF",
    "aihuashanying/aileeao",
    "sadaisystems/sdmrec-docker",
    "Shriharshan/Autism-RAG",
    "ziyingsk/BW_RAG",
    "DanHX/KHome",
    "Runnies23/AI_Builder",
    "LukaBondi/osuosutesttest",
    "vadjs/rag-homework",
    "SebastianSchramm/qa-api",
    "lintasmediadanawa/hf-llm-api",
    "zxsipola123456/ragflow",
    "ldd12/BAAI-bge-reranker-v2-m3",
    "jeongsk/WDS-QA-Bot",
    "JiakaiDu/RAG_Test",
    "EbeshaAI/dummy-license-plate",
    "EbeshaAI/dummy-license-plate-2",
    "EbeshaAI/dummy-license-plate-api",
    "EbeshaAI/dummy-license-plate-api-2",
    "retopara/ragflow",
    "fikriazain/Hemodialysis-Bot",
    "Adhin/HemoVDB",
    "aihuashanying/aileeao_test",
    "samlax12/agent",
    "Starowo/ragflow",
    "Korawan/domae02",
    "gabor1/bge-reranker-api",
    "daniel-dona/sparql-era-demo-zerogpu",
    "Ambika0905/testt",
    "zakir0605/zak",
    "Vanajamuthaiyan/DS",
    "Vanajamuthaiyan/VM",
    "aipatseer/bge-reranker-v2-m3-Endpoint",
    "rm-lht/lightrag",
    "PercivalFletcher/Chai-Tea-Latte",
    "IZOARA/Chatbot-RAGv2",
    "azzmannorelimane/airjobit-cv-matcher",
    "azzmannorelimane/airjobit-cv-matcher1"
  ],
  "createdAt": "2024-03-15T13:32:18.000Z",
  "safetensors": {
    "parameters": {
      "F32": 567755777
    },
    "total": 567755777
  },
  "usedStorage": 7403932631
}