{
  "_id": "650015a612c1442d9930ad41",
  "id": "BAAI/bge-reranker-large",
  "private": false,
  "pipeline_tag": "feature-extraction",
  "library_name": "transformers",
  "tags": [
    "transformers",
    "pytorch",
    "onnx",
    "safetensors",
    "xlm-roberta",
    "text-classification",
    "mteb",
    "feature-extraction",
    "en",
    "zh",
    "arxiv:2401.03462",
    "arxiv:2312.15503",
    "arxiv:2311.13534",
    "arxiv:2310.07554",
    "arxiv:2309.07597",
    "license:mit",
    "model-index",
    "autotrain_compatible",
    "text-embeddings-inference",
    "endpoints_compatible",
    "region:us"
  ],
  "downloads": 667230,
  "likes": 412,
  "modelId": "BAAI/bge-reranker-large",
  "author": "BAAI",
  "sha": "55611d7bca2a7133960a6d3b71e083071bbfc312",
  "lastModified": "2024-05-11T13:39:02.000Z",
  "gated": false,
  "disabled": false,
  "mask_token": "<mask>",
  "model-index": [
    {
      "name": "bge-reranker-base",
      "results": [
        {
          "task": {
            "type": "Reranking"
          },
          "dataset": {
            "type": "C-MTEB/CMedQAv1-reranking",
            "name": "MTEB CMedQAv1",
            "config": "default",
            "split": "test",
            "revision": "None"
          },
          "metrics": [
            {
              "type": "map",
              "value": 81.27206722525007,
              "verified": false
            },
            {
              "type": "mrr",
              "value": 84.14238095238095,
              "verified": false
            }
          ]
        },
        {
          "task": {
            "type": "Reranking"
          },
          "dataset": {
            "type": "C-MTEB/CMedQAv2-reranking",
            "name": "MTEB CMedQAv2",
            "config": "default",
            "split": "test",
            "revision": "None"
          },
          "metrics": [
            {
              "type": "map",
              "value": 84.10369934291236,
              "verified": false
            },
            {
              "type": "mrr",
              "value": 86.79376984126984,
              "verified": false
            }
          ]
        },
        {
          "task": {
            "type": "Reranking"
          },
          "dataset": {
            "type": "C-MTEB/Mmarco-reranking",
            "name": "MTEB MMarcoReranking",
            "config": "default",
            "split": "dev",
            "revision": "None"
          },
          "metrics": [
            {
              "type": "map",
              "value": 35.4600511272538,
              "verified": false
            },
            {
              "type": "mrr",
              "value": 34.60238095238095,
              "verified": false
            }
          ]
        },
        {
          "task": {
            "type": "Reranking"
          },
          "dataset": {
            "type": "C-MTEB/T2Reranking",
            "name": "MTEB T2Reranking",
            "config": "default",
            "split": "dev",
            "revision": "None"
          },
          "metrics": [
            {
              "type": "map",
              "value": 67.27728847727172,
              "verified": false
            },
            {
              "type": "mrr",
              "value": 77.1315192743764,
              "verified": false
            }
          ]
        }
      ]
    }
  ],
  "config": {
    "architectures": [
      "XLMRobertaForSequenceClassification"
    ],
    "model_type": "xlm-roberta",
    "tokenizer_config": {
      "bos_token": "<s>",
      "cls_token": "<s>",
      "eos_token": "</s>",
      "mask_token": {
        "__type": "AddedToken",
        "content": "<mask>",
        "lstrip": true,
        "normalized": true,
        "rstrip": false,
        "single_word": false
      },
      "pad_token": "<pad>",
      "sep_token": "</s>",
      "unk_token": "<unk>"
    }
  },
  "cardData": {
    "license": "mit",
    "language": [
      "en",
      "zh"
    ],
    "tags": [
      "mteb"
    ],
    "model-index": [
      {
        "name": "bge-reranker-base",
        "results": [
          {
            "task": {
              "type": "Reranking"
            },
            "dataset": {
              "type": "C-MTEB/CMedQAv1-reranking",
              "name": "MTEB CMedQAv1",
              "config": "default",
              "split": "test",
              "revision": "None"
            },
            "metrics": [
              {
                "type": "map",
                "value": 81.27206722525007,
                "verified": false
              },
              {
                "type": "mrr",
                "value": 84.14238095238095,
                "verified": false
              }
            ]
          },
          {
            "task": {
              "type": "Reranking"
            },
            "dataset": {
              "type": "C-MTEB/CMedQAv2-reranking",
              "name": "MTEB CMedQAv2",
              "config": "default",
              "split": "test",
              "revision": "None"
            },
            "metrics": [
              {
                "type": "map",
                "value": 84.10369934291236,
                "verified": false
              },
              {
                "type": "mrr",
                "value": 86.79376984126984,
                "verified": false
              }
            ]
          },
          {
            "task": {
              "type": "Reranking"
            },
            "dataset": {
              "type": "C-MTEB/Mmarco-reranking",
              "name": "MTEB MMarcoReranking",
              "config": "default",
              "split": "dev",
              "revision": "None"
            },
            "metrics": [
              {
                "type": "map",
                "value": 35.4600511272538,
                "verified": false
              },
              {
                "type": "mrr",
                "value": 34.60238095238095,
                "verified": false
              }
            ]
          },
          {
            "task": {
              "type": "Reranking"
            },
            "dataset": {
              "type": "C-MTEB/T2Reranking",
              "name": "MTEB T2Reranking",
              "config": "default",
              "split": "dev",
              "revision": "None"
            },
            "metrics": [
              {
                "type": "map",
                "value": 67.27728847727172,
                "verified": false
              },
              {
                "type": "mrr",
                "value": 77.1315192743764,
                "verified": false
              }
            ]
          }
        ]
      }
    ],
    "pipeline_tag": "feature-extraction"
  },
  "transformersInfo": {
    "auto_model": "AutoModelForSequenceClassification",
    "pipeline_tag": "text-classification",
    "processor": "AutoTokenizer"
  },
  "siblings": [
    {
      "rfilename": ".gitattributes"
    },
    {
      "rfilename": "README.md"
    },
    {
      "rfilename": "config.json"
    },
    {
      "rfilename": "model.safetensors"
    },
    {
      "rfilename": "onnx/model.onnx"
    },
    {
      "rfilename": "onnx/model.onnx_data"
    },
    {
      "rfilename": "pytorch_model.bin"
    },
    {
      "rfilename": "sentencepiece.bpe.model"
    },
    {
      "rfilename": "special_tokens_map.json"
    },
    {
      "rfilename": "tokenizer.json"
    },
    {
      "rfilename": "tokenizer_config.json"
    }
  ],
  "spaces": [
    "mteb/leaderboard",
    "mteb/leaderboard_legacy",
    "lightmate/llm-chatbot",
    "sambanovasystems/enterprise_knowledge_retriever",
    "Zulelee/langchain-chatchat",
    "rk68/HyPA-RAG",
    "malvika2003/openvino_notebooks",
    "LISA-Kadi/LISA-demo",
    "CjangCjengh/Prompt-Compression-Toolbox",
    "SmileXing/leaderboard",
    "gauravprasadgp/genai",
    "JerryLiJinyi/Prompt-Compression-Toolbox",
    "z00mP/Simple-RAG-solution",
    "LevGervich/rag_time",
    "acrobatlm/ai_bootcamp_midterm",
    "lillybak/NVIDIA-RAG",
    "waleko/rag-transformers",
    "egoz/myrag",
    "berliozmeister/study",
    "JoseAntonioBarrancoBernabe/TFMUOC",
    "ApInvent/hw-gradio-ui",
    "kartavya23/GitChat",
    "anthopit/octovision-rag",
    "ZoniaChatbot/ZoniaQwen",
    "JiakaiDu/RAG_Test",
    "anikettty/blackbox",
    "holistic-ai/HyPA-RAG",
    "MaksymOrlianskyi/NLP6",
    "DenysPetro/RAG_NLP",
    "sq66/leaderboard_legacy",
    "tanbushi/reranker",
    "zhuhai111/Toursim-Test",
    "q275343119/leaderboard",
    "tomlrogers/esa-multimodal-rag",
    "AyushM6/leaderboard",
    "ChaitanyaSubhakar/RAG_Search_Engine_for_Wikipedia",
    "mariiosrg/chatbot_hukum_pidana_indonesia",
    "shiwan7788/leaderboard",
    "quang4869/ragchatbot",
    "Chengyanci/11",
    "yanciyuyu/1",
    "Aviralansh/AccessLaw",
    "Aviralansh/AccessLaw-DOC",
    "n8n-1/8",
    "reader-1/1",
    "mallankg/hackrx",
    "Kartikgarg00/insurance-chatbot",
    "I-DEEPANSHU/hahaha",
    "Hesamnasiri/testRAG",
    "zkhotanlou/RAG_Dice",
    "lilovezeng/ke-rag-rerank"
  ],
  "createdAt": "2023-09-12T07:39:18.000Z",
  "safetensors": {
    "parameters": {
      "I64": 514,
      "F32": 559891457
    },
    "total": 559891971
  },
  "inference": "warm",
  "usedStorage": 7321697580
}