{
  "_id": "635bc5de1a1cf10f9e58250d",
  "id": "consciousAI/question-answering-generative-t5-v1-base-s-q-c",
  "private": false,
  "library_name": "transformers",
  "tags": [
    "transformers",
    "pytorch",
    "tensorboard",
    "safetensors",
    "t5",
    "text2text-generation",
    "Question Answering",
    "text-generation-inference",
    "endpoints_compatible",
    "region:us"
  ],
  "downloads": 19,
  "likes": 6,
  "modelId": "consciousAI/question-answering-generative-t5-v1-base-s-q-c",
  "author": "consciousAI",
  "sha": "990efb48dbfb25b381316124a108d55d90bc2599",
  "lastModified": "2023-03-17T16:54:17.000Z",
  "gated": false,
  "disabled": false,
  "model-index": [
    {
      "name": "question-answering-generative-t5-v1-base-s-q-c",
      "results": []
    }
  ],
  "config": {
    "architectures": [
      "T5ForConditionalGeneration"
    ],
    "model_type": "t5",
    "tokenizer_config": {
      "eos_token": "</s>",
      "pad_token": "<pad>",
      "unk_token": "<unk>"
    }
  },
  "cardData": {
    "tags": [
      "Question Answering"
    ],
    "metrics": [
      "rouge"
    ],
    "model-index": [
      {
        "name": "question-answering-generative-t5-v1-base-s-q-c",
        "results": []
      }
    ]
  },
  "transformersInfo": {
    "auto_model": "AutoModelForSeq2SeqLM",
    "pipeline_tag": "text2text-generation",
    "processor": "AutoTokenizer"
  },
  "siblings": [
    {
      "rfilename": ".gitattributes"
    },
    {
      "rfilename": ".gitignore"
    },
    {
      "rfilename": "README.md"
    },
    {
      "rfilename": "config.json"
    },
    {
      "rfilename": "eval_results.txt"
    },
    {
      "rfilename": "model.safetensors"
    },
    {
      "rfilename": "pytorch_model.bin"
    },
    {
      "rfilename": "runs/Oct28_12-13-16_efb1af604bb8/1666959203.8103611/events.out.tfevents.1666959203.efb1af604bb8.1670.1"
    },
    {
      "rfilename": "runs/Oct28_12-13-16_efb1af604bb8/events.out.tfevents.1666959203.efb1af604bb8.1670.0"
    },
    {
      "rfilename": "runs/Oct28_12-13-16_efb1af604bb8/events.out.tfevents.1667058538.efb1af604bb8.1670.2"
    },
    {
      "rfilename": "special_tokens_map.json"
    },
    {
      "rfilename": "spiece.model"
    },
    {
      "rfilename": "tokenizer.json"
    },
    {
      "rfilename": "tokenizer_config.json"
    },
    {
      "rfilename": "training_args.bin"
    }
  ],
  "spaces": [
    "consciousAI/question_answering"
  ],
  "createdAt": "2022-10-28T12:06:54.000Z",
  "safetensors": {
    "parameters": {
      "F32": 247577856
    },
    "total": 247577856
  },
  "usedStorage": 1981583281
}