{
  "_id": "621ffdc136468d709f17a224",
  "id": "cross-encoder/stsb-distilroberta-base",
  "private": false,
  "pipeline_tag": "text-ranking",
  "library_name": "sentence-transformers",
  "tags": [
    "sentence-transformers",
    "pytorch",
    "jax",
    "onnx",
    "safetensors",
    "openvino",
    "roberta",
    "text-classification",
    "transformers",
    "text-ranking",
    "en",
    "dataset:sentence-transformers/stsb",
    "base_model:distilbert/distilroberta-base",
    "base_model:quantized:distilbert/distilroberta-base",
    "license:apache-2.0",
    "region:us"
  ],
  "downloads": 260815,
  "likes": 6,
  "modelId": "cross-encoder/stsb-distilroberta-base",
  "author": "cross-encoder",
  "sha": "6b71347df6e2b34246b53e06d6bce70ef67de368",
  "lastModified": "2025-04-15T08:19:49.000Z",
  "gated": false,
  "disabled": false,
  "mask_token": "<mask>",
  "model-index": null,
  "config": {
    "architectures": [
      "RobertaForSequenceClassification"
    ],
    "model_type": "roberta",
    "tokenizer_config": {
      "bos_token": "<s>",
      "cls_token": "<s>",
      "eos_token": "</s>",
      "mask_token": "<mask>",
      "pad_token": "<pad>",
      "sep_token": "</s>",
      "unk_token": "<unk>"
    },
    "additional_chat_templates": {}
  },
  "cardData": {
    "license": "apache-2.0",
    "datasets": [
      "sentence-transformers/stsb"
    ],
    "language": [
      "en"
    ],
    "base_model": [
      "distilbert/distilroberta-base"
    ],
    "pipeline_tag": "text-ranking",
    "library_name": "sentence-transformers",
    "tags": [
      "transformers"
    ]
  },
  "transformersInfo": {
    "auto_model": "AutoModelForSequenceClassification",
    "pipeline_tag": "text-classification",
    "processor": "AutoTokenizer"
  },
  "siblings": [
    {
      "rfilename": ".gitattributes"
    },
    {
      "rfilename": "CECorrelationEvaluator_sts-dev_results.csv"
    },
    {
      "rfilename": "README.md"
    },
    {
      "rfilename": "config.json"
    },
    {
      "rfilename": "flax_model.msgpack"
    },
    {
      "rfilename": "merges.txt"
    },
    {
      "rfilename": "model.safetensors"
    },
    {
      "rfilename": "onnx/model.onnx"
    },
    {
      "rfilename": "onnx/model_O1.onnx"
    },
    {
      "rfilename": "onnx/model_O2.onnx"
    },
    {
      "rfilename": "onnx/model_O3.onnx"
    },
    {
      "rfilename": "onnx/model_O4.onnx"
    },
    {
      "rfilename": "onnx/model_qint8_arm64.onnx"
    },
    {
      "rfilename": "onnx/model_qint8_avx512.onnx"
    },
    {
      "rfilename": "onnx/model_qint8_avx512_vnni.onnx"
    },
    {
      "rfilename": "onnx/model_quint8_avx2.onnx"
    },
    {
      "rfilename": "openvino/openvino_model.bin"
    },
    {
      "rfilename": "openvino/openvino_model.xml"
    },
    {
      "rfilename": "openvino/openvino_model_qint8_quantized.bin"
    },
    {
      "rfilename": "openvino/openvino_model_qint8_quantized.xml"
    },
    {
      "rfilename": "pytorch_model.bin"
    },
    {
      "rfilename": "special_tokens_map.json"
    },
    {
      "rfilename": "tokenizer.json"
    },
    {
      "rfilename": "tokenizer_config.json"
    },
    {
      "rfilename": "vocab.json"
    }
  ],
  "spaces": [
    "alronlam/bible-search",
    "ksvmuralidhar/similar-news-sentence-transformer1",
    "gofeco/support",
    "lalithadevi/latest_news_backend_with_cat_pred_similar_news_"
  ],
  "createdAt": "2022-03-02T23:29:05.000Z",
  "safetensors": {
    "parameters": {
      "I64": 514,
      "F32": 82119169
    },
    "total": 82119683
  },
  "usedStorage": 3041014505
}