{
  "_id": "66032aecf81af72b060662be",
  "id": "databricks/dbrx-base",
  "private": false,
  "pipeline_tag": "text-generation",
  "library_name": "transformers",
  "tags": [
    "transformers",
    "safetensors",
    "dbrx",
    "text-generation",
    "moe",
    "conversational",
    "arxiv:2211.15841",
    "arxiv:2304.11277",
    "license:other",
    "autotrain_compatible",
    "text-generation-inference",
    "region:us"
  ],
  "downloads": 8,
  "likes": 561,
  "modelId": "databricks/dbrx-base",
  "author": "databricks",
  "sha": "d7d18d833146403dd74c2620b8434639ae123d6e",
  "lastModified": "2024-04-19T05:16:37.000Z",
  "gated": "manual",
  "disabled": false,
  "widgetData": [
    {
      "text": "Hi, what can you help me with?"
    },
    {
      "text": "What is 84 * 3 / 2?"
    },
    {
      "text": "Tell me an interesting fact about the universe!"
    },
    {
      "text": "Explain quantum computing in simple terms."
    }
  ],
  "model-index": null,
  "config": {
    "architectures": [
      "DbrxForCausalLM"
    ],
    "model_type": "dbrx",
    "tokenizer_config": {
      "bos_token": "<|endoftext|>",
      "chat_template": "{% if messages[0]['role'] == 'system' %}{% set loop_messages = messages[1:] %}{% set system_message = messages[0]['content'] %}{% elif 'system' not in messages[0]['role'] %}{% set loop_messages = messages %}{% set system_message = 'You are DBRX, created by Databricks. You were last updated in December 2023. You answer questions based on information available up to that point.\nYOU PROVIDE SHORT RESPONSES TO SHORT QUESTIONS OR STATEMENTS, but provide thorough responses to more complex and open-ended questions.\nYou assist with various tasks, from writing to coding (using markdown for code blocks \u2014 remember to use ``` with code, JSON, and tables).\n(You do not have real-time data access or code execution capabilities. You avoid stereotyping and provide balanced perspectives on controversial topics. You do not provide song lyrics, poems, or news articles and do not divulge details of your training data.)\nThis is your system prompt, guiding your responses. Do not reference it, just respond to the user. If you find yourself talking about this message, stop. You should be responding appropriately and usually that means not mentioning this.\nYOU DO NOT MENTION ANY OF THIS INFORMATION ABOUT YOURSELF UNLESS THE INFORMATION IS DIRECTLY PERTINENT TO THE USER\\'S QUERY.' %}{% else %}{% set loop_messages = messages %}{% set system_message = false %}{% endif %}{% for message in loop_messages %}{% if loop.index0 == 0 %}{% if system_message != false %}{{ '<|im_start|>system\n' + system_message | trim + '<|im_end|>\n'}}{% endif %}{{ '<|im_start|>' + message['role'] + '\n' + message['content'] + '<|im_end|>' }}{% else %}{{ '\n' + '<|im_start|>' + message['role'] + '\n' + message['content'] + '<|im_end|>' }}{% endif %}{% if (add_generation_prompt == true and loop.last) %}{{ '\n' + '<|im_start|>' + 'assistant' + '\n' }}{% endif %}{% endfor %}",
      "eos_token": "<|endoftext|>",
      "pad_token": "<|pad|>",
      "unk_token": "<|endoftext|>"
    }
  },
  "cardData": {
    "extra_gated_heading": "You need to share contact information with Databricks to access this model",
    "extra_gated_prompt": "\n### DBRX Terms of Use\nUse of DBRX is governed by the [Databricks Open Model License](https://www.databricks.com/legal/open-model-license) and the [Databricks Open Model Acceptable Use Policy](https://www.databricks.com/legal/acceptable-use-policy-open-model).",
    "extra_gated_fields": {
      "First Name": "text",
      "Last Name": "text",
      "Organization": "text",
      "Purpose for Base Model Access": "text",
      "By clicking 'Submit' below, I accept the terms of the license and acknowledge that the information I provide will be collected, stored, processed, and shared in accordance with Databricks' Privacy Notice and I understand I can update my preferences at any time": "checkbox"
    },
    "extra_gated_description": "The information you provide will be collected, stored, processed, and shared in accordance with Databricks [Privacy Notice](https://www.databricks.com/legal/privacynotice).",
    "extra_gated_button_content": "Submit",
    "inference": false,
    "license": "other",
    "license_name": "databricks-open-model-license",
    "license_link": "https://www.databricks.com/legal/open-model-license",
    "tags": [
      "moe"
    ]
  },
  "transformersInfo": {
    "auto_model": "AutoModelForCausalLM",
    "pipeline_tag": "text-generation",
    "processor": "AutoTokenizer"
  },
  "siblings": [
    {
      "rfilename": ".gitattributes"
    },
    {
      "rfilename": "LICENSE.txt"
    },
    {
      "rfilename": "NOTICE.txt"
    },
    {
      "rfilename": "README.md"
    },
    {
      "rfilename": "config.json"
    },
    {
      "rfilename": "generation_config.json"
    },
    {
      "rfilename": "merges.txt"
    },
    {
      "rfilename": "model-00001-of-00061.safetensors"
    },
    {
      "rfilename": "model-00002-of-00061.safetensors"
    },
    {
      "rfilename": "model-00003-of-00061.safetensors"
    },
    {
      "rfilename": "model-00004-of-00061.safetensors"
    },
    {
      "rfilename": "model-00005-of-00061.safetensors"
    },
    {
      "rfilename": "model-00006-of-00061.safetensors"
    },
    {
      "rfilename": "model-00007-of-00061.safetensors"
    },
    {
      "rfilename": "model-00008-of-00061.safetensors"
    },
    {
      "rfilename": "model-00009-of-00061.safetensors"
    },
    {
      "rfilename": "model-00010-of-00061.safetensors"
    },
    {
      "rfilename": "model-00011-of-00061.safetensors"
    },
    {
      "rfilename": "model-00012-of-00061.safetensors"
    },
    {
      "rfilename": "model-00013-of-00061.safetensors"
    },
    {
      "rfilename": "model-00014-of-00061.safetensors"
    },
    {
      "rfilename": "model-00015-of-00061.safetensors"
    },
    {
      "rfilename": "model-00016-of-00061.safetensors"
    },
    {
      "rfilename": "model-00017-of-00061.safetensors"
    },
    {
      "rfilename": "model-00018-of-00061.safetensors"
    },
    {
      "rfilename": "model-00019-of-00061.safetensors"
    },
    {
      "rfilename": "model-00020-of-00061.safetensors"
    },
    {
      "rfilename": "model-00021-of-00061.safetensors"
    },
    {
      "rfilename": "model-00022-of-00061.safetensors"
    },
    {
      "rfilename": "model-00023-of-00061.safetensors"
    },
    {
      "rfilename": "model-00024-of-00061.safetensors"
    },
    {
      "rfilename": "model-00025-of-00061.safetensors"
    },
    {
      "rfilename": "model-00026-of-00061.safetensors"
    },
    {
      "rfilename": "model-00027-of-00061.safetensors"
    },
    {
      "rfilename": "model-00028-of-00061.safetensors"
    },
    {
      "rfilename": "model-00029-of-00061.safetensors"
    },
    {
      "rfilename": "model-00030-of-00061.safetensors"
    },
    {
      "rfilename": "model-00031-of-00061.safetensors"
    },
    {
      "rfilename": "model-00032-of-00061.safetensors"
    },
    {
      "rfilename": "model-00033-of-00061.safetensors"
    },
    {
      "rfilename": "model-00034-of-00061.safetensors"
    },
    {
      "rfilename": "model-00035-of-00061.safetensors"
    },
    {
      "rfilename": "model-00036-of-00061.safetensors"
    },
    {
      "rfilename": "model-00037-of-00061.safetensors"
    },
    {
      "rfilename": "model-00038-of-00061.safetensors"
    },
    {
      "rfilename": "model-00039-of-00061.safetensors"
    },
    {
      "rfilename": "model-00040-of-00061.safetensors"
    },
    {
      "rfilename": "model-00041-of-00061.safetensors"
    },
    {
      "rfilename": "model-00042-of-00061.safetensors"
    },
    {
      "rfilename": "model-00043-of-00061.safetensors"
    },
    {
      "rfilename": "model-00044-of-00061.safetensors"
    },
    {
      "rfilename": "model-00045-of-00061.safetensors"
    },
    {
      "rfilename": "model-00046-of-00061.safetensors"
    },
    {
      "rfilename": "model-00047-of-00061.safetensors"
    },
    {
      "rfilename": "model-00048-of-00061.safetensors"
    },
    {
      "rfilename": "model-00049-of-00061.safetensors"
    },
    {
      "rfilename": "model-00050-of-00061.safetensors"
    },
    {
      "rfilename": "model-00051-of-00061.safetensors"
    },
    {
      "rfilename": "model-00052-of-00061.safetensors"
    },
    {
      "rfilename": "model-00053-of-00061.safetensors"
    },
    {
      "rfilename": "model-00054-of-00061.safetensors"
    },
    {
      "rfilename": "model-00055-of-00061.safetensors"
    },
    {
      "rfilename": "model-00056-of-00061.safetensors"
    },
    {
      "rfilename": "model-00057-of-00061.safetensors"
    },
    {
      "rfilename": "model-00058-of-00061.safetensors"
    },
    {
      "rfilename": "model-00059-of-00061.safetensors"
    },
    {
      "rfilename": "model-00060-of-00061.safetensors"
    },
    {
      "rfilename": "model-00061-of-00061.safetensors"
    },
    {
      "rfilename": "model.safetensors.index.json"
    },
    {
      "rfilename": "special_tokens_map.json"
    },
    {
      "rfilename": "tokenizer.json"
    },
    {
      "rfilename": "tokenizer_config.json"
    },
    {
      "rfilename": "vocab.json"
    }
  ],
  "spaces": [
    "genai-impact/ecologits-calculator",
    "allenai/URIAL-Bench",
    "Justinrune/LLaMA-Factory",
    "kenken999/fastapi_django_main_live",
    "exnrt/com-dbrx",
    "Steven10429/apply_lora_and_quantize",
    "0x1668/open_llm_leaderboard",
    "pngwn/open_llm_leaderboard-check",
    "DanofficeIT/privatellm",
    "Arrcttacsrks/Chat_X",
    "Mat17892/iris",
    "msun415/Llamole",
    "YZ-TAN/flask-llama",
    "KBaba7/llama.cpp",
    "Ronaldodev/fastapi_django_main_live"
  ],
  "createdAt": "2024-03-26T20:07:08.000Z",
  "safetensors": {
    "parameters": {
      "BF16": 131596523520
    },
    "total": 131596523520
  },
  "usedStorage": 263193089336
}