{
  "_id": "621ffdc136468d709f17a60b",
  "id": "deepset/xlm-roberta-large-squad2",
  "private": false,
  "pipeline_tag": "question-answering",
  "library_name": "transformers",
  "tags": [
    "transformers",
    "pytorch",
    "safetensors",
    "xlm-roberta",
    "question-answering",
    "multilingual",
    "dataset:squad_v2",
    "license:cc-by-4.0",
    "model-index",
    "endpoints_compatible",
    "region:us"
  ],
  "downloads": 66710,
  "likes": 51,
  "modelId": "deepset/xlm-roberta-large-squad2",
  "author": "deepset",
  "sha": "dafe59921a75cdffc06ed3ad6e45c581b22b85cc",
  "lastModified": "2024-09-26T10:53:55.000Z",
  "gated": false,
  "disabled": false,
  "mask_token": "<mask>",
  "model-index": [
    {
      "name": "deepset/xlm-roberta-large-squad2",
      "results": [
        {
          "task": {
            "type": "question-answering",
            "name": "Question Answering"
          },
          "dataset": {
            "name": "squad_v2",
            "type": "squad_v2",
            "config": "squad_v2",
            "split": "validation"
          },
          "metrics": [
            {
              "type": "exact_match",
              "value": 81.8281,
              "name": "Exact Match",
              "verified": true,
              "verifyToken": "eyJhbGciOiJFZERTQSIsInR5cCI6IkpXVCJ9.eyJoYXNoIjoiNzVhZDE2NTg5NmUwOWRkMmI2MGUxYjFlZjIzNmMyNDQ2MDY2MDNhYzE0ZjY5YTkyY2U4ODc3ODFiZjQxZWQ2YSIsInZlcnNpb24iOjF9.f_rN3WPMAdv-OBPz0T7N7lOxYz9f1nEr_P-vwKhi3jNdRKp_JTy18MYR9eyJM2riKHC6_ge-8XwfyrUf51DSDA"
            },
            {
              "type": "f1",
              "value": 84.8886,
              "name": "F1",
              "verified": true,
              "verifyToken": "eyJhbGciOiJFZERTQSIsInR5cCI6IkpXVCJ9.eyJoYXNoIjoiZGE5MWJmZGUxMGMwNWFhYzVhZjQwZGEwOWQ4N2Q2Yjg5NzdjNDFiNDhiYTQ1Y2E5ZWJkOTFhYmI1Y2Q2ZGYwOCIsInZlcnNpb24iOjF9.TIdH-tOx3kEMDs5wK1r6iwZqqSjNGlBrpawrsE917j1F3UFJVnQ7wJwaj0OIgmC4iw8OQeLZL56ucBcLApa-AQ"
            }
          ]
        }
      ]
    }
  ],
  "config": {
    "architectures": [
      "XLMRobertaForQuestionAnswering"
    ],
    "model_type": "xlm-roberta",
    "tokenizer_config": {}
  },
  "cardData": {
    "language": "multilingual",
    "license": "cc-by-4.0",
    "tags": [
      "question-answering"
    ],
    "datasets": [
      "squad_v2"
    ],
    "model-index": [
      {
        "name": "deepset/xlm-roberta-large-squad2",
        "results": [
          {
            "task": {
              "type": "question-answering",
              "name": "Question Answering"
            },
            "dataset": {
              "name": "squad_v2",
              "type": "squad_v2",
              "config": "squad_v2",
              "split": "validation"
            },
            "metrics": [
              {
                "type": "exact_match",
                "value": 81.8281,
                "name": "Exact Match",
                "verified": true,
                "verifyToken": "eyJhbGciOiJFZERTQSIsInR5cCI6IkpXVCJ9.eyJoYXNoIjoiNzVhZDE2NTg5NmUwOWRkMmI2MGUxYjFlZjIzNmMyNDQ2MDY2MDNhYzE0ZjY5YTkyY2U4ODc3ODFiZjQxZWQ2YSIsInZlcnNpb24iOjF9.f_rN3WPMAdv-OBPz0T7N7lOxYz9f1nEr_P-vwKhi3jNdRKp_JTy18MYR9eyJM2riKHC6_ge-8XwfyrUf51DSDA"
              },
              {
                "type": "f1",
                "value": 84.8886,
                "name": "F1",
                "verified": true,
                "verifyToken": "eyJhbGciOiJFZERTQSIsInR5cCI6IkpXVCJ9.eyJoYXNoIjoiZGE5MWJmZGUxMGMwNWFhYzVhZjQwZGEwOWQ4N2Q2Yjg5NzdjNDFiNDhiYTQ1Y2E5ZWJkOTFhYmI1Y2Q2ZGYwOCIsInZlcnNpb24iOjF9.TIdH-tOx3kEMDs5wK1r6iwZqqSjNGlBrpawrsE917j1F3UFJVnQ7wJwaj0OIgmC4iw8OQeLZL56ucBcLApa-AQ"
              }
            ]
          }
        ]
      }
    ]
  },
  "transformersInfo": {
    "auto_model": "AutoModelForQuestionAnswering",
    "pipeline_tag": "question-answering",
    "processor": "AutoTokenizer"
  },
  "siblings": [
    {
      "rfilename": ".gitattributes"
    },
    {
      "rfilename": "README.md"
    },
    {
      "rfilename": "config.json"
    },
    {
      "rfilename": "model.safetensors"
    },
    {
      "rfilename": "pytorch_model.bin"
    },
    {
      "rfilename": "sentencepiece.bpe.model"
    },
    {
      "rfilename": "special_tokens_map.json"
    },
    {
      "rfilename": "tokenizer_config.json"
    }
  ],
  "spaces": [
    "akdeniz27/turkish-qna-with-xlm-roberta",
    "jorge-henao/ask2democracy",
    "wolfrage89/chaii_spaces",
    "tracinginsights/QuotesBot",
    "victorknox/AQASH",
    "utec/Espacio_Fabricio",
    "aaravlovescodes/distilbert-qa-demo",
    "tosin2013/question_answering_app",
    "elariz/test-app",
    "elariz/hg",
    "Anupam251272/Ayurvedic-Medicine-Recommender",
    "benkada/aiWeb"
  ],
  "createdAt": "2022-03-02T23:29:05.000Z",
  "safetensors": {
    "parameters": {
      "F32": 559892482
    },
    "total": 559892482
  },
  "usedStorage": 4484355052
}