{
  "_id": "6537e773fcde67b39f0d7714",
  "id": "distil-whisper/distil-medium.en",
  "private": false,
  "pipeline_tag": "automatic-speech-recognition",
  "library_name": "transformers",
  "tags": [
    "transformers",
    "pytorch",
    "jax",
    "tensorboard",
    "onnx",
    "safetensors",
    "whisper",
    "automatic-speech-recognition",
    "audio",
    "transformers.js",
    "en",
    "arxiv:2311.00430",
    "arxiv:2210.13352",
    "license:mit",
    "endpoints_compatible",
    "region:us"
  ],
  "downloads": 36924,
  "likes": 124,
  "modelId": "distil-whisper/distil-medium.en",
  "author": "distil-whisper",
  "sha": "26f298e3a65ea076cbe4498ff70b84d33a8cca32",
  "lastModified": "2024-03-25T12:07:23.000Z",
  "gated": false,
  "disabled": false,
  "widgetData": [
    {
      "example_title": "LibriSpeech sample 1",
      "src": "https://cdn-media.huggingface.co/speech_samples/sample1.flac"
    },
    {
      "example_title": "LibriSpeech sample 2",
      "src": "https://cdn-media.huggingface.co/speech_samples/sample2.flac"
    }
  ],
  "model-index": null,
  "config": {
    "architectures": [
      "WhisperForConditionalGeneration"
    ],
    "model_type": "whisper",
    "tokenizer_config": {
      "bos_token": "<|endoftext|>",
      "eos_token": "<|endoftext|>",
      "pad_token": "<|endoftext|>",
      "unk_token": "<|endoftext|>"
    }
  },
  "cardData": {
    "language": [
      "en"
    ],
    "tags": [
      "audio",
      "automatic-speech-recognition",
      "transformers.js"
    ],
    "widget": [
      {
        "example_title": "LibriSpeech sample 1",
        "src": "https://cdn-media.huggingface.co/speech_samples/sample1.flac"
      },
      {
        "example_title": "LibriSpeech sample 2",
        "src": "https://cdn-media.huggingface.co/speech_samples/sample2.flac"
      }
    ],
    "pipeline_tag": "automatic-speech-recognition",
    "license": "mit",
    "library_name": "transformers"
  },
  "transformersInfo": {
    "auto_model": "AutoModelForSpeechSeq2Seq",
    "pipeline_tag": "automatic-speech-recognition",
    "processor": "AutoProcessor"
  },
  "siblings": [
    {
      "rfilename": ".gitattributes"
    },
    {
      "rfilename": ".idea/.gitignore"
    },
    {
      "rfilename": ".idea/distil-medium.en.iml"
    },
    {
      "rfilename": ".idea/inspectionProfiles/Project_Default.xml"
    },
    {
      "rfilename": ".idea/inspectionProfiles/profiles_settings.xml"
    },
    {
      "rfilename": ".idea/misc.xml"
    },
    {
      "rfilename": ".idea/modules.xml"
    },
    {
      "rfilename": ".idea/vcs.xml"
    },
    {
      "rfilename": "README.md"
    },
    {
      "rfilename": "added_tokens.json"
    },
    {
      "rfilename": "config.json"
    },
    {
      "rfilename": "flax_model.msgpack"
    },
    {
      "rfilename": "generation_config.json"
    },
    {
      "rfilename": "ggml-medium-32-2.en.bin"
    },
    {
      "rfilename": "ggml-medium-32-2.en.fp32.bin"
    },
    {
      "rfilename": "merges.txt"
    },
    {
      "rfilename": "model.fp32.safetensors"
    },
    {
      "rfilename": "model.safetensors"
    },
    {
      "rfilename": "normalizer.json"
    },
    {
      "rfilename": "onnx/decoder_model.onnx"
    },
    {
      "rfilename": "onnx/decoder_model_merged.onnx"
    },
    {
      "rfilename": "onnx/decoder_model_merged_quantized.onnx"
    },
    {
      "rfilename": "onnx/decoder_model_quantized.onnx"
    },
    {
      "rfilename": "onnx/decoder_with_past_model.onnx"
    },
    {
      "rfilename": "onnx/decoder_with_past_model_quantized.onnx"
    },
    {
      "rfilename": "onnx/encoder_model.onnx"
    },
    {
      "rfilename": "onnx/encoder_model_quantized.onnx"
    },
    {
      "rfilename": "original-model.bin"
    },
    {
      "rfilename": "original-model.fp32.bin"
    },
    {
      "rfilename": "preprocessor_config.json"
    },
    {
      "rfilename": "pytorch_model.bin"
    },
    {
      "rfilename": "pytorch_model.fp32.bin"
    },
    {
      "rfilename": "runs/events.out.tfevents.1696846170.t1v-n-bb301c85-w-0.8276.0.v2"
    },
    {
      "rfilename": "special_tokens_map.json"
    },
    {
      "rfilename": "tokenizer.json"
    },
    {
      "rfilename": "tokenizer_config.json"
    },
    {
      "rfilename": "vocab.json"
    }
  ],
  "spaces": [
    "Xenova/whisper-web",
    "Xenova/distil-whisper-web",
    "lmz/candle-whisper",
    "gobeldan/insanely-fast-whisper-webui",
    "devilent2/whisper-v3-zero",
    "reedmayhew/insanely-fast-whisper-webui-zero",
    "ReySajju742/Audio-to-srt",
    "gstaff/MonsterGenV2",
    "gstaff/KiteWind",
    "devilent2/whisper-v3-zero-dev",
    "jilangdi/whisper-web",
    "gstaff/MagicGenV2",
    "radames/candle-whisper",
    "Suprath/audiotranscribe",
    "ml13571/VoiceRecognitionDemo",
    "bleak-ai/fast-whisper-web-browser",
    "devilent2/whisper-v3-zero-canary",
    "Masterdqqq/emilio-whisper",
    "mukaist/whisper-web",
    "Ericboi229-gmx-co-uk/insanely-fast-whisper-webui",
    "CultriX/whisper-web",
    "WizardForest/Whisper-SRT",
    "bbrij87/distil-whisper-distil-medium.en",
    "MoiseProjects/whisper-web",
    "marlonbarrios/whisper-web",
    "alexmusic/distil-whisper-distil-medium.en",
    "zivzhao/insanely-fast-whisper-webui",
    "marlonbarrios/distil-whisper-web",
    "nelson40514/whisper-web",
    "rodrigodocarmo/whisper",
    "faelfernandes/whisper-web",
    "on1onmangoes/whisper-web",
    "h2m/whisper-v3-zero",
    "devilent2/whisper-v3-cpu",
    "trysem/distil-whisper-web",
    "nisten/distil-whisper-web",
    "sharmaarush/Video_to_text",
    "cminja/whisper-web",
    "gosha2602/insanely-fast-whisper-webui",
    "khursani8/test_msam",
    "Shmuel/ivrit-ai-whisper-13-v2-e2",
    "ThreadAbort/insanely-fast-whisper-webui",
    "Nymbo/candle-whisper",
    "i-l/chat",
    "NeuraFusionAI/WhisperFast",
    "Snape254/AFI",
    "freesir/wp",
    "xiaohaoduck/whisper-web",
    "awacke1/whisper-web",
    "novabouncer/distil-whisper-web",
    "fltw/whisper-web",
    "codexxx/vepp-whisper",
    "Prathamesh1420/whisper-web_duplicate",
    "Omarrran/Transcribe_Anything",
    "ahmad-jamil/ahmad-speech-generator",
    "scyi/whisper-web",
    "emilalvaro/voiceweb",
    "hyungjoochae/Realtime-whisper-demo",
    "GetSoloTech/solo-whisper-web",
    "vly1/whisper-web",
    "Soundarya7/MedMentorVoice",
    "MahdeenSky/insanely-fast-whisper-webui-zero",
    "fireedman/EKNA_V1",
    "tigerduff/whisper-web",
    "codexxx/whisper-transcription",
    "meet2akhil/NoteboomLLM2Transcription",
    "pgits/stt-gpu-service",
    "mlopez6132/textsense-srt"
  ],
  "createdAt": "2023-10-24T15:49:07.000Z",
  "safetensors": {
    "parameters": {
      "F16": 394375168
    },
    "total": 394375168
  },
  "usedStorage": 13884077762
}