{
  "_id": "6751d49671416d41d9feb1e4",
  "id": "distil-whisper/distil-large-v3.5",
  "private": false,
  "pipeline_tag": "automatic-speech-recognition",
  "library_name": "transformers",
  "tags": [
    "transformers",
    "tensorboard",
    "safetensors",
    "whisper",
    "automatic-speech-recognition",
    "audio",
    "en",
    "arxiv:2311.00430",
    "arxiv:2106.05237",
    "arxiv:1904.08779",
    "arxiv:1910.13267",
    "license:mit",
    "endpoints_compatible",
    "region:us"
  ],
  "downloads": 7291,
  "likes": 58,
  "modelId": "distil-whisper/distil-large-v3.5",
  "author": "distil-whisper",
  "sha": "92cc789b758f9408cd7b94ef0e6e84a6746aaa00",
  "lastModified": "2025-03-25T07:56:24.000Z",
  "gated": false,
  "disabled": false,
  "widgetData": [
    {
      "example_title": "LibriSpeech sample 1",
      "src": "https://cdn-media.huggingface.co/speech_samples/sample1.flac"
    },
    {
      "example_title": "LibriSpeech sample 2",
      "src": "https://cdn-media.huggingface.co/speech_samples/sample2.flac"
    }
  ],
  "model-index": null,
  "config": {
    "architectures": [
      "WhisperForConditionalGeneration"
    ],
    "model_type": "whisper",
    "tokenizer_config": {
      "bos_token": "<|endoftext|>",
      "eos_token": "<|endoftext|>",
      "pad_token": "<|endoftext|>",
      "unk_token": "<|endoftext|>"
    }
  },
  "cardData": {
    "language": [
      "en"
    ],
    "license": "mit",
    "library_name": "transformers",
    "tags": [
      "audio",
      "automatic-speech-recognition"
    ],
    "widget": [
      {
        "example_title": "LibriSpeech sample 1",
        "src": "https://cdn-media.huggingface.co/speech_samples/sample1.flac"
      },
      {
        "example_title": "LibriSpeech sample 2",
        "src": "https://cdn-media.huggingface.co/speech_samples/sample2.flac"
      }
    ],
    "pipeline_tag": "automatic-speech-recognition"
  },
  "transformersInfo": {
    "auto_model": "AutoModelForSpeechSeq2Seq",
    "pipeline_tag": "automatic-speech-recognition",
    "processor": "AutoProcessor"
  },
  "siblings": [
    {
      "rfilename": ".gitattributes"
    },
    {
      "rfilename": ".gitignore"
    },
    {
      "rfilename": "README.md"
    },
    {
      "rfilename": "added_tokens.json"
    },
    {
      "rfilename": "config.json"
    },
    {
      "rfilename": "generation_config.json"
    },
    {
      "rfilename": "hf-whisper-distil-multi-v0.2/events.out.tfevents.1732842515.jzxh112.1688663.0"
    },
    {
      "rfilename": "hf-whisper-distil-multi-v0.2/events.out.tfevents.1732907831.jzxh108.2302919.0"
    },
    {
      "rfilename": "hf-whisper-distil-multi-v0.2/events.out.tfevents.1732979739.jzxh108.2370161.0"
    },
    {
      "rfilename": "hf-whisper-distil-multi-v0.2/events.out.tfevents.1733051636.jzxh108.2446481.0"
    },
    {
      "rfilename": "hf-whisper-distil-multi-v0.2/events.out.tfevents.1733072730.jzxh108.2472375.0"
    },
    {
      "rfilename": "merges.txt"
    },
    {
      "rfilename": "model.safetensors"
    },
    {
      "rfilename": "preprocessor_config.json"
    },
    {
      "rfilename": "special_tokens_map.json"
    },
    {
      "rfilename": "tokenizer.json"
    },
    {
      "rfilename": "tokenizer_config.json"
    },
    {
      "rfilename": "vocab.json"
    }
  ],
  "spaces": [
    "gobeldan/insanely-fast-whisper-webui",
    "konieshadow/podcast-transcriber",
    "KDM999/asr-multimodel-comparison"
  ],
  "createdAt": "2024-12-05T16:28:06.000Z",
  "safetensors": {
    "parameters": {
      "F32": 756405760
    },
    "total": 756405760
  },
  "usedStorage": 6061018351
}