{
  "_id": "6537e750333f48930f559161",
  "id": "distil-whisper/distil-large-v2",
  "private": false,
  "pipeline_tag": "automatic-speech-recognition",
  "library_name": "transformers",
  "tags": [
    "transformers",
    "pytorch",
    "jax",
    "tensorboard",
    "onnx",
    "safetensors",
    "whisper",
    "automatic-speech-recognition",
    "audio",
    "transformers.js",
    "en",
    "arxiv:2311.00430",
    "arxiv:2210.13352",
    "license:mit",
    "endpoints_compatible",
    "region:us"
  ],
  "downloads": 13821,
  "likes": 512,
  "modelId": "distil-whisper/distil-large-v2",
  "author": "distil-whisper",
  "sha": "ccb3693e5247bdd734c99eeab96688f8cda3ba72",
  "lastModified": "2025-03-06T17:05:25.000Z",
  "gated": false,
  "disabled": false,
  "widgetData": [
    {
      "example_title": "LibriSpeech sample 1",
      "src": "https://cdn-media.huggingface.co/speech_samples/sample1.flac"
    },
    {
      "example_title": "LibriSpeech sample 2",
      "src": "https://cdn-media.huggingface.co/speech_samples/sample2.flac"
    }
  ],
  "model-index": null,
  "config": {
    "architectures": [
      "WhisperForConditionalGeneration"
    ],
    "model_type": "whisper",
    "tokenizer_config": {
      "bos_token": "<|endoftext|>",
      "eos_token": "<|endoftext|>",
      "pad_token": "<|endoftext|>",
      "unk_token": "<|endoftext|>"
    }
  },
  "cardData": {
    "language": [
      "en"
    ],
    "tags": [
      "audio",
      "automatic-speech-recognition",
      "transformers.js"
    ],
    "widget": [
      {
        "example_title": "LibriSpeech sample 1",
        "src": "https://cdn-media.huggingface.co/speech_samples/sample1.flac"
      },
      {
        "example_title": "LibriSpeech sample 2",
        "src": "https://cdn-media.huggingface.co/speech_samples/sample2.flac"
      }
    ],
    "pipeline_tag": "automatic-speech-recognition",
    "license": "mit",
    "library_name": "transformers"
  },
  "transformersInfo": {
    "auto_model": "AutoModelForSpeechSeq2Seq",
    "pipeline_tag": "automatic-speech-recognition",
    "processor": "AutoProcessor"
  },
  "siblings": [
    {
      "rfilename": ".gitattributes"
    },
    {
      "rfilename": "README.md"
    },
    {
      "rfilename": "added_tokens.json"
    },
    {
      "rfilename": "config.json"
    },
    {
      "rfilename": "flax_model.msgpack"
    },
    {
      "rfilename": "generation_config.json"
    },
    {
      "rfilename": "ggml-large-32-2.en.bin"
    },
    {
      "rfilename": "ggml-large-32-2.fp32.en.bin"
    },
    {
      "rfilename": "merges.txt"
    },
    {
      "rfilename": "model.fp32.safetensors"
    },
    {
      "rfilename": "model.safetensors"
    },
    {
      "rfilename": "normalizer.json"
    },
    {
      "rfilename": "onnx/decoder_model.onnx"
    },
    {
      "rfilename": "onnx/decoder_model_merged.onnx"
    },
    {
      "rfilename": "onnx/decoder_model_merged_quantized.onnx"
    },
    {
      "rfilename": "onnx/decoder_model_quantized.onnx"
    },
    {
      "rfilename": "onnx/decoder_with_past_model.onnx"
    },
    {
      "rfilename": "onnx/decoder_with_past_model_quantized.onnx"
    },
    {
      "rfilename": "onnx/encoder_model.onnx"
    },
    {
      "rfilename": "onnx/encoder_model.onnx_data"
    },
    {
      "rfilename": "onnx/encoder_model_quantized.onnx"
    },
    {
      "rfilename": "original-model.bin"
    },
    {
      "rfilename": "original-model.fp32.bin"
    },
    {
      "rfilename": "preprocessor_config.json"
    },
    {
      "rfilename": "pytorch_model.bin"
    },
    {
      "rfilename": "pytorch_model.fp32.bin"
    },
    {
      "rfilename": "runs/train_first_30k_steps/events.out.tfevents.1696324139.t1v-n-5726b787-w-0.831942.0.v2"
    },
    {
      "rfilename": "runs/train_last_50k_steps/events.out.tfevents.1696581016.t1v-n-5726b787-w-0.121302.0.v2"
    },
    {
      "rfilename": "special_tokens_map.json"
    },
    {
      "rfilename": "tokenizer.json"
    },
    {
      "rfilename": "tokenizer_config.json"
    },
    {
      "rfilename": "vocab.json"
    }
  ],
  "spaces": [
    "Xenova/whisper-web",
    "Xenova/distil-whisper-web",
    "OpenSound/CapSpeech-TTS",
    "gobeldan/insanely-fast-whisper-webui",
    "distil-whisper/hallucination-analysis",
    "ReySajju742/Audio-to-srt",
    "TaiYouWeb/whisper-multi-model",
    "jilangdi/whisper-web",
    "taham655/Transcriptor",
    "mohcineelharras/alexa-like-assistant",
    "Suprath/audiotranscribe",
    "ml13571/VoiceRecognitionDemo",
    "ajd12342/paraspeechcaps",
    "bleak-ai/fast-whisper-web-browser",
    "Masterdqqq/emilio-whisper",
    "mukaist/whisper-web",
    "Ericboi229-gmx-co-uk/insanely-fast-whisper-webui",
    "CultriX/whisper-web",
    "WizardForest/Whisper-SRT",
    "mohamed1ai/distil-whisper-distil-large-v2",
    "MoiseProjects/whisper-web",
    "marlonbarrios/whisper-web",
    "zivzhao/insanely-fast-whisper-webui",
    "marlonbarrios/distil-whisper-web",
    "nelson40514/whisper-web",
    "arslanarjumand/ShortQuestionAnswering",
    "faelfernandes/whisper-web",
    "on1onmangoes/whisper-web",
    "farzad77/distil-whisper-distil-large-v2",
    "trysem/distil-whisper-web",
    "nisten/distil-whisper-web",
    "dioarafl/summarizedYtb",
    "Junr-syl/simple_speech_to_text",
    "cminja/whisper-web",
    "Iefan/distil-whisper-distil-large-v2",
    "codern/distil-whisper-distil-large-v2",
    "awacke1/whisper-vs-distil-whisper",
    "gosha2602/insanely-fast-whisper-webui",
    "ThreadAbort/insanely-fast-whisper-webui",
    "i-l/chat",
    "NeuraFusionAI/WhisperFast",
    "Snape254/AFI",
    "freesir/wp",
    "xiaohaoduck/whisper-web",
    "awacke1/whisper-web",
    "novabouncer/distil-whisper-web",
    "abhishekrajpurohit/generate_local_lan",
    "fltw/whisper-web",
    "codexxx/vepp-whisper",
    "Prathamesh1420/whisper-web_duplicate",
    "K00B404/3Luik",
    "uraiba/ai-voice-journal",
    "Omarrran/Transcribe_Anything",
    "ahmad-jamil/ahmad-speech-generator",
    "scyi/whisper-web",
    "emilalvaro/voiceweb",
    "Ticoliro/parler-tts-expresso-PTBR",
    "hyungjoochae/Realtime-whisper-demo",
    "GetSoloTech/solo-whisper-web",
    "vly1/whisper-web",
    "najimq59/Audio_connais",
    "Kaiyeee/MultiModal_Chat_Using_OpenVino_and_Whisper",
    "fireedman/EKNA_V1",
    "bep40/CapSpeech-TTS",
    "tifst/speech2text-parallel-comparator",
    "tigerduff/whisper-web",
    "codexxx/whisper-transcription",
    "sbenfenatti/stt_playground",
    "meet2akhil/NoteboomLLM2Transcription",
    "planB7912/g-assist",
    "mlopez6132/textsense-srt"
  ],
  "createdAt": "2023-10-24T15:48:32.000Z",
  "safetensors": {
    "parameters": {
      "F16": 756220160
    },
    "total": 756220160
  },
  "usedStorage": 26380426662
}