{
  "_id": "621ffdc136468d709f17a8e6",
  "id": "dslim/bert-large-NER",
  "private": false,
  "pipeline_tag": "token-classification",
  "library_name": "transformers",
  "tags": [
    "transformers",
    "pytorch",
    "tf",
    "jax",
    "onnx",
    "safetensors",
    "bert",
    "token-classification",
    "en",
    "dataset:conll2003",
    "arxiv:1810.04805",
    "license:mit",
    "model-index",
    "autotrain_compatible",
    "endpoints_compatible",
    "region:us"
  ],
  "downloads": 83148,
  "likes": 155,
  "modelId": "dslim/bert-large-NER",
  "author": "dslim",
  "sha": "6fe43d9ec0bba0f67e367ecd74399216fc409c7f",
  "lastModified": "2024-10-08T07:52:08.000Z",
  "gated": false,
  "disabled": false,
  "mask_token": "[MASK]",
  "widgetData": [
    {
      "text": "My name is Wolfgang and I live in Berlin"
    },
    {
      "text": "My name is Sarah and I live in London"
    },
    {
      "text": "My name is Clara and I live in Berkeley, California."
    }
  ],
  "model-index": [
    {
      "name": "dslim/bert-large-NER",
      "results": [
        {
          "task": {
            "type": "token-classification",
            "name": "Token Classification"
          },
          "dataset": {
            "name": "conll2003",
            "type": "conll2003",
            "config": "conll2003",
            "split": "test"
          },
          "metrics": [
            {
              "name": "Accuracy",
              "type": "accuracy",
              "value": 0.9031688753722759,
              "verified": false
            },
            {
              "name": "Precision",
              "type": "precision",
              "value": 0.920025068328604,
              "verified": false
            },
            {
              "name": "Recall",
              "type": "recall",
              "value": 0.9193688678588825,
              "verified": false
            },
            {
              "name": "F1",
              "type": "f1",
              "value": 0.9196968510445761,
              "verified": false
            },
            {
              "name": "loss",
              "type": "loss",
              "value": 0.5085050463676453,
              "verified": false
            }
          ]
        }
      ]
    }
  ],
  "config": {
    "architectures": [
      "BertForTokenClassification"
    ],
    "model_type": "bert",
    "tokenizer_config": {}
  },
  "cardData": {
    "language": "en",
    "datasets": [
      "conll2003"
    ],
    "license": "mit",
    "model-index": [
      {
        "name": "dslim/bert-large-NER",
        "results": [
          {
            "task": {
              "type": "token-classification",
              "name": "Token Classification"
            },
            "dataset": {
              "name": "conll2003",
              "type": "conll2003",
              "config": "conll2003",
              "split": "test"
            },
            "metrics": [
              {
                "name": "Accuracy",
                "type": "accuracy",
                "value": 0.9031688753722759,
                "verified": false
              },
              {
                "name": "Precision",
                "type": "precision",
                "value": 0.920025068328604,
                "verified": false
              },
              {
                "name": "Recall",
                "type": "recall",
                "value": 0.9193688678588825,
                "verified": false
              },
              {
                "name": "F1",
                "type": "f1",
                "value": 0.9196968510445761,
                "verified": false
              },
              {
                "name": "loss",
                "type": "loss",
                "value": 0.5085050463676453,
                "verified": false
              }
            ]
          }
        ]
      }
    ]
  },
  "transformersInfo": {
    "auto_model": "AutoModelForTokenClassification",
    "pipeline_tag": "token-classification",
    "processor": "AutoTokenizer"
  },
  "siblings": [
    {
      "rfilename": ".gitattributes"
    },
    {
      "rfilename": "README.md"
    },
    {
      "rfilename": "config.json"
    },
    {
      "rfilename": "flax_model.msgpack"
    },
    {
      "rfilename": "model.safetensors"
    },
    {
      "rfilename": "onnx/added_tokens.json"
    },
    {
      "rfilename": "onnx/config.json"
    },
    {
      "rfilename": "onnx/model.onnx"
    },
    {
      "rfilename": "onnx/special_tokens_map.json"
    },
    {
      "rfilename": "onnx/tokenizer.json"
    },
    {
      "rfilename": "onnx/tokenizer_config.json"
    },
    {
      "rfilename": "onnx/vocab.txt"
    },
    {
      "rfilename": "pytorch_model.bin"
    },
    {
      "rfilename": "special_tokens_map.json"
    },
    {
      "rfilename": "tf_model.h5"
    },
    {
      "rfilename": "tokenizer_config.json"
    },
    {
      "rfilename": "vocab.txt"
    }
  ],
  "spaces": [
    "keshva/Intelligent-Document-Processing",
    "dslim/NER",
    "SpindoxLabs/companies_NER",
    "SiddharthK/dslim-bert-large-NER",
    "awacke1/HEDIS.Dash.Component.Top.Clinical.Terminology.Vocabulary",
    "cmorato/dslim-bert-large-NER",
    "gorkemyurt/dslim-bert-large-NER",
    "Amruthaa/NLP_task_exploration",
    "wibberlet/NamedEntities",
    "themanas021/BERT-LARGE-NER",
    "manikahennedige/dslim-bert-large-NER",
    "languyengiahy/Image-Captioning-ViT-GPT2",
    "languyengiahy/Image-Cap-ViT-GPT2",
    "SalmanSakibSrizon/pdf_image_ner_application",
    "Fzina/BizMax",
    "wildagsx/dslim-bert-large-NER",
    "meera21-sy/Named_Entity_Recognition_"
  ],
  "createdAt": "2022-03-02T23:29:05.000Z",
  "safetensors": {
    "parameters": {
      "F32": 333588489
    },
    "total": 333588489
  },
  "inference": "warm",
  "usedStorage": 7993917005
}