{
  "_id": "621ffdc136468d709f17a8e5",
  "id": "dslim/bert-base-NER",
  "private": false,
  "pipeline_tag": "token-classification",
  "library_name": "transformers",
  "tags": [
    "transformers",
    "pytorch",
    "tf",
    "jax",
    "onnx",
    "safetensors",
    "bert",
    "token-classification",
    "en",
    "dataset:conll2003",
    "arxiv:1810.04805",
    "license:mit",
    "model-index",
    "autotrain_compatible",
    "endpoints_compatible",
    "region:us"
  ],
  "downloads": 1475868,
  "likes": 634,
  "modelId": "dslim/bert-base-NER",
  "author": "dslim",
  "sha": "d1a3e8f13f8c3566299d95fcfc9a8d2382a9affc",
  "lastModified": "2024-10-08T07:51:39.000Z",
  "gated": false,
  "disabled": false,
  "mask_token": "[MASK]",
  "widgetData": [
    {
      "text": "My name is Wolfgang and I live in Berlin"
    },
    {
      "text": "My name is Sarah and I live in London"
    },
    {
      "text": "My name is Clara and I live in Berkeley, California."
    }
  ],
  "model-index": [
    {
      "name": "dslim/bert-base-NER",
      "results": [
        {
          "task": {
            "type": "token-classification",
            "name": "Token Classification"
          },
          "dataset": {
            "name": "conll2003",
            "type": "conll2003",
            "config": "conll2003",
            "split": "test"
          },
          "metrics": [
            {
              "name": "Accuracy",
              "type": "accuracy",
              "value": 0.9118041001560013,
              "verified": false
            },
            {
              "name": "Precision",
              "type": "precision",
              "value": 0.9211550382257732,
              "verified": false
            },
            {
              "name": "Recall",
              "type": "recall",
              "value": 0.9306415698281261,
              "verified": false
            },
            {
              "name": "F1",
              "type": "f1",
              "value": 0.9258740048459675,
              "verified": false
            },
            {
              "name": "loss",
              "type": "loss",
              "value": 0.48325642943382263,
              "verified": false
            }
          ]
        }
      ]
    }
  ],
  "config": {
    "architectures": [
      "BertForTokenClassification"
    ],
    "model_type": "bert",
    "tokenizer_config": {}
  },
  "cardData": {
    "language": "en",
    "datasets": [
      "conll2003"
    ],
    "license": "mit",
    "model-index": [
      {
        "name": "dslim/bert-base-NER",
        "results": [
          {
            "task": {
              "type": "token-classification",
              "name": "Token Classification"
            },
            "dataset": {
              "name": "conll2003",
              "type": "conll2003",
              "config": "conll2003",
              "split": "test"
            },
            "metrics": [
              {
                "name": "Accuracy",
                "type": "accuracy",
                "value": 0.9118041001560013,
                "verified": false
              },
              {
                "name": "Precision",
                "type": "precision",
                "value": 0.9211550382257732,
                "verified": false
              },
              {
                "name": "Recall",
                "type": "recall",
                "value": 0.9306415698281261,
                "verified": false
              },
              {
                "name": "F1",
                "type": "f1",
                "value": 0.9258740048459675,
                "verified": false
              },
              {
                "name": "loss",
                "type": "loss",
                "value": 0.48325642943382263,
                "verified": false
              }
            ]
          }
        ]
      }
    ]
  },
  "transformersInfo": {
    "auto_model": "AutoModelForTokenClassification",
    "pipeline_tag": "token-classification",
    "processor": "AutoTokenizer"
  },
  "siblings": [
    {
      "rfilename": ".gitattributes"
    },
    {
      "rfilename": "README.md"
    },
    {
      "rfilename": "added_tokens.json"
    },
    {
      "rfilename": "config.json"
    },
    {
      "rfilename": "flax_model.msgpack"
    },
    {
      "rfilename": "model.safetensors"
    },
    {
      "rfilename": "onnx/added_tokens.json"
    },
    {
      "rfilename": "onnx/config.json"
    },
    {
      "rfilename": "onnx/model.onnx"
    },
    {
      "rfilename": "onnx/special_tokens_map.json"
    },
    {
      "rfilename": "onnx/tokenizer.json"
    },
    {
      "rfilename": "onnx/tokenizer_config.json"
    },
    {
      "rfilename": "onnx/vocab.txt"
    },
    {
      "rfilename": "pytorch_model.bin"
    },
    {
      "rfilename": "special_tokens_map.json"
    },
    {
      "rfilename": "tf_model.h5"
    },
    {
      "rfilename": "tokenizer_config.json"
    },
    {
      "rfilename": "vocab.txt"
    }
  ],
  "spaces": [
    "rajistics/Financial_Analyst_AI",
    "Sybghat/resume-parser",
    "elozano/news-analyzer",
    "aseifert/ExplaiNER",
    "keshva/Intelligent-Document-Processing",
    "nsethi610/ns-gradio-apps",
    "asimokby/cv-parser-huggingface",
    "bentrevett/named-entity-recognition",
    "dslim/NER",
    "shresthasingh/legal_doc_summarization",
    "xu-song/kplug",
    "SpindoxLabs/companies_NER",
    "awacke1/Named-entity-resolution",
    "awacke1/HEDIS.Dash.Component.Top.Clinical.Terminology.Vocabulary",
    "awacke1/Token-Classification-NER-dslim-bert-base-NER",
    "ceyda/ExplaiNER",
    "Tiju1996/resume-parser",
    "Keshav4/resume-data-extraction",
    "Taranosaurus/Tokenizaminer",
    "Logeswaransr/Named_Entity_Recognition",
    "IshA2023/Named-Entity-Recognition",
    "debisoft/magic",
    "debisoft/tenatch",
    "debisoft/spritediffuser",
    "arjun-radha-krishnan/Smart-travel-planner",
    "souvikmaji22/named-entity-recognition",
    "ashish-soni08/Named-Entity-Recognition",
    "tejash300/doc_analyzer",
    "ylingag/Financial_Tone_Analysis",
    "banjiola/text_summarization",
    "LinkLinkWu/Sze_Link_ISOM_5240_MODEL",
    "MuzzammilShah/NLP-Playground",
    "yourpartner/demospace",
    "Gamortsey/AllyAI_Help_finder",
    "kingfisher/ner-demo",
    "atomiclabs/token_classification",
    "cdrc1103/bert_for_ner",
    "sd99/NERBERT",
    "llomb4/dslim-bert-base-NER",
    "ateliershen/dslim-bert-base-NER",
    "abdulmatinomotoso/offfensive",
    "roontoon/dslim-bert-base-NER",
    "Basit34/cv-parser-huggingface2",
    "donadelicc/Entity_Recognition",
    "JJakamrLLM/dslim-bert-base-NER",
    "Nishant91/dslim-bert-base-NER",
    "yunkexiang/NameRecognition",
    "noelfranthomas/Cratic_test",
    "tbdatasci/NERD",
    "MFawad/Named_Entity_Recognizer",
    "Sakil/Named_Entity_Recognition",
    "k3ybladewielder/gen_app_ner",
    "adityasrathore/Financial_Analyst_AI",
    "raul-padua/BERT-NER",
    "blazingbunny/dslim-bert-base-NER",
    "debisoft/nicolemind",
    "cpereira/ai-marketplace",
    "wendys-llc/dslim-bert-base-NER",
    "Pranav0gp/bert-base-NER-named-entity-recognition",
    "AshutoshD245/Named-Entity-Recognition",
    "liamebs/DLAI_NLP_NER",
    "liamebs/DLAI_NLP_NER_token_merge",
    "wibberlet/NamedEntities",
    "Chris4K/NamedEntityRecognitionTool",
    "keshavashiya/HackathonTeam8",
    "zorilladev/dslim-bert-base-NER",
    "Paulodiff/dslim-bert-base-NER",
    "ghudeihed/named_entity_recognition",
    "niketshah11/AIBootCampQA",
    "Nishthaa321/dslim-bert-base-NER",
    "Ankush05/Code6",
    "agshubhi/insurance_complaints_mgmt",
    "agshubhi/complaint_mgnt",
    "Pudding/dslim-bert-base-NER",
    "Pudding/BLZ-NER",
    "saqib7/dslim-bert-base-NER",
    "z0mz0m/dslim-bert-base-NER",
    "vsrinivas/Named_Entity_Recognition_App_by_SrinivasV",
    "FahadMP/ML_Work",
    "mca183/named-entity-recognition-bert-base-ner",
    "dudegladiator/resume-parser",
    "keshva/dslim-bert-base-NER",
    "suhana13/NER-PHI-demo",
    "jackiecheng/t1",
    "kaljuvee/Financial_Analyst_AI",
    "ajdsouza/Essay",
    "EthanCastro/dslim-bert-base-NER",
    "AjithBharadwaj/Name-Entity-Recognizer",
    "JLei/dslim-bert-base-NER",
    "SalmanSakibSrizon/pdf_image_ner_application",
    "someshmaled69/AIBootCampQA",
    "Stanford-TH/EmotionPredictor",
    "boi-doingthings/Natural-Language-Pipes",
    "som11/named_entity_recognition",
    "alfonsovelp/dslim-bert-base-NER",
    "isaiahkabraham/name-entity-recognition-bert-base-NER",
    "MarkB29/dslim-bert-base-NER",
    "K00B404/CodeMonkeyXL",
    "mmmitusss/dslim-bert-base-NER",
    "raylcl/Named-Entity-Recognition"
  ],
  "createdAt": "2022-03-02T23:29:05.000Z",
  "safetensors": {
    "parameters": {
      "F32": 108317193
    },
    "total": 108317193
  },
  "inference": "warm",
  "usedStorage": 2162448417
}