{
  "_id": "6697bd13e02ee7d92c7e8604",
  "id": "E3-JSI/gliner-multi-pii-domains-v1",
  "private": false,
  "pipeline_tag": "token-classification",
  "library_name": "gliner",
  "tags": [
    "gliner",
    "pytorch",
    "safetensors",
    "token-classification",
    "en",
    "fr",
    "de",
    "es",
    "pt",
    "it",
    "sl",
    "el",
    "nl",
    "dataset:E3-JSI/synthetic-multi-pii-ner-v1",
    "base_model:urchade/gliner_multi_pii-v1",
    "base_model:finetune:urchade/gliner_multi_pii-v1",
    "doi:10.57967/hf/3212",
    "license:apache-2.0",
    "region:us"
  ],
  "downloads": 1171,
  "likes": 17,
  "modelId": "E3-JSI/gliner-multi-pii-domains-v1",
  "author": "E3-JSI",
  "sha": "66b7951b1e020535d2f470d4b35bc90149a1ed0d",
  "lastModified": "2024-12-06T08:33:54.000Z",
  "gated": false,
  "disabled": false,
  "widgetData": [
    {
      "text": "My name is Wolfgang and I live in Berlin"
    },
    {
      "text": "My name is Sarah and I live in London"
    },
    {
      "text": "My name is Clara and I live in Berkeley, California."
    }
  ],
  "model-index": null,
  "config": {
    "tokenizer_config": {
      "bos_token": "[CLS]",
      "cls_token": "[CLS]",
      "eos_token": "[SEP]",
      "mask_token": "[MASK]",
      "pad_token": "[PAD]",
      "sep_token": "[SEP]",
      "unk_token": "[UNK]"
    }
  },
  "cardData": {
    "license": "apache-2.0",
    "language": [
      "en",
      "fr",
      "de",
      "es",
      "pt",
      "it",
      "sl",
      "el",
      "nl"
    ],
    "library_name": "gliner",
    "pipeline_tag": "token-classification",
    "datasets": [
      "E3-JSI/synthetic-multi-pii-ner-v1"
    ],
    "base_model": [
      "urchade/gliner_multi_pii-v1"
    ]
  },
  "siblings": [
    {
      "rfilename": ".gitattributes"
    },
    {
      "rfilename": "README.md"
    },
    {
      "rfilename": "added_tokens.json"
    },
    {
      "rfilename": "gliner_config.json"
    },
    {
      "rfilename": "model.safetensors"
    },
    {
      "rfilename": "pytorch_model.bin"
    },
    {
      "rfilename": "special_tokens_map.json"
    },
    {
      "rfilename": "spm.model"
    },
    {
      "rfilename": "tokenizer.json"
    },
    {
      "rfilename": "tokenizer_config.json"
    }
  ],
  "spaces": [],
  "createdAt": "2024-07-17T12:46:11.000Z",
  "safetensors": {
    "parameters": {
      "F32": 288949504
    },
    "total": 288949504
  },
  "usedStorage": 2332365726
}