{
  "_id": "63fe4c6c0b9bcde2f005463a",
  "id": "EleutherAI/pythia-12b",
  "private": false,
  "pipeline_tag": "text-generation",
  "library_name": "transformers",
  "tags": [
    "transformers",
    "pytorch",
    "safetensors",
    "gpt_neox",
    "text-generation",
    "causal-lm",
    "pythia",
    "en",
    "dataset:EleutherAI/pile",
    "arxiv:2304.01373",
    "arxiv:2101.00027",
    "arxiv:2201.07311",
    "license:apache-2.0",
    "autotrain_compatible",
    "text-generation-inference",
    "endpoints_compatible",
    "region:us"
  ],
  "downloads": 7563,
  "likes": 139,
  "modelId": "EleutherAI/pythia-12b",
  "author": "EleutherAI",
  "sha": "bb1e3e710cdf6b524461d543cfb5ba773f0a81b6",
  "lastModified": "2024-07-09T15:50:54.000Z",
  "gated": false,
  "disabled": false,
  "widgetData": [
    {
      "text": "My name is Julien and I like to"
    },
    {
      "text": "I like traveling by train because"
    },
    {
      "text": "Paris is an amazing place to visit,"
    },
    {
      "text": "Once upon a time,"
    }
  ],
  "model-index": null,
  "config": {
    "architectures": [
      "GPTNeoXForCausalLM"
    ],
    "model_type": "gpt_neox",
    "tokenizer_config": {
      "bos_token": "<|endoftext|>",
      "eos_token": "<|endoftext|>",
      "unk_token": "<|endoftext|>"
    }
  },
  "cardData": {
    "language": [
      "en"
    ],
    "tags": [
      "pytorch",
      "causal-lm",
      "pythia"
    ],
    "license": "apache-2.0",
    "datasets": [
      "EleutherAI/pile"
    ]
  },
  "transformersInfo": {
    "auto_model": "AutoModelForCausalLM",
    "pipeline_tag": "text-generation",
    "processor": "AutoTokenizer"
  },
  "siblings": [
    {
      "rfilename": ".gitattributes"
    },
    {
      "rfilename": "README.md"
    },
    {
      "rfilename": "config.json"
    },
    {
      "rfilename": "eval_plots/arc_challenge.png"
    },
    {
      "rfilename": "eval_plots/arc_easy_v1.png"
    },
    {
      "rfilename": "eval_plots/lambada_openai.png"
    },
    {
      "rfilename": "eval_plots/lambada_openai_v1.png"
    },
    {
      "rfilename": "eval_plots/piqa.png"
    },
    {
      "rfilename": "eval_plots/piqa_v1.png"
    },
    {
      "rfilename": "eval_plots/sciq.png"
    },
    {
      "rfilename": "eval_plots/sciq_v1.png"
    },
    {
      "rfilename": "eval_plots/winogrande.png"
    },
    {
      "rfilename": "eval_plots/winogrande_v1.png"
    },
    {
      "rfilename": "model-00001-of-00003.safetensors"
    },
    {
      "rfilename": "model-00002-of-00003.safetensors"
    },
    {
      "rfilename": "model-00003-of-00003.safetensors"
    },
    {
      "rfilename": "model.safetensors.index.json"
    },
    {
      "rfilename": "pytorch_model-00001-of-00003.bin"
    },
    {
      "rfilename": "pytorch_model-00002-of-00003.bin"
    },
    {
      "rfilename": "pytorch_model-00003-of-00003.bin"
    },
    {
      "rfilename": "pytorch_model.bin.index.json"
    },
    {
      "rfilename": "special_tokens_map.json"
    },
    {
      "rfilename": "tokenizer.json"
    },
    {
      "rfilename": "tokenizer_config.json"
    }
  ],
  "spaces": [
    "h2oai/h2ogpt-chatbot",
    "eduagarcia/open_pt_llm_leaderboard",
    "Intel/low_bit_open_llm_leaderboard",
    "h2oai/h2ogpt-chatbot2",
    "BAAI/open_cn_llm_leaderboard",
    "Sharathhebbar24/One-stop-for-Open-source-models",
    "qiantong-xu/toolbench-leaderboard",
    "gsaivinay/open_llm_leaderboard",
    "KBaba7/Quant",
    "EvanTHU/MotionLLM",
    "GTBench/GTBench",
    "Vikhrmodels/small-shlepa-lb",
    "Vikhrmodels/DOoM-lb",
    "kz-transformers/kaz-llm-lb",
    "bhaskartripathi/LLM_Quantization",
    "ruslanmv/convert_to_gguf",
    "FallnAI/Quantize-HF-Models",
    "lapsapking/h2ogpt-chatbot",
    "felixz/open_llm_leaderboard",
    "BAAI/open_flageval_vlm_leaderboard",
    "HemaAM/GPT_train_on_LLaMa",
    "OPTML-Group/UnlearnCanvas-Benchmark",
    "totolook/Quant",
    "anantgupta129/LitGPT-Pythia-160M",
    "BAAI/EmbodiedVerse",
    "b1sheng/kg_llm_leaderboard_test",
    "Zulelee/langchain-chatchat",
    "neubla/neubla-llm-evaluation-board",
    "PrarthanaTS/tsai-gpt-from-scratch",
    "MadhurGarg/TSAIGPTRedPajama",
    "RaviNaik/ERA-SESSION22",
    "rodrigomasini/data_only_open_llm_leaderboard",
    "Docfile/open_llm_leaderboard",
    "his0/h2ogpt-chatbot",
    "atimughal662/InfoFusion",
    "Sijuade/GPTNEXTWORD",
    "K00B404/LLM_Quantization",
    "seawolf2357/LLM_Quantization",
    "trhacknon/h2ogpt-chatbot",
    "vs4vijay/h2ogpt-chatbot",
    "akashkj/H2OGPT",
    "ariel0330/h2osiri",
    "elitecode/h2ogpt-chatbot2",
    "ccoreilly/aigua-xat",
    "piyushgrover/MiniGPT_S22",
    "supra-e-acc/Pythia-160M-text-generate",
    "venkyyuvy/GPT_redpajama",
    "mkthoma/GPT_From_Scratch",
    "VarunSivamani/GPT-From-Scratch",
    "sanjanatule/GPTNext",
    "Sambhavnoobcoder/h2ogpt-chatbot",
    "RashiAgarwal/TSAIGPTRedPajama",
    "neuralorbs/DialogGen",
    "GunaKoppula/ERA-Session-22",
    "Navyabhat/ERAV1-Session-22",
    "Rockylxl/EleutherAI-pythia-12b",
    "Vaish2705/ERA_S22",
    "smothiki/open_llm_leaderboard",
    "pngwn/open_llm_leaderboard",
    "pngwn/open_llm_leaderboard_two",
    "iblfe/test",
    "AnonymousSub/Ayurveda_Chatbot",
    "K00B404/Research-chatbot",
    "wissamantoun/LLM_Detection_Attribution",
    "0x1668/open_llm_leaderboard",
    "pngwn/open_llm_leaderboard-check",
    "asir0z/open_llm_leaderboard",
    "kelvin-t-lu/chatbot",
    "kbmlcoding/open_llm_leaderboard_free",
    "debisoft/dolly-v0-70m",
    "ToletiSri/TSAI_S22",
    "K00B404/One-stop-till-you-drop",
    "aichampions/open_llm_leaderboard",
    "Adeco/open_llm_leaderboard",
    "anirudh937/open_llm_leaderboard",
    "smothiki/open_llm_leaderboard2",
    "cw332/h2ogpt-chatbot",
    "mjalg/IFEvalTR",
    "lastsamuraii/LitGPT-Pythia-160M",
    "abugaber/aiben",
    "abugaber/test",
    "openfree/LLM_Quantization",
    "K00B404/convert_to_gguf"
  ],
  "createdAt": "2023-02-28T18:48:12.000Z",
  "safetensors": {
    "parameters": {
      "F16": 11846072896,
      "U8": 150994944
    },
    "total": 11997067840
  },
  "usedStorage": 3685421391454
}