{
  "_id": "621ffdc036468d709f174369",
  "id": "FacebookAI/xlm-roberta-large",
  "private": false,
  "pipeline_tag": "fill-mask",
  "library_name": "transformers",
  "tags": [
    "transformers",
    "pytorch",
    "tf",
    "jax",
    "onnx",
    "safetensors",
    "xlm-roberta",
    "fill-mask",
    "exbert",
    "multilingual",
    "af",
    "am",
    "ar",
    "as",
    "az",
    "be",
    "bg",
    "bn",
    "br",
    "bs",
    "ca",
    "cs",
    "cy",
    "da",
    "de",
    "el",
    "en",
    "eo",
    "es",
    "et",
    "eu",
    "fa",
    "fi",
    "fr",
    "fy",
    "ga",
    "gd",
    "gl",
    "gu",
    "ha",
    "he",
    "hi",
    "hr",
    "hu",
    "hy",
    "id",
    "is",
    "it",
    "ja",
    "jv",
    "ka",
    "kk",
    "km",
    "kn",
    "ko",
    "ku",
    "ky",
    "la",
    "lo",
    "lt",
    "lv",
    "mg",
    "mk",
    "ml",
    "mn",
    "mr",
    "ms",
    "my",
    "ne",
    "nl",
    "no",
    "om",
    "or",
    "pa",
    "pl",
    "ps",
    "pt",
    "ro",
    "ru",
    "sa",
    "sd",
    "si",
    "sk",
    "sl",
    "so",
    "sq",
    "sr",
    "su",
    "sv",
    "sw",
    "ta",
    "te",
    "th",
    "tl",
    "tr",
    "ug",
    "uk",
    "ur",
    "uz",
    "vi",
    "xh",
    "yi",
    "zh",
    "arxiv:1911.02116",
    "license:mit",
    "autotrain_compatible",
    "endpoints_compatible",
    "region:us"
  ],
  "downloads": 4180644,
  "likes": 460,
  "modelId": "FacebookAI/xlm-roberta-large",
  "author": "FacebookAI",
  "sha": "c23d21b0620b635a76227c604d44e43a9f0ee389",
  "lastModified": "2024-02-19T12:48:30.000Z",
  "gated": false,
  "disabled": false,
  "mask_token": "<mask>",
  "model-index": null,
  "config": {
    "architectures": [
      "XLMRobertaForMaskedLM"
    ],
    "model_type": "xlm-roberta",
    "tokenizer_config": {}
  },
  "cardData": {
    "tags": [
      "exbert"
    ],
    "language": [
      "multilingual",
      "af",
      "am",
      "ar",
      "as",
      "az",
      "be",
      "bg",
      "bn",
      "br",
      "bs",
      "ca",
      "cs",
      "cy",
      "da",
      "de",
      "el",
      "en",
      "eo",
      "es",
      "et",
      "eu",
      "fa",
      "fi",
      "fr",
      "fy",
      "ga",
      "gd",
      "gl",
      "gu",
      "ha",
      "he",
      "hi",
      "hr",
      "hu",
      "hy",
      "id",
      "is",
      "it",
      "ja",
      "jv",
      "ka",
      "kk",
      "km",
      "kn",
      "ko",
      "ku",
      "ky",
      "la",
      "lo",
      "lt",
      "lv",
      "mg",
      "mk",
      "ml",
      "mn",
      "mr",
      "ms",
      "my",
      "ne",
      "nl",
      "no",
      "om",
      "or",
      "pa",
      "pl",
      "ps",
      "pt",
      "ro",
      "ru",
      "sa",
      "sd",
      "si",
      "sk",
      "sl",
      "so",
      "sq",
      "sr",
      "su",
      "sv",
      "sw",
      "ta",
      "te",
      "th",
      "tl",
      "tr",
      "ug",
      "uk",
      "ur",
      "uz",
      "vi",
      "xh",
      "yi",
      "zh"
    ],
    "license": "mit"
  },
  "transformersInfo": {
    "auto_model": "AutoModelForMaskedLM",
    "pipeline_tag": "fill-mask",
    "processor": "AutoTokenizer"
  },
  "siblings": [
    {
      "rfilename": ".gitattributes"
    },
    {
      "rfilename": "README.md"
    },
    {
      "rfilename": "config.json"
    },
    {
      "rfilename": "flax_model.msgpack"
    },
    {
      "rfilename": "model.safetensors"
    },
    {
      "rfilename": "onnx/config.json"
    },
    {
      "rfilename": "onnx/model.onnx"
    },
    {
      "rfilename": "onnx/model.onnx_data"
    },
    {
      "rfilename": "onnx/sentencepiece.bpe.model"
    },
    {
      "rfilename": "onnx/special_tokens_map.json"
    },
    {
      "rfilename": "onnx/tokenizer.json"
    },
    {
      "rfilename": "onnx/tokenizer_config.json"
    },
    {
      "rfilename": "pytorch_model.bin"
    },
    {
      "rfilename": "sentencepiece.bpe.model"
    },
    {
      "rfilename": "tf_model.h5"
    },
    {
      "rfilename": "tokenizer.json"
    },
    {
      "rfilename": "tokenizer_config.json"
    }
  ],
  "spaces": [
    "mteb/leaderboard",
    "multimodalart/self-forcing",
    "fffiloni/Meigen-MultiTalk",
    "Heartsync/VEO3-RealTime",
    "microsoft/llmlingua-2",
    "TencentARC/ToonComposer",
    "fffiloni/SkyReels-V2",
    "fffiloni/Wan2.1-VACE-1.3B",
    "fffiloni/Wan2.1",
    "mteb/leaderboard_legacy",
    "IndexTeam/AnisoraV3",
    "society-ethics/model-card-regulatory-check",
    "panuthept/thai_sentence_embedding_benchmark",
    "jbilcke-hf/Wan2GP_you_must_clone_this_space_to_use_it",
    "innoai/self-forcing",
    "ccolas/TastyPiano",
    "atlasia/Atlaset-Arena",
    "Dagfinn1962/Wan2.1",
    "Westlake-AGI-Lab/FlowDirector",
    "svjack/SkyReels-V2",
    "tsi-org/pixio-video-stream",
    "VIDraft/Wan2GP",
    "Phillipecastro/Wan2GP",
    "Wootang01/vocabulary_categorizer",
    "docs-demos/xlm-roberta-base",
    "danielsteinigen/NLP-Legal-Texts",
    "SantiagoMoreno-Col/NER_RC",
    "gdnjr5233-YOLOer/c2r",
    "jbilcke-hf/NON_WORKING_matrix_game_2",
    "YinmingHuang/StableAvatar",
    "ahdsoft/persian-keyphrase-extraction",
    "responsibility-framing/sociofillmore_public",
    "abidlabs/mteb-leaderboard",
    "Mschecht88/FacebookAI-xlm-roberta-large",
    "xet-team/finetune-dedupe",
    "SmileXing/leaderboard",
    "Bossmarc747/SkyReels-V2",
    "Dudu0043/SkyReels-V2",
    "halishrichard17/SkyReels-V2",
    "martylabs/Meigen-MultiTalk",
    "jbilcke-hf/fast-rendering-node-for-clapper",
    "rahul7star/WANGP1",
    "rahul7star/infinitetalk",
    "rjx/rjxai-text-cls",
    "micole66/decisionmaking66",
    "rjx/rjxai-text-cls-en",
    "Chirag1994/Multilingual_Toxic_Comment_Classifier",
    "JAdeojo/consumer-finance-complaints-app-demo",
    "medmac01/stable-diff-multilingual-v0.1",
    "pankaj100567/textual-similarity",
    "themanas021/llmlingua-2",
    "poltextlab/babel_machine",
    "qminh369/Compression",
    "qminh369/Compression_v1",
    "qminh369/Final_Compression",
    "Arafath10/llmlingua-2",
    "imalexianne/Covid_Vaccine_Tweets_Sentimental_Analysis",
    "dryouviavant/llmlingua-2",
    "SiddheshPegasus/FacebookAI-xlm-roberta-large",
    "loveitl/Promot-Compress",
    "Almaatla/llmlingua-2",
    "albertmartinez/SDG-Text-Classifier",
    "valentin-cardenoso/FacebookAI-xlm-roberta-large",
    "Keerthanaradjendirane/VA",
    "fhsp93/llmlingua-2",
    "securemy/FacebookAI-xlm-roberta-large",
    "MattBracc/FacebookAI-xlm-roberta-large",
    "ayanika/FacebookAI-xlm-roberta-large",
    "poltextlab/mores_pulse",
    "bhanukaonline/FacebookAI-xlm-roberta-large",
    "Lio2/Caleb",
    "sq66/leaderboard_legacy",
    "svjack/Wan2.1",
    "Jfjfujjuu/Wan2.1",
    "Vomux/Wan2.1",
    "ArrheniusC/Wan2.1",
    "happyenix/Wan2.1",
    "keisanmono/Wan2.1",
    "2chch/Wan2.1",
    "msoczka/FacebookAI-xlm-roberta-large",
    "rahul7star/Wan2.1",
    "Akchasuha/FacebookAI-xlm-roberta-large",
    "K00B404/Wan2.1",
    "MetuPoi/Wan21respect",
    "q275343119/leaderboard",
    "shigamasaomi/Wan2.1-Fixes",
    "baggy2797/ShortFormReelGen",
    "yuchangdy123/test",
    "FilipeR/SkyReels-V2-OK",
    "AyushM6/leaderboard",
    "emravoan/skyreels-v2",
    "Kingrane/SkyReels-V2",
    "14eee109giet/SkyReels-V2",
    "pablozamit/SkyReels-V2",
    "Carlex22222/SkyReels-V2",
    "martianband1t/Wan2.1-VACE-1.3B",
    "vulner/Wan2.1-VACE-1.3B",
    "wedyanessam/Real_Time_Interactive_Avatar_v2",
    "PecoWS/Wan2.1-VACE-1.3B",
    "raihan-tanvir/Bengali-HateVLM"
  ],
  "createdAt": "2022-03-02T23:29:04.000Z",
  "safetensors": {
    "parameters": {
      "F32": 561192082
    },
    "total": 561192082
  },
  "inference": "warm",
  "usedStorage": 15056462940
}