{
  "_id": "621ffdc036468d709f174367",
  "id": "FacebookAI/xlm-roberta-large-finetuned-conll03-english",
  "private": false,
  "pipeline_tag": "token-classification",
  "library_name": "transformers",
  "tags": [
    "transformers",
    "pytorch",
    "rust",
    "onnx",
    "safetensors",
    "xlm-roberta",
    "token-classification",
    "multilingual",
    "af",
    "am",
    "ar",
    "as",
    "az",
    "be",
    "bg",
    "bn",
    "br",
    "bs",
    "ca",
    "cs",
    "cy",
    "da",
    "de",
    "el",
    "en",
    "eo",
    "es",
    "et",
    "eu",
    "fa",
    "fi",
    "fr",
    "fy",
    "ga",
    "gd",
    "gl",
    "gu",
    "ha",
    "he",
    "hi",
    "hr",
    "hu",
    "hy",
    "id",
    "is",
    "it",
    "ja",
    "jv",
    "ka",
    "kk",
    "km",
    "kn",
    "ko",
    "ku",
    "ky",
    "la",
    "lo",
    "lt",
    "lv",
    "mg",
    "mk",
    "ml",
    "mn",
    "mr",
    "ms",
    "my",
    "ne",
    "nl",
    "no",
    "om",
    "or",
    "pa",
    "pl",
    "ps",
    "pt",
    "ro",
    "ru",
    "sa",
    "sd",
    "si",
    "sk",
    "sl",
    "so",
    "sq",
    "sr",
    "su",
    "sv",
    "sw",
    "ta",
    "te",
    "th",
    "tl",
    "tr",
    "ug",
    "uk",
    "ur",
    "uz",
    "vi",
    "xh",
    "yi",
    "zh",
    "arxiv:1911.02116",
    "arxiv:2008.03415",
    "arxiv:1910.09700",
    "autotrain_compatible",
    "endpoints_compatible",
    "region:us"
  ],
  "downloads": 109549,
  "likes": 172,
  "modelId": "FacebookAI/xlm-roberta-large-finetuned-conll03-english",
  "author": "FacebookAI",
  "sha": "18f95e9924f3f452df09cc90945073906ef18f1e",
  "lastModified": "2024-02-19T12:48:53.000Z",
  "gated": false,
  "disabled": false,
  "mask_token": "<mask>",
  "model-index": null,
  "config": {
    "architectures": [
      "XLMRobertaForTokenClassification"
    ],
    "model_type": "xlm-roberta",
    "tokenizer_config": {}
  },
  "cardData": {
    "language": [
      "multilingual",
      "af",
      "am",
      "ar",
      "as",
      "az",
      "be",
      "bg",
      "bn",
      "br",
      "bs",
      "ca",
      "cs",
      "cy",
      "da",
      "de",
      "el",
      "en",
      "eo",
      "es",
      "et",
      "eu",
      "fa",
      "fi",
      "fr",
      "fy",
      "ga",
      "gd",
      "gl",
      "gu",
      "ha",
      "he",
      "hi",
      "hr",
      "hu",
      "hy",
      "id",
      "is",
      "it",
      "ja",
      "jv",
      "ka",
      "kk",
      "km",
      "kn",
      "ko",
      "ku",
      "ky",
      "la",
      "lo",
      "lt",
      "lv",
      "mg",
      "mk",
      "ml",
      "mn",
      "mr",
      "ms",
      "my",
      "ne",
      "nl",
      "no",
      "om",
      "or",
      "pa",
      "pl",
      "ps",
      "pt",
      "ro",
      "ru",
      "sa",
      "sd",
      "si",
      "sk",
      "sl",
      "so",
      "sq",
      "sr",
      "su",
      "sv",
      "sw",
      "ta",
      "te",
      "th",
      "tl",
      "tr",
      "ug",
      "uk",
      "ur",
      "uz",
      "vi",
      "xh",
      "yi",
      "zh"
    ]
  },
  "transformersInfo": {
    "auto_model": "AutoModelForTokenClassification",
    "pipeline_tag": "token-classification",
    "processor": "AutoTokenizer"
  },
  "siblings": [
    {
      "rfilename": ".gitattributes"
    },
    {
      "rfilename": "README.md"
    },
    {
      "rfilename": "config.json"
    },
    {
      "rfilename": "model.safetensors"
    },
    {
      "rfilename": "onnx/added_tokens.json"
    },
    {
      "rfilename": "onnx/config.json"
    },
    {
      "rfilename": "onnx/model.onnx"
    },
    {
      "rfilename": "onnx/model.onnx_data"
    },
    {
      "rfilename": "onnx/sentencepiece.bpe.model"
    },
    {
      "rfilename": "onnx/special_tokens_map.json"
    },
    {
      "rfilename": "onnx/tokenizer.json"
    },
    {
      "rfilename": "onnx/tokenizer_config.json"
    },
    {
      "rfilename": "pytorch_model.bin"
    },
    {
      "rfilename": "rust_model.ot"
    },
    {
      "rfilename": "sentencepiece.bpe.model"
    },
    {
      "rfilename": "tokenizer.json"
    },
    {
      "rfilename": "tokenizer_config.json"
    }
  ],
  "spaces": [
    "nickmuchi/article-text-summarizer",
    "nickmuchi/Earnings-Call-Analysis-Whisperer",
    "miesnerjacob/Multi-task-NLP",
    "ml6team/post-processing-summarization",
    "ccolas/TastyPiano",
    "akdeniz27/turkish-named-entity-recognition",
    "jrc-ai/MultiNER-simplified",
    "Wootang01/vocabulary_categorizer",
    "arunavsk1/Pubmed-Named-Entity-Recognition",
    "DrDominikDellermann/InterviewAnalyzer",
    "petrsovadina/cz-PII",
    "jiazheng/post-processing-summarization",
    "dperales/ITACA_Insurance_Core_v4",
    "Quinniboi10/article-text-summarizer",
    "danielperales/ITACA_Insurace_NLP_v2",
    "sushant07/Summary",
    "nicpopovic/stoke",
    "destiratnakomala/NER",
    "dayannex/demo_security",
    "dayannex/anonimizador",
    "WhiteAngelss/turkce-varlik-tanima-teknofest-nlp",
    "Ricardo1999/TFM",
    "bluuebunny/RedactNLP",
    "hamdah926/NER_model_with_gradio",
    "Sunmar/ner_examples",
    "23IT137/Tamil-NER-App",
    "Harshb11/NLP_2k25_Project",
    "Sirapatrwan/Assignment5-2",
    "tiwari866/abhigyan",
    "scwaterbear/ner-intl-address",
    "JavierGuio/MultiNER"
  ],
  "createdAt": "2022-03-02T23:29:04.000Z",
  "safetensors": {
    "parameters": {
      "F32": 559898632
    },
    "total": 559898632
  },
  "inference": "warm",
  "usedStorage": 8986291143
}