{
  "_id": "621ffdc136468d709f17ae65",
  "id": "facebook/wav2vec2-large-960h-lv60-self",
  "private": false,
  "pipeline_tag": "automatic-speech-recognition",
  "library_name": "transformers",
  "tags": [
    "transformers",
    "pytorch",
    "tf",
    "jax",
    "wav2vec2",
    "automatic-speech-recognition",
    "speech",
    "audio",
    "hf-asr-leaderboard",
    "en",
    "dataset:librispeech_asr",
    "arxiv:2010.11430",
    "arxiv:2006.11477",
    "license:apache-2.0",
    "model-index",
    "endpoints_compatible",
    "region:us"
  ],
  "downloads": 57262,
  "likes": 151,
  "modelId": "facebook/wav2vec2-large-960h-lv60-self",
  "author": "facebook",
  "sha": "54074b1c16f4de6a5ad59affb4caa8f2ea03a119",
  "lastModified": "2022-05-23T16:13:42.000Z",
  "gated": false,
  "disabled": false,
  "model-index": [
    {
      "name": "wav2vec2-large-960h-lv60",
      "results": [
        {
          "task": {
            "name": "Automatic Speech Recognition",
            "type": "automatic-speech-recognition"
          },
          "dataset": {
            "name": "LibriSpeech (clean)",
            "type": "librispeech_asr",
            "config": "clean",
            "split": "test",
            "args": {
              "language": "en"
            }
          },
          "metrics": [
            {
              "name": "Test WER",
              "type": "wer",
              "value": 1.9,
              "verified": false
            }
          ]
        },
        {
          "task": {
            "name": "Automatic Speech Recognition",
            "type": "automatic-speech-recognition"
          },
          "dataset": {
            "name": "LibriSpeech (other)",
            "type": "librispeech_asr",
            "config": "other",
            "split": "test",
            "args": {
              "language": "en"
            }
          },
          "metrics": [
            {
              "name": "Test WER",
              "type": "wer",
              "value": 3.9,
              "verified": false
            }
          ]
        }
      ]
    }
  ],
  "config": {
    "architectures": [
      "Wav2Vec2ForCTC"
    ],
    "model_type": "wav2vec2",
    "tokenizer_config": {
      "unk_token": "<unk>",
      "bos_token": "<s>",
      "eos_token": "</s>",
      "pad_token": "<pad>"
    }
  },
  "cardData": {
    "language": "en",
    "datasets": [
      "librispeech_asr"
    ],
    "tags": [
      "speech",
      "audio",
      "automatic-speech-recognition",
      "hf-asr-leaderboard"
    ],
    "license": "apache-2.0",
    "model-index": [
      {
        "name": "wav2vec2-large-960h-lv60",
        "results": [
          {
            "task": {
              "name": "Automatic Speech Recognition",
              "type": "automatic-speech-recognition"
            },
            "dataset": {
              "name": "LibriSpeech (clean)",
              "type": "librispeech_asr",
              "config": "clean",
              "split": "test",
              "args": {
                "language": "en"
              }
            },
            "metrics": [
              {
                "name": "Test WER",
                "type": "wer",
                "value": 1.9,
                "verified": false
              }
            ]
          },
          {
            "task": {
              "name": "Automatic Speech Recognition",
              "type": "automatic-speech-recognition"
            },
            "dataset": {
              "name": "LibriSpeech (other)",
              "type": "librispeech_asr",
              "config": "other",
              "split": "test",
              "args": {
                "language": "en"
              }
            },
            "metrics": [
              {
                "name": "Test WER",
                "type": "wer",
                "value": 3.9,
                "verified": false
              }
            ]
          }
        ]
      }
    ]
  },
  "transformersInfo": {
    "auto_model": "AutoModelForCTC",
    "pipeline_tag": "automatic-speech-recognition",
    "processor": "AutoProcessor"
  },
  "siblings": [
    {
      "rfilename": ".gitattributes"
    },
    {
      "rfilename": "README.md"
    },
    {
      "rfilename": "config.json"
    },
    {
      "rfilename": "feature_extractor_config.json"
    },
    {
      "rfilename": "flax_model.msgpack"
    },
    {
      "rfilename": "preprocessor_config.json"
    },
    {
      "rfilename": "pytorch_model.bin"
    },
    {
      "rfilename": "special_tokens_map.json"
    },
    {
      "rfilename": "tf_model.h5"
    },
    {
      "rfilename": "tokenizer_config.json"
    },
    {
      "rfilename": "vocab.json"
    }
  ],
  "spaces": [
    "radames/edit-video-by-editing-text",
    "abnerh/video-to-subs",
    "Cahlil/Speech-Recognition-with-Speaker-Segmentation",
    "capstonedubtrack/Indiclanguagedubbing",
    "Nymbo/edit-video-by-editing-text",
    "nata0801/RuEn_ASR_with_Voice_Recorder",
    "renatotn7/editarVideoAtravesDeTexto",
    "Deepsheka/newdemo-app",
    "Taylor658/video_edit_by_text",
    "wasertech/open_asr_leaderboard",
    "FahadAlam/Speaker-Diarization",
    "nata0801/ASR_Transformers_EnRuFr",
    "gngpostalsrvc/Hyderabad_India_AI_Soft_skills",
    "PeepDaSlan9/facebook-wav2vec2-large-960h-lv60-self",
    "martinoyovo/voice-sentiment-analysis",
    "datasciencedojo/Speaker-Diarization",
    "zjrwtx/voice_to_text",
    "asolopovas/speech-recognition",
    "pchavaux01/speech-to-text",
    "awacke1/ASR-facebook-wav2vec2-large-960h-lv60-self",
    "pkyriakis/facebook-wav2vec2-large-960h-lv60-self",
    "dimafatality/facebook-wav2vec2-large-960h-lv60-self",
    "spnq/facebook-wav2vec2-large-960h-lv60-self",
    "ZeroCommand/facebook-wav2vec2-large-960h-lv60-self",
    "mikaelduce/facebook-wav2vec2-large-960h-lv60-self",
    "guma/facebook-wav2vec2-large-960h-lv60-self",
    "MusaBukhari237/facebook-wav2vec2-large-960h-lv60-self",
    "HaawkeNeural/facebook-wav2vec2-large-960h-lv60-self",
    "inoculatemedia/wav3vec",
    "HaawkeNeural/fb-wav2vec2-large-960h-lv60",
    "inoculatemedia/facebook-wav2vec2-large-960h-lv60-self",
    "inoculatemedia/wav2vec2",
    "AICOE-Datamatics/facebook-wav2vec2-large-960h-lv60-self",
    "Raushan-123/video-editing",
    "Rajesh1970/facebook-wav2vec2-large-960h-lv60-self",
    "fantos/vidvedit",
    "Valdis35/audio-to-text-gradio-rus",
    "hankzero00001/edit-video-by-editing-text",
    "thepianist9/LinlyTalk",
    "cnywt/SyncTalk",
    "soketlabs/Multilingual_Audio_Pragna_ChatBot",
    "LordCoffee/facebook-wav2vec2-large-960h-lv60-self",
    "thepianist9/Loonly",
    "thepianist9/lop",
    "united-avatars/linly",
    "Merlintxu/Diarization",
    "deanvideoremix/edit-video-by-editing-text",
    "KDM999/asr-multimodel-comparison",
    "BeastGokul/Communication-coach",
    "benfls/Final_Assignment_Template",
    "Samuelblue/edit-video-by-editing-text-but-better",
    "Hayloo9838/wav2vec2-playground",
    "tatianija/Final_Assignment_Template",
    "yeonggjunn/pronunciation",
    "mckbalde/sentiment-audio-detector",
    "KuyaToto/wav2vec-api"
  ],
  "createdAt": "2022-03-02T23:29:05.000Z",
  "usedStorage": 6310680576
}