{
  "_id": "621ffdc036468d709f17560d",
  "id": "Geotrend/bert-base-15lang-cased",
  "private": false,
  "pipeline_tag": "fill-mask",
  "library_name": "transformers",
  "tags": [
    "transformers",
    "pytorch",
    "tf",
    "jax",
    "safetensors",
    "bert",
    "fill-mask",
    "multilingual",
    "en",
    "fr",
    "es",
    "de",
    "zh",
    "ar",
    "ru",
    "vi",
    "el",
    "bg",
    "th",
    "tr",
    "hi",
    "ur",
    "sw",
    "dataset:wikipedia",
    "license:apache-2.0",
    "autotrain_compatible",
    "endpoints_compatible",
    "region:us"
  ],
  "downloads": 7,
  "likes": 5,
  "modelId": "Geotrend/bert-base-15lang-cased",
  "author": "Geotrend",
  "sha": "50e17f496053c109c45cd9acf169d9d7dd01986e",
  "lastModified": "2023-09-15T07:47:55.000Z",
  "gated": false,
  "disabled": false,
  "mask_token": "[MASK]",
  "widgetData": [
    {
      "text": "Google generated 46 billion [MASK] in revenue."
    },
    {
      "text": "Paris is the capital of [MASK]."
    },
    {
      "text": "Algiers is the largest city in [MASK]."
    },
    {
      "text": "Paris est la [MASK] de la France."
    },
    {
      "text": "Paris est la capitale de la [MASK]."
    },
    {
      "text": "L'\u00e9lection am\u00e9ricaine a eu [MASK] en novembre 2020."
    },
    {
      "text": "\u062a\u0642\u0639 \u0633\u0648\u064a\u0633\u0631\u0627 \u0641\u064a [MASK] \u0623\u0648\u0631\u0648\u0628\u0627"
    },
    {
      "text": "\u0625\u0633\u0645\u064a \u0645\u062d\u0645\u062f \u0648\u0623\u0633\u0643\u0646 \u0641\u064a [MASK]."
    }
  ],
  "model-index": null,
  "config": {
    "architectures": [
      "BertForMaskedLM"
    ],
    "model_type": "bert",
    "tokenizer_config": {},
    "additional_chat_templates": {}
  },
  "cardData": {
    "language": [
      "multilingual",
      "en",
      "fr",
      "es",
      "de",
      "zh",
      "ar",
      "ru",
      "vi",
      "el",
      "bg",
      "th",
      "tr",
      "hi",
      "ur",
      "sw"
    ],
    "datasets": "wikipedia",
    "license": "apache-2.0",
    "widget": [
      {
        "text": "Google generated 46 billion [MASK] in revenue."
      },
      {
        "text": "Paris is the capital of [MASK]."
      },
      {
        "text": "Algiers is the largest city in [MASK]."
      },
      {
        "text": "Paris est la [MASK] de la France."
      },
      {
        "text": "Paris est la capitale de la [MASK]."
      },
      {
        "text": "L'\u00e9lection am\u00e9ricaine a eu [MASK] en novembre 2020."
      },
      {
        "text": "\u062a\u0642\u0639 \u0633\u0648\u064a\u0633\u0631\u0627 \u0641\u064a [MASK] \u0623\u0648\u0631\u0648\u0628\u0627"
      },
      {
        "text": "\u0625\u0633\u0645\u064a \u0645\u062d\u0645\u062f \u0648\u0623\u0633\u0643\u0646 \u0641\u064a [MASK]."
      }
    ]
  },
  "transformersInfo": {
    "auto_model": "AutoModelForMaskedLM",
    "pipeline_tag": "fill-mask",
    "processor": "AutoTokenizer"
  },
  "siblings": [
    {
      "rfilename": ".gitattributes"
    },
    {
      "rfilename": "README.md"
    },
    {
      "rfilename": "config.json"
    },
    {
      "rfilename": "flax_model.msgpack"
    },
    {
      "rfilename": "model.safetensors"
    },
    {
      "rfilename": "pytorch_model.bin"
    },
    {
      "rfilename": "tf_model.h5"
    },
    {
      "rfilename": "tokenizer_config.json"
    },
    {
      "rfilename": "vocab.txt"
    }
  ],
  "spaces": [
    "mteb/leaderboard",
    "mteb/leaderboard_legacy",
    "SmileXing/leaderboard",
    "sq66/leaderboard_legacy",
    "q275343119/leaderboard",
    "AyushM6/leaderboard",
    "shiwan7788/leaderboard",
    "Chengyanci/11",
    "yanciyuyu/1",
    "n8n-1/8",
    "reader-1/1"
  ],
  "createdAt": "2022-03-02T23:29:04.000Z",
  "safetensors": {
    "parameters": {
      "I64": 512,
      "F32": 141085593
    },
    "total": 141086105
  },
  "usedStorage": 2482171648
}