{
  "_id": "667928b020ff491d38a652ad",
  "id": "google/gemma-2-27b-it",
  "private": false,
  "pipeline_tag": "text-generation",
  "library_name": "transformers",
  "tags": [
    "transformers",
    "safetensors",
    "gemma2",
    "text-generation",
    "conversational",
    "arxiv:2009.03300",
    "arxiv:1905.07830",
    "arxiv:1911.11641",
    "arxiv:1904.09728",
    "arxiv:1905.10044",
    "arxiv:1907.10641",
    "arxiv:1811.00937",
    "arxiv:1809.02789",
    "arxiv:1911.01547",
    "arxiv:1705.03551",
    "arxiv:2107.03374",
    "arxiv:2108.07732",
    "arxiv:2110.14168",
    "arxiv:2009.11462",
    "arxiv:2101.11718",
    "arxiv:2110.08193",
    "arxiv:1804.09301",
    "arxiv:2109.07958",
    "arxiv:1804.06876",
    "arxiv:2103.03874",
    "arxiv:2304.06364",
    "arxiv:2206.04615",
    "arxiv:2203.09509",
    "base_model:google/gemma-2-27b",
    "base_model:finetune:google/gemma-2-27b",
    "license:gemma",
    "autotrain_compatible",
    "text-generation-inference",
    "endpoints_compatible",
    "region:us"
  ],
  "downloads": 99659,
  "likes": 548,
  "modelId": "google/gemma-2-27b-it",
  "author": "google",
  "sha": "aaf20e6b9f4c0fcf043f6fb2a2068419086d77b0",
  "lastModified": "2024-08-27T19:41:54.000Z",
  "gated": "manual",
  "disabled": false,
  "widgetData": [
    {
      "text": "Hi, what can you help me with?"
    },
    {
      "text": "What is 84 * 3 / 2?"
    },
    {
      "text": "Tell me an interesting fact about the universe!"
    },
    {
      "text": "Explain quantum computing in simple terms."
    }
  ],
  "model-index": null,
  "config": {
    "architectures": [
      "Gemma2ForCausalLM"
    ],
    "model_type": "gemma2",
    "tokenizer_config": {
      "bos_token": "<bos>",
      "chat_template": "{{ bos_token }}{% if messages[0]['role'] == 'system' %}{{ raise_exception('System role not supported') }}{% endif %}{% for message in messages %}{% if (message['role'] == 'user') != (loop.index0 % 2 == 0) %}{{ raise_exception('Conversation roles must alternate user/assistant/user/assistant/...') }}{% endif %}{% if (message['role'] == 'assistant') %}{% set role = 'model' %}{% else %}{% set role = message['role'] %}{% endif %}{{ '<start_of_turn>' + role + '\n' + message['content'] | trim + '<end_of_turn>\n' }}{% endfor %}{% if add_generation_prompt %}{{'<start_of_turn>model\n'}}{% endif %}",
      "eos_token": "<eos>",
      "pad_token": "<pad>",
      "unk_token": "<unk>",
      "use_default_system_prompt": false
    }
  },
  "cardData": {
    "license": "gemma",
    "library_name": "transformers",
    "pipeline_tag": "text-generation",
    "extra_gated_heading": "Access Gemma on Hugging Face",
    "extra_gated_prompt": "To access Gemma on Hugging Face, you\u2019re required to review and agree to Google\u2019s usage license. To do this, please ensure you\u2019re logged in to Hugging Face and click below. Requests are processed immediately.",
    "extra_gated_button_content": "Acknowledge license",
    "base_model": "google/gemma-2-27b"
  },
  "transformersInfo": {
    "auto_model": "AutoModelForCausalLM",
    "pipeline_tag": "text-generation",
    "processor": "AutoTokenizer"
  },
  "siblings": [
    {
      "rfilename": ".gitattributes"
    },
    {
      "rfilename": "README.md"
    },
    {
      "rfilename": "config.json"
    },
    {
      "rfilename": "generation_config.json"
    },
    {
      "rfilename": "model-00001-of-00012.safetensors"
    },
    {
      "rfilename": "model-00002-of-00012.safetensors"
    },
    {
      "rfilename": "model-00003-of-00012.safetensors"
    },
    {
      "rfilename": "model-00004-of-00012.safetensors"
    },
    {
      "rfilename": "model-00005-of-00012.safetensors"
    },
    {
      "rfilename": "model-00006-of-00012.safetensors"
    },
    {
      "rfilename": "model-00007-of-00012.safetensors"
    },
    {
      "rfilename": "model-00008-of-00012.safetensors"
    },
    {
      "rfilename": "model-00009-of-00012.safetensors"
    },
    {
      "rfilename": "model-00010-of-00012.safetensors"
    },
    {
      "rfilename": "model-00011-of-00012.safetensors"
    },
    {
      "rfilename": "model-00012-of-00012.safetensors"
    },
    {
      "rfilename": "model.safetensors.index.json"
    },
    {
      "rfilename": "special_tokens_map.json"
    },
    {
      "rfilename": "tokenizer.json"
    },
    {
      "rfilename": "tokenizer.model"
    },
    {
      "rfilename": "tokenizer_config.json"
    },
    {
      "rfilename": "transformers/transformers-4.42.0.dev0-py3-none-any.whl"
    }
  ],
  "spaces": [
    "eduagarcia/open_pt_llm_leaderboard",
    "gokaygokay/Gemma-2-llamacpp",
    "huggingface-projects/gemma-2-9b-it",
    "huggingface-projects/gemma-2-2b-it",
    "logikon/open_cot_leaderboard",
    "flowers-team/StickToYourRoleLeaderboard",
    "KBaba7/Quant",
    "pabloce/llama-cpp-agent",
    "Crisp-Unimib/INVALSIbenchmark",
    "NiansuhAI/HFLLMs",
    "poscye/google-go",
    "AiActivity/AI-Assistant",
    "phyloforfun/VoucherVision",
    "Ivan000/Web-page-generator",
    "NiansuhAI/Main",
    "cot-leaderboard/open-cot-dashboard",
    "yanolja/arena",
    "bhaskartripathi/LLM_Quantization",
    "ruslanmv/convert_to_gguf",
    "atlasia/darija-tokenizers-leaderboard",
    "FallnAI/Quantize-HF-Models",
    "randyammar/gemma-2-9b-it-GGUF",
    "Ivan000/Voice-Assistant",
    "fsadeek/gemma-fine-tuning",
    "awacke1/ChatStreamlitMultiplayer",
    "totolook/Quant",
    "Akjava/open_Deep-Research-DuckDuckGo",
    "saikub/chatB",
    "Ffftdtd5dtft/gfgf",
    "UD-Filipino/filbench-leaderboard",
    "amirhoseinsedaghati/Native_Chatbot",
    "YoussefSharawy91/PowerPoint-Translation-tarGEM",
    "Akjava/open_Deep-Research-DuckDuckGo-Groq",
    "zhwang4ai/GenerativeReasoningBenchmark",
    "aixsatoshi/Honyaku-Gemma2",
    "Sev-X/Test-AI",
    "leafspark/BaseBench",
    "Atreyu4EVR/Multi-OpenSource",
    "Shreyas094/llama-cpp-agent",
    "sanbo1200/Main1",
    "Lyte/tokenizer-leaderboard",
    "K00B404/LLM_Quantization",
    "chipling/api",
    "seawolf2357/LLM_Quantization",
    "Josjoe/google-gemma-2-27b-it",
    "ariankhalfani/OpenLLMs",
    "SharryOG/Webscout-API",
    "ahricat/google-gemma-2-27b-it",
    "sanbo1200/google-gemma-2-27b-it",
    "saneowl/google-gemma-2-27b-it",
    "uasuqs/ijuhhb",
    "ggupp/gemma-2-9b-it",
    "locorene1000/gemma-2-9b-it",
    "0ppxnhximxr/google-gemma-2-27b-it",
    "ziffir/GemmaGPT",
    "TaskeenJafri/gemma-2-9b-it",
    "Reza2002/google-gemma-2-27b-it",
    "meidkad/test5",
    "ChadLee/google-gemma-2-27b-it",
    "meidkad/test6",
    "yayablaze/google-gemma-2-27b-it",
    "ehristoforu/gemma-2-9b-it",
    "rajivmehtapy/llama-cpp-agent",
    "twn39/starship",
    "Sergeysedikh/gemma-2-9b-it",
    "isl-research/KCE_NVIDIA",
    "powerstone/google-gemma-2-27b-it",
    "pvanand/general_chat",
    "daniellp/HFLLMs",
    "PinkAlpaca/gemma-2-2b-it",
    "pvanand/audio_chat",
    "EnverLee/laweyedev",
    "Xhaheen/AI_safety_testing",
    "hastursan/google-gemma-2-27b-it",
    "mnajjar/google-gemma-2-27b-it",
    "Moreza009/llama-cpp-aya",
    "Xhaheen/phoeniks_redteamers",
    "Shreyas094/google-go",
    "jerukperas/chatbot",
    "FayikSuhail/LLMIntro",
    "pvanand/specialized-agents-api",
    "nymanromeo123/gemma-2-9b-it",
    "Aqcua/27B-Model",
    "ysharma/gemma-2-2b-it",
    "richardskimco/google-gemma",
    "Leri777/gemma-2-9b-it1",
    "srinuksv/Main",
    "jonathanmutal/gemma-2-2b-it",
    "rohitmenonhart/gemma-2-9b-it",
    "Charan5775/ai_by_me",
    "aleatoriedadesgpt/google-gemma-2-27b-it",
    "Shiv-p983/gemma-2-9b-it",
    "dawood/anychat",
    "vuxuanhoan/anychat",
    "gen6scp/gemma-2-2b-it",
    "saidsax/google-gemma-2-27b-it",
    "Mackintoshj/anychat",
    "mariamgvelesiani/anychat",
    "yalotaibii/anychat",
    "ilovemystagename/anychat"
  ],
  "createdAt": "2024-06-24T08:05:04.000Z",
  "safetensors": {
    "parameters": {
      "BF16": 27227128320
    },
    "total": 27227128320
  },
  "usedStorage": 54521211517
}