{
  "_id": "621ffdc036468d709f174338",
  "id": "google-bert/bert-base-uncased",
  "private": false,
  "pipeline_tag": "fill-mask",
  "library_name": "transformers",
  "tags": [
    "transformers",
    "pytorch",
    "tf",
    "jax",
    "rust",
    "coreml",
    "onnx",
    "safetensors",
    "bert",
    "fill-mask",
    "exbert",
    "en",
    "dataset:bookcorpus",
    "dataset:wikipedia",
    "arxiv:1810.04805",
    "license:apache-2.0",
    "autotrain_compatible",
    "endpoints_compatible",
    "region:us"
  ],
  "downloads": 52661568,
  "likes": 2387,
  "modelId": "google-bert/bert-base-uncased",
  "author": "google-bert",
  "sha": "86b5e0934494bd15c9632b12f734a8a67f723594",
  "lastModified": "2024-02-19T11:06:12.000Z",
  "gated": false,
  "disabled": false,
  "mask_token": "[MASK]",
  "widgetData": [
    {
      "text": "Paris is the [MASK] of France."
    },
    {
      "text": "The goal of life is [MASK]."
    }
  ],
  "model-index": null,
  "config": {
    "architectures": [
      "BertForMaskedLM"
    ],
    "model_type": "bert",
    "tokenizer_config": {}
  },
  "cardData": {
    "language": "en",
    "tags": [
      "exbert"
    ],
    "license": "apache-2.0",
    "datasets": [
      "bookcorpus",
      "wikipedia"
    ]
  },
  "transformersInfo": {
    "auto_model": "AutoModelForMaskedLM",
    "pipeline_tag": "fill-mask",
    "processor": "AutoTokenizer"
  },
  "siblings": [
    {
      "rfilename": ".gitattributes"
    },
    {
      "rfilename": "LICENSE"
    },
    {
      "rfilename": "README.md"
    },
    {
      "rfilename": "config.json"
    },
    {
      "rfilename": "coreml/fill-mask/float32_model.mlpackage/Data/com.apple.CoreML/model.mlmodel"
    },
    {
      "rfilename": "coreml/fill-mask/float32_model.mlpackage/Data/com.apple.CoreML/weights/weight.bin"
    },
    {
      "rfilename": "coreml/fill-mask/float32_model.mlpackage/Manifest.json"
    },
    {
      "rfilename": "flax_model.msgpack"
    },
    {
      "rfilename": "model.onnx"
    },
    {
      "rfilename": "model.safetensors"
    },
    {
      "rfilename": "pytorch_model.bin"
    },
    {
      "rfilename": "rust_model.ot"
    },
    {
      "rfilename": "tf_model.h5"
    },
    {
      "rfilename": "tokenizer.json"
    },
    {
      "rfilename": "tokenizer_config.json"
    },
    {
      "rfilename": "vocab.txt"
    }
  ],
  "spaces": [
    "mteb/leaderboard",
    "microsoft/HuggingGPT",
    "Vision-CAIR/minigpt4",
    "lnyan/stablediffusion-infinity",
    "multimodalart/latentdiffusion",
    "mrfakename/MeloTTS",
    "Salesforce/BLIP",
    "shi-labs/Versatile-Diffusion",
    "yizhangliu/Grounded-Segment-Anything",
    "stepfun-ai/Step1X-Edit",
    "H-Liu1997/TANGO",
    "xinyu1205/recognize-anything",
    "cvlab/zero123-live",
    "hilamanor/audioEditing",
    "alexnasa/Chain-of-Zoom",
    "AIGC-Audio/AudioGPT",
    "Audio-AGI/AudioSep",
    "m-ric/chunk_visualizer",
    "jadechoghari/OpenMusic",
    "DAMO-NLP-SG/Video-LLaMA",
    "gligen/demo",
    "declare-lab/mustango",
    "Yiwen-ntu/MeshAnything",
    "exbert-project/exbert",
    "shgao/EditAnything",
    "LiruiZhao/Diffree",
    "Vision-CAIR/MiniGPT-v2",
    "nikigoli/countgd",
    "Yuliang/ECON",
    "THUdyh/Oryx",
    "IDEA-Research/Grounded-SAM",
    "Awiny/Image2Paragraph",
    "ShilongLiu/Grounding_DINO_demo",
    "OpenSound/CapSpeech-TTS",
    "merve/Grounding_DINO_demo",
    "yangheng/Super-Resolution-Anime-Diffusion",
    "liuyuan-pal/SyncDreamer",
    "XiangJinYu/SPO",
    "sam-hq-team/sam-hq",
    "haotiz/glip-zeroshot-demo",
    "TencentARC/BrushEdit",
    "Nick088/Audio-SR",
    "nateraw/lavila",
    "abyildirim/inst-inpaint",
    "Yiwen-ntu/MeshAnythingV2",
    "Pinwheel/GLIP-BLIP-Object-Detection-VQA",
    "Junfeng5/GLEE_demo",
    "shi-labs/Matting-Anything",
    "fffiloni/Video-Matting-Anything",
    "multimodalart/MoDA-fast-talking-head",
    "burtenshaw/autotrain-mcp",
    "Vision-CAIR/MiniGPT4-video",
    "linfanluntan/Grounded-SAM",
    "magicr/BuboGPT",
    "WensongSong/Insert-Anything",
    "nvidia/audio-flamingo-2",
    "clip-italian/clip-italian-demo",
    "OpenGVLab/InternGPT",
    "mteb/leaderboard_legacy",
    "3DTopia/3DTopia",
    "yenniejun/tokenizers-languages",
    "mmlab-ntu/relate-anything-model",
    "amphion/PicoAudio",
    "byeongjun-park/HarmonyView",
    "keras-io/bert-semantic-similarity",
    "MirageML/sjc",
    "fffiloni/vta-ldm",
    "NAACL2022/CLIP-Caption-Reward",
    "society-ethics/model-card-regulatory-check",
    "fffiloni/miniGPT4-Video-Zero",
    "AIGC-Audio/AudioLCM",
    "Gladiator/Text-Summarizer",
    "SVGRender/DiffSketcher",
    "ethanchern/Anole",
    "LittleFrog/IntrinsicAnything",
    "milyiyo/reimagine-it",
    "ysharma/text-to-image-to-video",
    "OpenGVLab/VideoChatGPT",
    "acmc/whatsapp-chats-finetuning-formatter",
    "ZebangCheng/Emotion-LLaMA",
    "zakaria-narjis/photo-enhancer",
    "kaushalya/medclip-roco",
    "AIGC-Audio/Make_An_Audio",
    "avid-ml/bias-detection",
    "sonalkum/GAMA",
    "topdu/OpenOCR-Demo",
    "RitaParadaRamos/SmallCapDemo",
    "llizhx/TinyGPT-V",
    "codelion/Grounding_DINO_demo",
    "flosstradamus/FluxMusicGUI",
    "bartar/tokenizers",
    "Tinkering/Pytorch-day-prez",
    "sasha/BiasDetection",
    "Pusheen/LoCo",
    "Jingkang/EgoGPT-7B",
    "flax-community/koclip",
    "TencentARC/VLog",
    "ynhe/AskAnything",
    "Volkopat/SegmentAnythingxGroundingDINO",
    "phyloforfun/VoucherVision"
  ],
  "createdAt": "2022-03-02T23:29:04.000Z",
  "safetensors": {
    "parameters": {
      "F32": 110106428
    },
    "total": 110106428
  },
  "inference": "warm",
  "usedStorage": 13397387509
}