{
  "_id": "67c35be6eae05d8f94fae4c2",
  "id": "google/gemma-3-12b-it",
  "private": false,
  "pipeline_tag": "image-text-to-text",
  "library_name": "transformers",
  "tags": [
    "transformers",
    "safetensors",
    "gemma3",
    "image-text-to-text",
    "conversational",
    "arxiv:1905.07830",
    "arxiv:1905.10044",
    "arxiv:1911.11641",
    "arxiv:1904.09728",
    "arxiv:1705.03551",
    "arxiv:1911.01547",
    "arxiv:1907.10641",
    "arxiv:1903.00161",
    "arxiv:2009.03300",
    "arxiv:2304.06364",
    "arxiv:2103.03874",
    "arxiv:2110.14168",
    "arxiv:2311.12022",
    "arxiv:2108.07732",
    "arxiv:2107.03374",
    "arxiv:2210.03057",
    "arxiv:2106.03193",
    "arxiv:1910.11856",
    "arxiv:2502.12404",
    "arxiv:2502.21228",
    "arxiv:2404.16816",
    "arxiv:2104.12756",
    "arxiv:2311.16502",
    "arxiv:2203.10244",
    "arxiv:2404.12390",
    "arxiv:1810.12440",
    "arxiv:1908.02660",
    "arxiv:2312.11805",
    "base_model:google/gemma-3-12b-pt",
    "base_model:finetune:google/gemma-3-12b-pt",
    "license:gemma",
    "text-generation-inference",
    "endpoints_compatible",
    "region:us"
  ],
  "downloads": 444701,
  "likes": 499,
  "modelId": "google/gemma-3-12b-it",
  "author": "google",
  "sha": "96b6f1eccf38110c56df3a15bffe176da04bfd80",
  "lastModified": "2025-03-21T20:28:56.000Z",
  "gated": "manual",
  "disabled": false,
  "widgetData": [
    {
      "text": "Hi, what can you help me with?"
    },
    {
      "text": "What is 84 * 3 / 2?"
    },
    {
      "text": "Tell me an interesting fact about the universe!"
    },
    {
      "text": "Explain quantum computing in simple terms."
    }
  ],
  "model-index": null,
  "config": {
    "architectures": [
      "Gemma3ForConditionalGeneration"
    ],
    "model_type": "gemma3",
    "processor_config": {
      "chat_template": "{{ bos_token }}\n{%- if messages[0]['role'] == 'system' -%}\n    {%- if messages[0]['content'] is string -%}\n        {%- set first_user_prefix = messages[0]['content'] + '\n\n' -%}\n    {%- else -%}\n        {%- set first_user_prefix = messages[0]['content'][0]['text'] + '\n\n' -%}\n    {%- endif -%}\n    {%- set loop_messages = messages[1:] -%}\n{%- else -%}\n    {%- set first_user_prefix = \"\" -%}\n    {%- set loop_messages = messages -%}\n{%- endif -%}\n{%- for message in loop_messages -%}\n    {%- if (message['role'] == 'user') != (loop.index0 % 2 == 0) -%}\n        {{ raise_exception(\"Conversation roles must alternate user/assistant/user/assistant/...\") }}\n    {%- endif -%}\n    {%- if (message['role'] == 'assistant') -%}\n        {%- set role = \"model\" -%}\n    {%- else -%}\n        {%- set role = message['role'] -%}\n    {%- endif -%}\n    {{ '<start_of_turn>' + role + '\n' + (first_user_prefix if loop.first else \"\") }}\n    {%- if message['content'] is string -%}\n        {{ message['content'] | trim }}\n    {%- elif message['content'] is iterable -%}\n        {%- for item in message['content'] -%}\n            {%- if item['type'] == 'image' -%}\n                {{ '<start_of_image>' }}\n            {%- elif item['type'] == 'text' -%}\n                {{ item['text'] | trim }}\n            {%- endif -%}\n        {%- endfor -%}\n    {%- else -%}\n        {{ raise_exception(\"Invalid content type\") }}\n    {%- endif -%}\n    {{ '<end_of_turn>\n' }}\n{%- endfor -%}\n{%- if add_generation_prompt -%}\n    {{'<start_of_turn>model\n'}}\n{%- endif -%}\n"
    },
    "tokenizer_config": {
      "bos_token": "<bos>",
      "chat_template": "{{ bos_token }}\n{%- if messages[0]['role'] == 'system' -%}\n    {%- if messages[0]['content'] is string -%}\n        {%- set first_user_prefix = messages[0]['content'] + '\n\n' -%}\n    {%- else -%}\n        {%- set first_user_prefix = messages[0]['content'][0]['text'] + '\n\n' -%}\n    {%- endif -%}\n    {%- set loop_messages = messages[1:] -%}\n{%- else -%}\n    {%- set first_user_prefix = \"\" -%}\n    {%- set loop_messages = messages -%}\n{%- endif -%}\n{%- for message in loop_messages -%}\n    {%- if (message['role'] == 'user') != (loop.index0 % 2 == 0) -%}\n        {{ raise_exception(\"Conversation roles must alternate user/assistant/user/assistant/...\") }}\n    {%- endif -%}\n    {%- if (message['role'] == 'assistant') -%}\n        {%- set role = \"model\" -%}\n    {%- else -%}\n        {%- set role = message['role'] -%}\n    {%- endif -%}\n    {{ '<start_of_turn>' + role + '\n' + (first_user_prefix if loop.first else \"\") }}\n    {%- if message['content'] is string -%}\n        {{ message['content'] | trim }}\n    {%- elif message['content'] is iterable -%}\n        {%- for item in message['content'] -%}\n            {%- if item['type'] == 'image' -%}\n                {{ '<start_of_image>' }}\n            {%- elif item['type'] == 'text' -%}\n                {{ item['text'] | trim }}\n            {%- endif -%}\n        {%- endfor -%}\n    {%- else -%}\n        {{ raise_exception(\"Invalid content type\") }}\n    {%- endif -%}\n    {{ '<end_of_turn>\n' }}\n{%- endfor -%}\n{%- if add_generation_prompt -%}\n    {{'<start_of_turn>model\n'}}\n{%- endif -%}\n",
      "eos_token": "<eos>",
      "pad_token": "<pad>",
      "unk_token": "<unk>",
      "use_default_system_prompt": false
    }
  },
  "cardData": {
    "license": "gemma",
    "library_name": "transformers",
    "pipeline_tag": "image-text-to-text",
    "extra_gated_heading": "Access Gemma on Hugging Face",
    "extra_gated_prompt": "To access Gemma on Hugging Face, you\u2019re required to review and agree to Google\u2019s usage license. To do this, please ensure you\u2019re logged in to Hugging Face and click below. Requests are processed immediately.",
    "extra_gated_button_content": "Acknowledge license",
    "base_model": "google/gemma-3-12b-pt"
  },
  "transformersInfo": {
    "auto_model": "AutoModelForImageTextToText",
    "pipeline_tag": "image-text-to-text",
    "processor": "AutoProcessor"
  },
  "siblings": [
    {
      "rfilename": ".gitattributes"
    },
    {
      "rfilename": "README.md"
    },
    {
      "rfilename": "added_tokens.json"
    },
    {
      "rfilename": "chat_template.json"
    },
    {
      "rfilename": "config.json"
    },
    {
      "rfilename": "generation_config.json"
    },
    {
      "rfilename": "model-00001-of-00005.safetensors"
    },
    {
      "rfilename": "model-00002-of-00005.safetensors"
    },
    {
      "rfilename": "model-00003-of-00005.safetensors"
    },
    {
      "rfilename": "model-00004-of-00005.safetensors"
    },
    {
      "rfilename": "model-00005-of-00005.safetensors"
    },
    {
      "rfilename": "model.safetensors.index.json"
    },
    {
      "rfilename": "preprocessor_config.json"
    },
    {
      "rfilename": "processor_config.json"
    },
    {
      "rfilename": "special_tokens_map.json"
    },
    {
      "rfilename": "tokenizer.json"
    },
    {
      "rfilename": "tokenizer.model"
    },
    {
      "rfilename": "tokenizer_config.json"
    }
  ],
  "spaces": [
    "bishmoy/Arxiv-CS-RAG",
    "huggingface-projects/gemma-3-12b-it",
    "TIGER-Lab/MEGA-Bench",
    "whitecircle-ai/circle-guard-bench",
    "VIDraft/Gemma-3-R1984-12B",
    "merterbak/gemma-3",
    "openfree/Gemma-3-R1984-12B",
    "alexandrainst/radial-plot-generator",
    "CalvinU/writing-prototypes",
    "Tomoniai/gemma-3-chat",
    "UD-Filipino/filbench-leaderboard",
    "Agents-MCP-Hackathon/AutoReadmeAgent",
    "Slyracoon23/what_is_prompt_engineering",
    "huaweilin/VTBench",
    "Agents-MCP-Hackathon/novel-heroes",
    "Bruno/gemma-3-12b-pt-br",
    "PegasusPedal/gemma-examples",
    "Rohit1412/AirGPT1.04b",
    "mohitkumarrajbadi/Finetune_Gemma_Model",
    "kitab-bench/KITAB-Bench-Leaderboard",
    "kakaoent/webtoon_cropper",
    "ReallyFloppyPenguin/AICodepen",
    "jedick/R-help-chat",
    "fahmiaziz/api-ad-generator",
    "CognitiveScience/gemma-3-chat",
    "fickya87/fic_gemma-3-12b-it",
    "Himanshu806/gemma-3-12b-it",
    "chatfinanz/new-space7",
    "innoai/gemma-3-12b-it",
    "chatfinanz/chatfinanz",
    "NanobotzAI/gemma-3-chat",
    "NanobotzAI/gemma-3-chat-api",
    "Pamudu13/gemma-3-chat-api",
    "Pamudu13/gemma-3-chat-api-2",
    "NanobotzAI/gemma-3-chat-api-2",
    "openfree/Gemma-3-R1984-4B",
    "altaidevorg/gemma-3-12b-it",
    "NanobotzAI/gemma-3-chat-api-3",
    "feyzamiynat/goruntuIsleme",
    "Nostraiss/Final_Assignment_Template",
    "feyzamiynat/gemmaModel",
    "alvarog1318/KD_USAC",
    "jhonnygomez88/hevy_analytics",
    "doropiza/chatbot",
    "CamilleBorrett/model-demo",
    "ivangabriele/trl-sandbox",
    "ALQAMARI/Alqamari-Medical-AI",
    "AC2513/gemma-demo",
    "Toast312/gemma-3-12b-it",
    "nfel/infherno",
    "k3ybladewielder/cloudwalk_chatbot",
    "pinto-airy/Image-to-Text",
    "NYPTI/AI-Case-Analysis",
    "d4n4ng/Mental_Health",
    "PavanKumarD/FINBOT-END",
    "vishaljoshi24/trl-4-dnd",
    "amberborici/gemma-3-12b-it-multiple-images",
    "Werve/leaderboard_yourbench_Werve_ccnl",
    "ajain121/youtube_backemd",
    "Seth0330/OCR_VISION",
    "AIPretender/AIPDF"
  ],
  "createdAt": "2025-03-01T19:11:34.000Z",
  "safetensors": {
    "parameters": {
      "BF16": 12187325040
    },
    "total": 12187325040
  },
  "inference": "warm",
  "usedStorage": 111273492196
}