{
  "_id": "667928d58601cd537f63c846",
  "id": "google/gemma-2-9b-it",
  "private": false,
  "pipeline_tag": "text-generation",
  "library_name": "transformers",
  "tags": [
    "transformers",
    "safetensors",
    "gemma2",
    "text-generation",
    "conversational",
    "arxiv:2009.03300",
    "arxiv:1905.07830",
    "arxiv:1911.11641",
    "arxiv:1904.09728",
    "arxiv:1905.10044",
    "arxiv:1907.10641",
    "arxiv:1811.00937",
    "arxiv:1809.02789",
    "arxiv:1911.01547",
    "arxiv:1705.03551",
    "arxiv:2107.03374",
    "arxiv:2108.07732",
    "arxiv:2110.14168",
    "arxiv:2009.11462",
    "arxiv:2101.11718",
    "arxiv:2110.08193",
    "arxiv:1804.09301",
    "arxiv:2109.07958",
    "arxiv:1804.06876",
    "arxiv:2103.03874",
    "arxiv:2304.06364",
    "arxiv:2206.04615",
    "arxiv:2203.09509",
    "base_model:google/gemma-2-9b",
    "base_model:finetune:google/gemma-2-9b",
    "license:gemma",
    "autotrain_compatible",
    "text-generation-inference",
    "endpoints_compatible",
    "region:us"
  ],
  "downloads": 148019,
  "likes": 733,
  "modelId": "google/gemma-2-9b-it",
  "author": "google",
  "sha": "11c9b309abf73637e4b6f9a3fa1e92e615547819",
  "lastModified": "2024-08-27T19:41:49.000Z",
  "gated": "manual",
  "disabled": false,
  "widgetData": [
    {
      "text": "Hi, what can you help me with?"
    },
    {
      "text": "What is 84 * 3 / 2?"
    },
    {
      "text": "Tell me an interesting fact about the universe!"
    },
    {
      "text": "Explain quantum computing in simple terms."
    }
  ],
  "model-index": null,
  "config": {
    "architectures": [
      "Gemma2ForCausalLM"
    ],
    "model_type": "gemma2",
    "tokenizer_config": {
      "bos_token": "<bos>",
      "chat_template": "{{ bos_token }}{% if messages[0]['role'] == 'system' %}{{ raise_exception('System role not supported') }}{% endif %}{% for message in messages %}{% if (message['role'] == 'user') != (loop.index0 % 2 == 0) %}{{ raise_exception('Conversation roles must alternate user/assistant/user/assistant/...') }}{% endif %}{% if (message['role'] == 'assistant') %}{% set role = 'model' %}{% else %}{% set role = message['role'] %}{% endif %}{{ '<start_of_turn>' + role + '\n' + message['content'] | trim + '<end_of_turn>\n' }}{% endfor %}{% if add_generation_prompt %}{{'<start_of_turn>model\n'}}{% endif %}",
      "eos_token": "<eos>",
      "pad_token": "<pad>",
      "unk_token": "<unk>",
      "use_default_system_prompt": false
    }
  },
  "cardData": {
    "license": "gemma",
    "library_name": "transformers",
    "pipeline_tag": "text-generation",
    "extra_gated_heading": "Access Gemma on Hugging Face",
    "extra_gated_prompt": "To access Gemma on Hugging Face, you\u2019re required to review and agree to Google\u2019s usage license. To do this, please ensure you\u2019re logged in to Hugging Face and click below. Requests are processed immediately.",
    "extra_gated_button_content": "Acknowledge license",
    "tags": [
      "conversational"
    ],
    "base_model": "google/gemma-2-9b"
  },
  "transformersInfo": {
    "auto_model": "AutoModelForCausalLM",
    "pipeline_tag": "text-generation",
    "processor": "AutoTokenizer"
  },
  "siblings": [
    {
      "rfilename": ".gitattributes"
    },
    {
      "rfilename": "README.md"
    },
    {
      "rfilename": "config.json"
    },
    {
      "rfilename": "generation_config.json"
    },
    {
      "rfilename": "model-00001-of-00004.safetensors"
    },
    {
      "rfilename": "model-00002-of-00004.safetensors"
    },
    {
      "rfilename": "model-00003-of-00004.safetensors"
    },
    {
      "rfilename": "model-00004-of-00004.safetensors"
    },
    {
      "rfilename": "model.safetensors.index.json"
    },
    {
      "rfilename": "special_tokens_map.json"
    },
    {
      "rfilename": "tokenizer.json"
    },
    {
      "rfilename": "tokenizer.model"
    },
    {
      "rfilename": "tokenizer_config.json"
    },
    {
      "rfilename": "transformers/transformers-4.42.0.dev0-py3-none-any.whl"
    }
  ],
  "spaces": [
    "cvachet/pdf-chatbot",
    "eduagarcia/open_pt_llm_leaderboard",
    "gokaygokay/Gemma-2-llamacpp",
    "huggingface-projects/gemma-2-9b-it",
    "logikon/open_cot_leaderboard",
    "flowers-team/StickToYourRoleLeaderboard",
    "KBaba7/Quant",
    "gen6scp/sana-zero",
    "Crisp-Unimib/INVALSIbenchmark",
    "poscye/google-go",
    "codelion/optillm",
    "CZLC/BenCzechMark",
    "AiActivity/AI-Assistant",
    "phyloforfun/VoucherVision",
    "maum-ai/KOFFVQA-Leaderboard",
    "NiansuhAI/Main",
    "cot-leaderboard/open-cot-dashboard",
    "yanolja/arena",
    "MERaLiON/SeaEval_Leaderboard",
    "lightmate/llm-chatbot",
    "bhaskartripathi/LLM_Quantization",
    "ruslanmv/convert_to_gguf",
    "FallnAI/Quantize-HF-Models",
    "CalvinU/writing-prototypes",
    "randyammar/gemma-2-9b-it-GGUF",
    "fsadeek/gemma-fine-tuning",
    "totolook/Quant",
    "Ffftdtd5dtft/gfgf",
    "UD-Filipino/filbench-leaderboard",
    "nvidia/Plan2Align-NV",
    "Mohitrai11/DeepDub",
    "ariankhalfani/Gemma",
    "lavague-ai/interpretable_movie_classifier_sae_gemma",
    "pavel321/huggingface-cli-completion",
    "praiselab-picuslab/PIE-Med",
    "Slyracoon23/what_is_prompt_engineering",
    "zhwang4ai/GenerativeReasoningBenchmark",
    "dac202/fsp-finder",
    "rishisim/aiotsmartlabs-assistant",
    "aixsatoshi/Honyaku-Gemma2",
    "Sev-X/Test-AI",
    "kimir08/google-gemma-2-9b-it",
    "ashmib/green-city-finder",
    "yangtb24/sone",
    "yangtb24/sone-latest",
    "sanbo1200/Main1",
    "hf-demo-linux/sili",
    "hkxiaoyao/sili",
    "K00B404/LLM_Quantization",
    "Futuresony/FutureX",
    "awacke1/PDF-Image-Book-Album-Maker-AI-UI-UX",
    "seawolf2357/LLM_Quantization",
    "awacke1/Book-Maker-CVLM-AI-UI-UX",
    "Anshini/DataSciene_ChatBot",
    "ReallyFloppyPenguin/AI.With.Experiences",
    "ulab-ai/RoutePilot",
    "ReallyFloppyPenguin/AICodepen",
    "amurienne/sambot",
    "snorfyang/token-visualizer",
    "ale-bjanes/rag-chat-ui",
    "CelineLind/Noteboard",
    "SharryOG/Webscout-API",
    "Anson69/HoolsPic",
    "HeroGamerGabby/napl",
    "mmd341/google-gemma-2-9b-it",
    "sanbo1200/google-gemma-2-9b-it",
    "uasuqs/ijuhhb",
    "Amino13/google-gemma-2-9b-it",
    "knucklesandwich/google-gemma-2-9b-it",
    "ggupp/gemma-2-9b-it",
    "locorene1000/gemma-2-9b-it",
    "quiperto/google-gemma-2-9b-it",
    "ziffir/GemmaGPT",
    "TaskeenJafri/gemma-2-9b-it",
    "TDN-M/NDP09",
    "rishisim/aiotsmartlabs-assistant-quantized",
    "meidkad/test5",
    "meidkad/test6",
    "Uziar/RAG_UnstructAPI_Chroma",
    "ehristoforu/gemma-2-9b-it",
    "Sergeysedikh/gemma-2-9b-it",
    "ImpactInsights/Chatbot",
    "htdung167/gemma-2-9b-test",
    "vamtic/google-gemma-2-9b-it",
    "Lam-Hung/Japanese_assistant",
    "Xhaheen/AI_safety_testing",
    "JohnLindbladKonstrukt/SamtalsdjupTest",
    "pln-udelar/chatbot-educativo",
    "Hev832/google-gemma-2-9b-it",
    "Xhaheen/phoeniks_redteamers",
    "qqraww513/google-gemma-2-9b-it",
    "Ffftdtd5dtft/Hhhggv",
    "Ffftdtd5dtft/Hhhhh",
    "ldoreille/google-gemma-2-9b-it",
    "monsterapi/Youtube-Style-Transfer",
    "Shreyas094/google-go",
    "rodrigopaiva/google-gemma-2-9b-it",
    "CZLC/BenCzechMark-unstable",
    "nymanromeo123/gemma-2-9b-it",
    "meldynamics/gemma-2-9b-it-SimPO"
  ],
  "createdAt": "2024-06-24T08:05:41.000Z",
  "safetensors": {
    "parameters": {
      "BF16": 9241705984
    },
    "total": 9241705984
  },
  "inference": "warm",
  "usedStorage": 18550361413
}