{
  "_id": "625aa687a35b3e0c3a81e9a6",
  "id": "google/long-t5-tglobal-large",
  "private": false,
  "library_name": "transformers",
  "tags": [
    "transformers",
    "pytorch",
    "jax",
    "safetensors",
    "longt5",
    "text2text-generation",
    "en",
    "arxiv:2112.07916",
    "arxiv:1912.08777",
    "arxiv:1910.10683",
    "license:apache-2.0",
    "endpoints_compatible",
    "region:us"
  ],
  "downloads": 463,
  "likes": 15,
  "modelId": "google/long-t5-tglobal-large",
  "author": "google",
  "sha": "fb4ba84440d10e9b93fd626fb460683372329d4a",
  "lastModified": "2023-09-11T20:35:44.000Z",
  "gated": false,
  "disabled": false,
  "model-index": null,
  "config": {
    "architectures": [
      "LongT5ForConditionalGeneration"
    ],
    "model_type": "longt5"
  },
  "cardData": {
    "license": "apache-2.0",
    "language": "en"
  },
  "transformersInfo": {
    "auto_model": "AutoModelForSeq2SeqLM",
    "pipeline_tag": "text2text-generation",
    "processor": "AutoTokenizer"
  },
  "siblings": [
    {
      "rfilename": ".gitattributes"
    },
    {
      "rfilename": "README.md"
    },
    {
      "rfilename": "config.json"
    },
    {
      "rfilename": "flax_model.msgpack"
    },
    {
      "rfilename": "generation_config.json"
    },
    {
      "rfilename": "model.safetensors"
    },
    {
      "rfilename": "pytorch_model.bin"
    },
    {
      "rfilename": "spiece.model"
    },
    {
      "rfilename": "tokenizer.json"
    }
  ],
  "spaces": [
    "Sharathhebbar24/One-stop-for-Open-source-models",
    "akhaliq/google-long-t5-tglobal-large",
    "MohammadHugging/google-long-t5-tglobal-large",
    "K00B404/One-stop-till-you-drop"
  ],
  "createdAt": "2022-04-16T11:20:39.000Z",
  "safetensors": {
    "parameters": {
      "F32": 750276096
    },
    "total": 750276096
  },
  "usedStorage": 9135992353
}