{
  "_id": "63526d7c7e4cc3135fd0f17c",
  "id": "google/flan-t5-small",
  "private": false,
  "library_name": "transformers",
  "tags": [
    "transformers",
    "pytorch",
    "tf",
    "jax",
    "safetensors",
    "t5",
    "text2text-generation",
    "en",
    "fr",
    "ro",
    "de",
    "multilingual",
    "dataset:svakulenk0/qrecc",
    "dataset:taskmaster2",
    "dataset:djaym7/wiki_dialog",
    "dataset:deepmind/code_contests",
    "dataset:lambada",
    "dataset:gsm8k",
    "dataset:aqua_rat",
    "dataset:esnli",
    "dataset:quasc",
    "dataset:qed",
    "arxiv:2210.11416",
    "arxiv:1910.09700",
    "license:apache-2.0",
    "text-generation-inference",
    "endpoints_compatible",
    "region:us"
  ],
  "downloads": 470769,
  "likes": 411,
  "modelId": "google/flan-t5-small",
  "author": "google",
  "sha": "0fc9ddf78a1e988dac52e2dac162b0ede4fd74ab",
  "lastModified": "2023-10-10T18:01:54.000Z",
  "gated": false,
  "disabled": false,
  "widgetData": [
    {
      "text": "Translate to German:  My name is Arthur",
      "example_title": "Translation"
    },
    {
      "text": "Please answer to the following question. Who is going to be the next Ballon d'or?",
      "example_title": "Question Answering"
    },
    {
      "text": "Q: Can Geoffrey Hinton have a conversation with George Washington? Give the rationale before answering.",
      "example_title": "Logical reasoning"
    },
    {
      "text": "Please answer the following question. What is the boiling point of Nitrogen?",
      "example_title": "Scientific knowledge"
    },
    {
      "text": "Answer the following yes/no question. Can you write a whole Haiku in a single tweet?",
      "example_title": "Yes/no question"
    },
    {
      "text": "Answer the following yes/no question by reasoning step-by-step. Can you write a whole Haiku in a single tweet?",
      "example_title": "Reasoning task"
    },
    {
      "text": "Q: ( False or not False or False ) is? A: Let's think step by step",
      "example_title": "Boolean Expressions"
    },
    {
      "text": "The square root of x is the cube root of y. What is y to the power of 2, if x = 4?",
      "example_title": "Math reasoning"
    },
    {
      "text": "Premise:  At my age you will probably have learnt one lesson. Hypothesis:  It's not certain how many lessons you'll learn by your thirties. Does the premise entail the hypothesis?",
      "example_title": "Premise and hypothesis"
    }
  ],
  "model-index": null,
  "config": {
    "architectures": [
      "T5ForConditionalGeneration"
    ],
    "model_type": "t5",
    "tokenizer_config": {
      "eos_token": "</s>",
      "pad_token": "<pad>",
      "unk_token": "<unk>"
    }
  },
  "cardData": {
    "language": [
      "en",
      "fr",
      "ro",
      "de",
      "multilingual"
    ],
    "tags": [
      "text2text-generation"
    ],
    "widget": [
      {
        "text": "Translate to German:  My name is Arthur",
        "example_title": "Translation"
      },
      {
        "text": "Please answer to the following question. Who is going to be the next Ballon d'or?",
        "example_title": "Question Answering"
      },
      {
        "text": "Q: Can Geoffrey Hinton have a conversation with George Washington? Give the rationale before answering.",
        "example_title": "Logical reasoning"
      },
      {
        "text": "Please answer the following question. What is the boiling point of Nitrogen?",
        "example_title": "Scientific knowledge"
      },
      {
        "text": "Answer the following yes/no question. Can you write a whole Haiku in a single tweet?",
        "example_title": "Yes/no question"
      },
      {
        "text": "Answer the following yes/no question by reasoning step-by-step. Can you write a whole Haiku in a single tweet?",
        "example_title": "Reasoning task"
      },
      {
        "text": "Q: ( False or not False or False ) is? A: Let's think step by step",
        "example_title": "Boolean Expressions"
      },
      {
        "text": "The square root of x is the cube root of y. What is y to the power of 2, if x = 4?",
        "example_title": "Math reasoning"
      },
      {
        "text": "Premise:  At my age you will probably have learnt one lesson. Hypothesis:  It's not certain how many lessons you'll learn by your thirties. Does the premise entail the hypothesis?",
        "example_title": "Premise and hypothesis"
      }
    ],
    "datasets": [
      "svakulenk0/qrecc",
      "taskmaster2",
      "djaym7/wiki_dialog",
      "deepmind/code_contests",
      "lambada",
      "gsm8k",
      "aqua_rat",
      "esnli",
      "quasc",
      "qed"
    ],
    "license": "apache-2.0"
  },
  "transformersInfo": {
    "auto_model": "AutoModelForSeq2SeqLM",
    "pipeline_tag": "text2text-generation",
    "processor": "AutoTokenizer"
  },
  "siblings": [
    {
      "rfilename": ".gitattributes"
    },
    {
      "rfilename": "README.md"
    },
    {
      "rfilename": "config.json"
    },
    {
      "rfilename": "flax_model.msgpack"
    },
    {
      "rfilename": "generation_config.json"
    },
    {
      "rfilename": "model.safetensors"
    },
    {
      "rfilename": "pytorch_model.bin"
    },
    {
      "rfilename": "special_tokens_map.json"
    },
    {
      "rfilename": "spiece.model"
    },
    {
      "rfilename": "tf_model.h5"
    },
    {
      "rfilename": "tokenizer.json"
    },
    {
      "rfilename": "tokenizer_config.json"
    }
  ],
  "spaces": [
    "facebook/MusicGen",
    "Surn/UnlimitedMusicGen",
    "FunAudioLLM/ThinkSound",
    "fffiloni/SplitTrack2MusicGen",
    "Zeyue7/AudioX",
    "fffiloni/Image-to-MusicGen",
    "radames/MusicGen-Continuation",
    "facebook/MelodyFlow",
    "Sharathhebbar24/One-stop-for-Open-source-models",
    "GrandaddyShmax/AudioCraft_Plus",
    "SpacesExamples/fastapi_t5",
    "GrandaddyShmax/MusicGen_Plus",
    "fffiloni/MusiConGen",
    "GrandaddyShmax/MusicGen_Plus_hfv2",
    "playgrdstar/compare-llms",
    "unpairedelectron07/Text-to-Music-Generator",
    "radames/Candle-T5-Generation-Wasm",
    "patgpt4/MusicGen",
    "jonluca/MusicGen",
    "sub314xxl/MusicGen-Continuation",
    "sunnyujjawal/AI-Music-Generator",
    "Prof-Reza/Audiocraft_Music-Audio_Generation",
    "annapurnapadmaprema-ji/Music_Generator",
    "joaogante/assisted_generation_benchmarks",
    "jbilcke-hf/MusicGen",
    "Fabrice-TIERCELIN/Text-to-Music",
    "Krishnaik06/text2textwithDockers",
    "brainblow/AudioCreator_Music-Audio_Generation",
    "TiberiuCristianLeon/GradioTranslate",
    "awqwqwq/MusicGen2",
    "jbilcke-hf/ai-tube-model-musicgen-1",
    "awacke1/Docker-FlanT5-TextGeneratorTranslator",
    "nateraw/text-generation",
    "legolasyiu/MusicAI",
    "Achyuth4/MusicGen",
    "awacke1/DockerGoFlanT5",
    "grosenthal/aineid",
    "simsantonioii/MusicGen-Continuation",
    "ElainaFanBoy/MusicGen",
    "Gyufyjk/AudioCraft_Plus",
    "yufiofficial/Image-to-MusicGen",
    "DHEIVER/Digital-Marketing-AI-Tools-Suite",
    "JoaoAle/TaltalverIA-FMU",
    "marcusj83/MusicGenbruh",
    "ddasd/MusicGen",
    "studiobrn/SplitTrack",
    "sub314xxl/MusicGen",
    "EnthusiastLo/MusicGen",
    "AIConsultant/MusicGen",
    "charchits/zonic-generator",
    "Omnibus/MusicGen",
    "Neomyst/UnlimitedMusicGen",
    "ZeroTwo3/videoshop-backend",
    "jbilcke-hf/ai-tube-model-musicgen-4",
    "slotheth/text-generation",
    "vsmolyakov/flan-t5-small-text-gen",
    "ford442/MusicGen",
    "vikramronavrsc/BLOCHAIN_RAG_FOR_LASTDAY_EXAM_PREP",
    "AbstractPhil/shunt-adapter-testing",
    "juancmamacias/ejemploSLM",
    "einanao/cobra",
    "teragron/docuchat-webui",
    "ChihChiu29/mychatbot",
    "mee-asukoht/flan-t5-small",
    "palondomus/fastapi",
    "keneonyeachonam/Docker-FlanT5-TextGeneratorTranslator-021623",
    "ceckenrode/Docker-FlanT5-TextGeneratorTranslator",
    "furqankassa/Docker-FlanT5-TextGeneratorTranslator",
    "hungchiayu/CaptionFLAN-T5",
    "Wrathless/Dkrotzer-MusicalMagic",
    "crazybber/docker-demo-t5-translation",
    "Chris4K/llms_compare",
    "Yudha515/Rvc-Models",
    "w1zrd/MusicGen",
    "nitinacap/chatgpt4all",
    "triggah61/chingu-music",
    "subhajitmaji/MusicGen",
    "danterivers/music-generation-samples",
    "hebert2099/MusicGen",
    "Benson/text-generation",
    "rstallman/Mayfair-Partner-Music",
    "Arnx/MusicGenXvAKN",
    "Alexxggs/sounddromcom",
    "nakas/MusicGenDemucs",
    "Datasculptor/MusicGen",
    "jordonpeter01/MusicGen",
    "jordonpeter01/MusicGen2",
    "broadfield/MusicGen",
    "trttung1610/musicgen",
    "SuYuanS/AudioCraft_Plus",
    "Robin246/inxai_steamlit",
    "brainblow/MusiCreator",
    "betelguesestudios/SplitTrack2MusicGen",
    "shivam12323/ChatWithWebsite",
    "PunGrumpy/text-generation",
    "bekirmfr/Rhea",
    "jbilcke-hf/ai-tube-model-musicgen-2",
    "jbilcke-hf/ai-tube-model-musicgen-3",
    "Nymbo/SuperPrompt-v1",
    "starbuilder/MusicGen"
  ],
  "createdAt": "2022-10-21T09:59:24.000Z",
  "safetensors": {
    "parameters": {
      "F32": 76961152
    },
    "total": 76961152
  },
  "usedStorage": 2378897868
}