{
  "_id": "625aa30ce58e3083f52e0c64",
  "id": "google/long-t5-tglobal-base",
  "private": false,
  "library_name": "transformers",
  "tags": [
    "transformers",
    "pytorch",
    "jax",
    "longt5",
    "text2text-generation",
    "en",
    "arxiv:2112.07916",
    "arxiv:1912.08777",
    "arxiv:1910.10683",
    "license:apache-2.0",
    "endpoints_compatible",
    "region:us"
  ],
  "downloads": 22365,
  "likes": 45,
  "modelId": "google/long-t5-tglobal-base",
  "author": "google",
  "sha": "aecb1376e5bd78db32ebc5c9deb257449b9e2b21",
  "lastModified": "2023-01-24T17:08:42.000Z",
  "gated": false,
  "disabled": false,
  "model-index": null,
  "config": {
    "architectures": [
      "LongT5ForConditionalGeneration"
    ],
    "model_type": "longt5"
  },
  "cardData": {
    "license": "apache-2.0",
    "language": "en"
  },
  "transformersInfo": {
    "auto_model": "AutoModelForSeq2SeqLM",
    "pipeline_tag": "text2text-generation",
    "processor": "AutoTokenizer"
  },
  "siblings": [
    {
      "rfilename": ".gitattributes"
    },
    {
      "rfilename": "README.md"
    },
    {
      "rfilename": "config.json"
    },
    {
      "rfilename": "flax_model.msgpack"
    },
    {
      "rfilename": "generation_config.json"
    },
    {
      "rfilename": "pytorch_model.bin"
    },
    {
      "rfilename": "spiece.model"
    },
    {
      "rfilename": "tokenizer.json"
    }
  ],
  "spaces": [
    "Sharathhebbar24/One-stop-for-Open-source-models",
    "K00B404/One-stop-till-you-drop",
    "mindspark121/fastapi-psychiatry-simpleRAG",
    "mindspark121/Fastapi-Pyschiatry-HybridApproch",
    "mindspark121/Fastapi-Pyschiatry-Deepseek",
    "mindspark121/HybirdApprochStreamlit",
    "saranimje/news-summarizer",
    "Kawaiibuta/real_estate"
  ],
  "createdAt": "2022-04-16T11:05:48.000Z",
  "usedStorage": 4854098984
}