{
  "_id": "62585ce1f9efec154fc576d6",
  "id": "google/long-t5-local-large",
  "private": false,
  "library_name": "transformers",
  "tags": [
    "transformers",
    "pytorch",
    "jax",
    "longt5",
    "text2text-generation",
    "en",
    "arxiv:2112.07916",
    "arxiv:1912.08777",
    "arxiv:1910.10683",
    "license:apache-2.0",
    "endpoints_compatible",
    "region:us"
  ],
  "downloads": 201,
  "likes": 5,
  "modelId": "google/long-t5-local-large",
  "author": "google",
  "sha": "c304facf416ac01aa2e5423be253d314adeb4d53",
  "lastModified": "2023-01-24T17:08:37.000Z",
  "gated": false,
  "disabled": false,
  "model-index": null,
  "config": {
    "architectures": [
      "LongT5ForConditionalGeneration"
    ],
    "model_type": "longt5"
  },
  "cardData": {
    "license": "apache-2.0",
    "language": "en"
  },
  "transformersInfo": {
    "auto_model": "AutoModelForSeq2SeqLM",
    "pipeline_tag": "text2text-generation",
    "processor": "AutoTokenizer"
  },
  "siblings": [
    {
      "rfilename": ".gitattributes"
    },
    {
      "rfilename": "README.md"
    },
    {
      "rfilename": "config.json"
    },
    {
      "rfilename": "flax_model.msgpack"
    },
    {
      "rfilename": "generation_config.json"
    },
    {
      "rfilename": "pytorch_model.bin"
    },
    {
      "rfilename": "spiece.model"
    },
    {
      "rfilename": "tokenizer.json"
    }
  ],
  "spaces": [
    "Sharathhebbar24/One-stop-for-Open-source-models",
    "K00B404/One-stop-till-you-drop"
  ],
  "createdAt": "2022-04-14T17:41:53.000Z",
  "usedStorage": 9004078787
}