{
  "_id": "621ffdc136468d709f17b5ff",
  "id": "google/bert_uncased_L-12_H-768_A-12",
  "private": false,
  "library_name": "transformers",
  "tags": [
    "transformers",
    "pytorch",
    "jax",
    "bert",
    "arxiv:1908.08962",
    "license:apache-2.0",
    "endpoints_compatible",
    "region:us"
  ],
  "downloads": 3545,
  "likes": 13,
  "modelId": "google/bert_uncased_L-12_H-768_A-12",
  "author": "google",
  "sha": "cc478efa3482fefe275eb2733363db9713d499ef",
  "lastModified": "2021-05-19T17:27:43.000Z",
  "gated": false,
  "disabled": false,
  "mask_token": "[MASK]",
  "model-index": null,
  "config": {
    "model_type": "bert"
  },
  "cardData": {
    "thumbnail": "https://huggingface.co/front/thumbnails/google.png",
    "license": "apache-2.0"
  },
  "transformersInfo": {
    "auto_model": "AutoModel"
  },
  "siblings": [
    {
      "rfilename": ".gitattributes"
    },
    {
      "rfilename": "README.md"
    },
    {
      "rfilename": "bert_model.ckpt.data-00000-of-00001"
    },
    {
      "rfilename": "bert_model.ckpt.index"
    },
    {
      "rfilename": "config.json"
    },
    {
      "rfilename": "flax_model.msgpack"
    },
    {
      "rfilename": "pytorch_model.bin"
    },
    {
      "rfilename": "vocab.txt"
    }
  ],
  "spaces": [],
  "createdAt": "2022-03-02T23:29:05.000Z",
  "usedStorage": 1759524565
}