{
  "_id": "6352c0d3507b679c3c5f41f4",
  "id": "google/flan-t5-xxl",
  "private": false,
  "library_name": "transformers",
  "tags": [
    "transformers",
    "pytorch",
    "tf",
    "jax",
    "safetensors",
    "t5",
    "text2text-generation",
    "en",
    "fr",
    "ro",
    "de",
    "multilingual",
    "dataset:svakulenk0/qrecc",
    "dataset:taskmaster2",
    "dataset:djaym7/wiki_dialog",
    "dataset:deepmind/code_contests",
    "dataset:lambada",
    "dataset:gsm8k",
    "dataset:aqua_rat",
    "dataset:esnli",
    "dataset:quasc",
    "dataset:qed",
    "arxiv:2210.11416",
    "arxiv:1910.09700",
    "license:apache-2.0",
    "text-generation-inference",
    "endpoints_compatible",
    "region:us"
  ],
  "downloads": 79506,
  "likes": 1257,
  "modelId": "google/flan-t5-xxl",
  "author": "google",
  "sha": "ae7c9136adc7555eeccc78cdd960dfd60fb346ce",
  "lastModified": "2023-07-27T11:42:14.000Z",
  "gated": false,
  "disabled": false,
  "widgetData": [
    {
      "text": "Translate to German:  My name is Arthur",
      "example_title": "Translation"
    },
    {
      "text": "Please answer to the following question. Who is going to be the next Ballon d'or?",
      "example_title": "Question Answering"
    },
    {
      "text": "Q: Can Geoffrey Hinton have a conversation with George Washington? Give the rationale before answering.",
      "example_title": "Logical reasoning"
    },
    {
      "text": "Please answer the following question. What is the boiling point of Nitrogen?",
      "example_title": "Scientific knowledge"
    },
    {
      "text": "Answer the following yes/no question. Can you write a whole Haiku in a single tweet?",
      "example_title": "Yes/no question"
    },
    {
      "text": "Answer the following yes/no question by reasoning step-by-step. Can you write a whole Haiku in a single tweet?",
      "example_title": "Reasoning task"
    },
    {
      "text": "Q: ( False or not False or False ) is? A: Let's think step by step",
      "example_title": "Boolean Expressions"
    },
    {
      "text": "The square root of x is the cube root of y. What is y to the power of 2, if x = 4?",
      "example_title": "Math reasoning"
    },
    {
      "text": "Premise:  At my age you will probably have learnt one lesson. Hypothesis:  It's not certain how many lessons you'll learn by your thirties. Does the premise entail the hypothesis?",
      "example_title": "Premise and hypothesis"
    }
  ],
  "model-index": null,
  "config": {
    "architectures": [
      "T5ForConditionalGeneration"
    ],
    "model_type": "t5",
    "tokenizer_config": {
      "eos_token": "</s>",
      "pad_token": "<pad>",
      "unk_token": "<unk>"
    }
  },
  "cardData": {
    "language": [
      "en",
      "fr",
      "ro",
      "de",
      "multilingual"
    ],
    "widget": [
      {
        "text": "Translate to German:  My name is Arthur",
        "example_title": "Translation"
      },
      {
        "text": "Please answer to the following question. Who is going to be the next Ballon d'or?",
        "example_title": "Question Answering"
      },
      {
        "text": "Q: Can Geoffrey Hinton have a conversation with George Washington? Give the rationale before answering.",
        "example_title": "Logical reasoning"
      },
      {
        "text": "Please answer the following question. What is the boiling point of Nitrogen?",
        "example_title": "Scientific knowledge"
      },
      {
        "text": "Answer the following yes/no question. Can you write a whole Haiku in a single tweet?",
        "example_title": "Yes/no question"
      },
      {
        "text": "Answer the following yes/no question by reasoning step-by-step. Can you write a whole Haiku in a single tweet?",
        "example_title": "Reasoning task"
      },
      {
        "text": "Q: ( False or not False or False ) is? A: Let's think step by step",
        "example_title": "Boolean Expressions"
      },
      {
        "text": "The square root of x is the cube root of y. What is y to the power of 2, if x = 4?",
        "example_title": "Math reasoning"
      },
      {
        "text": "Premise:  At my age you will probably have learnt one lesson. Hypothesis:  It's not certain how many lessons you'll learn by your thirties. Does the premise entail the hypothesis?",
        "example_title": "Premise and hypothesis"
      }
    ],
    "tags": [
      "text2text-generation"
    ],
    "datasets": [
      "svakulenk0/qrecc",
      "taskmaster2",
      "djaym7/wiki_dialog",
      "deepmind/code_contests",
      "lambada",
      "gsm8k",
      "aqua_rat",
      "esnli",
      "quasc",
      "qed"
    ],
    "license": "apache-2.0"
  },
  "transformersInfo": {
    "auto_model": "AutoModelForSeq2SeqLM",
    "pipeline_tag": "text2text-generation",
    "processor": "AutoTokenizer"
  },
  "siblings": [
    {
      "rfilename": ".gitattributes"
    },
    {
      "rfilename": "README.md"
    },
    {
      "rfilename": "config.json"
    },
    {
      "rfilename": "flax_model-00001-of-00005.msgpack"
    },
    {
      "rfilename": "flax_model-00002-of-00005.msgpack"
    },
    {
      "rfilename": "flax_model-00003-of-00005.msgpack"
    },
    {
      "rfilename": "flax_model-00004-of-00005.msgpack"
    },
    {
      "rfilename": "flax_model-00005-of-00005.msgpack"
    },
    {
      "rfilename": "flax_model.msgpack.index.json"
    },
    {
      "rfilename": "generation_config.json"
    },
    {
      "rfilename": "model-00001-of-00005.safetensors"
    },
    {
      "rfilename": "model-00002-of-00005.safetensors"
    },
    {
      "rfilename": "model-00003-of-00005.safetensors"
    },
    {
      "rfilename": "model-00004-of-00005.safetensors"
    },
    {
      "rfilename": "model-00005-of-00005.safetensors"
    },
    {
      "rfilename": "model.safetensors.index.json"
    },
    {
      "rfilename": "pytorch_model-00001-of-00005.bin"
    },
    {
      "rfilename": "pytorch_model-00002-of-00005.bin"
    },
    {
      "rfilename": "pytorch_model-00003-of-00005.bin"
    },
    {
      "rfilename": "pytorch_model-00004-of-00005.bin"
    },
    {
      "rfilename": "pytorch_model-00005-of-00005.bin"
    },
    {
      "rfilename": "pytorch_model.bin.index.json"
    },
    {
      "rfilename": "special_tokens_map.json"
    },
    {
      "rfilename": "spiece.model"
    },
    {
      "rfilename": "tf_model-00001-of-00005.h5"
    },
    {
      "rfilename": "tf_model-00002-of-00005.h5"
    },
    {
      "rfilename": "tf_model-00003-of-00005.h5"
    },
    {
      "rfilename": "tf_model-00004-of-00005.h5"
    },
    {
      "rfilename": "tf_model-00005-of-00005.h5"
    },
    {
      "rfilename": "tf_model.h5.index.json"
    },
    {
      "rfilename": "tokenizer.json"
    },
    {
      "rfilename": "tokenizer_config.json"
    }
  ],
  "spaces": [
    "facebook/MusicGen",
    "olivierdehaene/chat-llm-streaming",
    "Surn/UnlimitedMusicGen",
    "h2oai/h2ogpt-chatbot",
    "FunAudioLLM/ThinkSound",
    "h2oai/h2ogpt-chatbot2",
    "fffiloni/SplitTrack2MusicGen",
    "Zeyue7/AudioX",
    "osanseviero/i-like-flan",
    "fffiloni/Image-to-MusicGen",
    "radames/MusicGen-Continuation",
    "facebook/MelodyFlow",
    "tomg-group-umd/lm-watermarking",
    "Sharathhebbar24/One-stop-for-Open-source-models",
    "GrandaddyShmax/AudioCraft_Plus",
    "hackaprompt/playground",
    "ybelkada/i-like-flan-ul2",
    "monra/freegpt-webui",
    "Sarath0x8f/Document-QA-bot",
    "GrandaddyShmax/MusicGen_Plus",
    "fffiloni/MusiConGen",
    "justest/gpt4free",
    "ysharma/OSChatbots_ChatGPT_ToeToToe",
    "GrandaddyShmax/MusicGen_Plus_hfv2",
    "playgrdstar/compare-llms",
    "unpairedelectron07/Text-to-Music-Generator",
    "ibm/risk-atlas-nexus",
    "bilgeyucel/captionate",
    "huggingfacejs/streaming-text-generation",
    "NeuralInternet/ChatLLMs",
    "patgpt4/MusicGen",
    "jonluca/MusicGen",
    "sub314xxl/MusicGen-Continuation",
    "ROHAN181/pdf-chatbot",
    "llm-blender/LLM-Blender",
    "freQuensy23/LLMhistory",
    "sunnyujjawal/AI-Music-Generator",
    "Prof-Reza/Audiocraft_Music-Audio_Generation",
    "annapurnapadmaprema-ji/Music_Generator",
    "joaogante/assisted_generation_benchmarks",
    "kastan/ai-teaching-assistant",
    "jbilcke-hf/MusicGen",
    "Fabrice-TIERCELIN/Text-to-Music",
    "brainblow/AudioCreator_Music-Audio_Generation",
    "xzuyn/Token-Count-Comparison",
    "RamAnanth1/human_preference",
    "awqwqwq/MusicGen2",
    "jbilcke-hf/ai-tube-model-musicgen-1",
    "concedo/WebTokenizer",
    "lapsapking/h2ogpt-chatbot",
    "AamirAli123/chat_with_pdf",
    "NCTCMumbai/nctc-pdf-chatbot",
    "gli-mrunal/GPT_instruct_chatbot",
    "arnold-anand/chat-with-pdf",
    "legolasyiu/MusicAI",
    "Omdena-MentalHealth-team-consolidated/MindfulMedia_Mentor",
    "Achyuth4/MusicGen",
    "Pavan178/pdf-chatbot",
    "tekkonetes/Chatbots",
    "Fr33d0m21/google-flan-t5-xxl",
    "cloudqi/MultisourceChat",
    "Yasbok/Flan-T5-Chatbot",
    "simsantonioii/MusicGen-Continuation",
    "ElainaFanBoy/MusicGen",
    "g4f/freegpt-webui",
    "Gyufyjk/AudioCraft_Plus",
    "santuchal/pdf_chat_bot",
    "yufiofficial/Image-to-MusicGen",
    "mariagrandury/pdf_qa",
    "knkarthick/chat-llm-streaming",
    "awacke1/Topic-modeling",
    "marcusj83/MusicGenbruh",
    "awacke1/Flan-Upvote-Downvote-Human-Feedback",
    "kastan/ai-teaching-assistant-beta",
    "ddasd/MusicGen",
    "studiobrn/SplitTrack",
    "barunsaha/poem2pic",
    "sub314xxl/MusicGen",
    "Fernando22/freegpt-webui",
    "g4f/g4f",
    "EnthusiastLo/MusicGen",
    "vkthakur88/organic_chemistry_assistant",
    "AIConsultant/MusicGen",
    "fluffyfluff/multiple-pdf-chat",
    "charchits/zonic-generator",
    "ali121300/pdf_chat_bot",
    "Sambhavnoobcoder/pdf-chatbot",
    "Omnibus/MusicGen",
    "Neomyst/UnlimitedMusicGen",
    "ZeroTwo3/videoshop-backend",
    "ahyar002/Chat-Multiple-PDFs",
    "Alfasign/pdf-chatbot-opensource-llm",
    "jbilcke-hf/ai-tube-model-musicgen-4",
    "RAHMAN00700/Chat-with-Multiple-Documents-Using-Streamlit-and-Watsonx",
    "ford442/MusicGen",
    "AbstractPhil/shunt-adapter-testing",
    "Msp/opensource_chat_assistants",
    "KeyDev/NOC-classification",
    "nateraw/text-generation-inference",
    "simplyjaga/movie_genius"
  ],
  "createdAt": "2022-10-21T15:54:59.000Z",
  "safetensors": {
    "parameters": {
      "F32": 11266928640
    },
    "total": 11266928640
  },
  "usedStorage": 179295887866
}