{
  "_id": "6352be38507b679c3c5f2943",
  "id": "google/flan-t5-xl",
  "private": false,
  "library_name": "transformers",
  "tags": [
    "transformers",
    "pytorch",
    "tf",
    "jax",
    "safetensors",
    "t5",
    "text2text-generation",
    "en",
    "fr",
    "ro",
    "de",
    "multilingual",
    "dataset:svakulenk0/qrecc",
    "dataset:taskmaster2",
    "dataset:djaym7/wiki_dialog",
    "dataset:deepmind/code_contests",
    "dataset:lambada",
    "dataset:gsm8k",
    "dataset:aqua_rat",
    "dataset:esnli",
    "dataset:quasc",
    "dataset:qed",
    "arxiv:2210.11416",
    "arxiv:1910.09700",
    "license:apache-2.0",
    "text-generation-inference",
    "endpoints_compatible",
    "region:us"
  ],
  "downloads": 382312,
  "likes": 517,
  "modelId": "google/flan-t5-xl",
  "author": "google",
  "sha": "7d6315df2c2fb742f0f5b556879d730926ca9001",
  "lastModified": "2023-11-28T09:14:33.000Z",
  "gated": false,
  "disabled": false,
  "widgetData": [
    {
      "text": "Translate to German:  My name is Arthur",
      "example_title": "Translation"
    },
    {
      "text": "Please answer to the following question. Who is going to be the next Ballon d'or?",
      "example_title": "Question Answering"
    },
    {
      "text": "Q: Can Geoffrey Hinton have a conversation with George Washington? Give the rationale before answering.",
      "example_title": "Logical reasoning"
    },
    {
      "text": "Please answer the following question. What is the boiling point of Nitrogen?",
      "example_title": "Scientific knowledge"
    },
    {
      "text": "Answer the following yes/no question. Can you write a whole Haiku in a single tweet?",
      "example_title": "Yes/no question"
    },
    {
      "text": "Answer the following yes/no question by reasoning step-by-step. Can you write a whole Haiku in a single tweet?",
      "example_title": "Reasoning task"
    },
    {
      "text": "Q: ( False or not False or False ) is? A: Let's think step by step",
      "example_title": "Boolean Expressions"
    },
    {
      "text": "The square root of x is the cube root of y. What is y to the power of 2, if x = 4?",
      "example_title": "Math reasoning"
    },
    {
      "text": "Premise:  At my age you will probably have learnt one lesson. Hypothesis:  It's not certain how many lessons you'll learn by your thirties. Does the premise entail the hypothesis?",
      "example_title": "Premise and hypothesis"
    }
  ],
  "model-index": null,
  "config": {
    "architectures": [
      "T5ForConditionalGeneration"
    ],
    "model_type": "t5",
    "tokenizer_config": {
      "eos_token": "</s>",
      "pad_token": "<pad>",
      "unk_token": "<unk>"
    }
  },
  "cardData": {
    "language": [
      "en",
      "fr",
      "ro",
      "de",
      "multilingual"
    ],
    "widget": [
      {
        "text": "Translate to German:  My name is Arthur",
        "example_title": "Translation"
      },
      {
        "text": "Please answer to the following question. Who is going to be the next Ballon d'or?",
        "example_title": "Question Answering"
      },
      {
        "text": "Q: Can Geoffrey Hinton have a conversation with George Washington? Give the rationale before answering.",
        "example_title": "Logical reasoning"
      },
      {
        "text": "Please answer the following question. What is the boiling point of Nitrogen?",
        "example_title": "Scientific knowledge"
      },
      {
        "text": "Answer the following yes/no question. Can you write a whole Haiku in a single tweet?",
        "example_title": "Yes/no question"
      },
      {
        "text": "Answer the following yes/no question by reasoning step-by-step. Can you write a whole Haiku in a single tweet?",
        "example_title": "Reasoning task"
      },
      {
        "text": "Q: ( False or not False or False ) is? A: Let's think step by step",
        "example_title": "Boolean Expressions"
      },
      {
        "text": "The square root of x is the cube root of y. What is y to the power of 2, if x = 4?",
        "example_title": "Math reasoning"
      },
      {
        "text": "Premise:  At my age you will probably have learnt one lesson. Hypothesis:  It's not certain how many lessons you'll learn by your thirties. Does the premise entail the hypothesis?",
        "example_title": "Premise and hypothesis"
      }
    ],
    "tags": [
      "text2text-generation"
    ],
    "datasets": [
      "svakulenk0/qrecc",
      "taskmaster2",
      "djaym7/wiki_dialog",
      "deepmind/code_contests",
      "lambada",
      "gsm8k",
      "aqua_rat",
      "esnli",
      "quasc",
      "qed"
    ],
    "license": "apache-2.0"
  },
  "transformersInfo": {
    "auto_model": "AutoModelForSeq2SeqLM",
    "pipeline_tag": "text2text-generation",
    "processor": "AutoTokenizer"
  },
  "siblings": [
    {
      "rfilename": ".gitattributes"
    },
    {
      "rfilename": "README.md"
    },
    {
      "rfilename": "config.json"
    },
    {
      "rfilename": "flax_model-00001-of-00002.msgpack"
    },
    {
      "rfilename": "flax_model-00002-of-00002.msgpack"
    },
    {
      "rfilename": "flax_model.msgpack.index.json"
    },
    {
      "rfilename": "generation_config.json"
    },
    {
      "rfilename": "model-00001-of-00002.safetensors"
    },
    {
      "rfilename": "model-00002-of-00002.safetensors"
    },
    {
      "rfilename": "model.safetensors.index.json"
    },
    {
      "rfilename": "pytorch_model-00001-of-00002.bin"
    },
    {
      "rfilename": "pytorch_model-00002-of-00002.bin"
    },
    {
      "rfilename": "pytorch_model.bin.index.json"
    },
    {
      "rfilename": "special_tokens_map.json"
    },
    {
      "rfilename": "spiece.model"
    },
    {
      "rfilename": "tf_model-00001-of-00002.h5"
    },
    {
      "rfilename": "tf_model-00002-of-00002.h5"
    },
    {
      "rfilename": "tf_model.h5.index.json"
    },
    {
      "rfilename": "tokenizer.json"
    },
    {
      "rfilename": "tokenizer_config.json"
    }
  ],
  "spaces": [
    "facebook/MusicGen",
    "Surn/UnlimitedMusicGen",
    "FunAudioLLM/ThinkSound",
    "fffiloni/SplitTrack2MusicGen",
    "Zeyue7/AudioX",
    "fffiloni/Image-to-MusicGen",
    "radames/MusicGen-Continuation",
    "facebook/MelodyFlow",
    "Sharathhebbar24/One-stop-for-Open-source-models",
    "GrandaddyShmax/AudioCraft_Plus",
    "FoundationVision/LlamaGen",
    "rlancemartin/auto-evaluator",
    "GrandaddyShmax/MusicGen_Plus",
    "fffiloni/MusiConGen",
    "pix2pix-zero-library/pix2pix-zero-demo",
    "GrandaddyShmax/MusicGen_Plus_hfv2",
    "playgrdstar/compare-llms",
    "unpairedelectron07/Text-to-Music-Generator",
    "ibm/risk-atlas-nexus",
    "ShoufaChen/PixelFlow",
    "Wootang01/text_generator",
    "SeViLA/SeViLA",
    "wondervictor/ControlAR",
    "HuggingFaceH4/chatty-lms-old",
    "patgpt4/MusicGen",
    "jonluca/MusicGen",
    "ShoufaChen/PixelFlow-Text2Image",
    "rahul7star/ai-toolkit",
    "sub314xxl/MusicGen-Continuation",
    "mlpc-lab/BLIVA",
    "MohamedRashad/Infinity",
    "sunnyujjawal/AI-Music-Generator",
    "Prof-Reza/Audiocraft_Music-Audio_Generation",
    "annapurnapadmaprema-ji/Music_Generator",
    "joaogante/assisted_generation_benchmarks",
    "philmui/globe",
    "jbilcke-hf/MusicGen",
    "Fabrice-TIERCELIN/Text-to-Music",
    "huggingface/rlhf-interface",
    "brainblow/AudioCreator_Music-Audio_Generation",
    "TiberiuCristianLeon/GradioTranslate",
    "awqwqwq/MusicGen2",
    "jbilcke-hf/ai-tube-model-musicgen-1",
    "pcuenq/mdm",
    "ritikjain51/pdf-question-answering",
    "legolasyiu/MusicAI",
    "Achyuth4/MusicGen",
    "simsantonioii/MusicGen-Continuation",
    "ElainaFanBoy/MusicGen",
    "Gyufyjk/AudioCraft_Plus",
    "yufiofficial/Image-to-MusicGen",
    "Ffftdtd5dtft/gfgf",
    "awacke1/google-flan-t5-xl",
    "awacke1/Topic-modeling",
    "marcusj83/MusicGenbruh",
    "ddasd/MusicGen",
    "studiobrn/SplitTrack",
    "sub314xxl/MusicGen",
    "EnthusiastLo/MusicGen",
    "AIConsultant/MusicGen",
    "charchits/zonic-generator",
    "Omnibus/MusicGen",
    "Neomyst/UnlimitedMusicGen",
    "ZeroTwo3/videoshop-backend",
    "jbilcke-hf/ai-tube-model-musicgen-4",
    "pavel321/huggingface-cli-completion",
    "ford442/MusicGen",
    "AbstractPhil/shunt-adapter-testing",
    "amrita-cyber/Statathon",
    "Wootang01/text_generator_four",
    "chkla/PromptCardsPlayground",
    "ChihChiu29/mychatbot",
    "nazneen/rlhf-langchain-interface",
    "Not-Grim-Refer/GitHub-Tool",
    "Kynlo/google-flan-t5-xl",
    "DeepakJaiz/QA_evaluator",
    "agutfraind/llmscanner",
    "Wrathless/Dkrotzer-MusicalMagic",
    "Chris4K/llms_compare",
    "Yudha515/Rvc-Models",
    "w1zrd/MusicGen",
    "triggah61/chingu-music",
    "subhajitmaji/MusicGen",
    "danterivers/music-generation-samples",
    "hebert2099/MusicGen",
    "rstallman/Mayfair-Partner-Music",
    "DrDominikDellermann/InterviewAnalyzer",
    "Arnx/MusicGenXvAKN",
    "Alexxggs/sounddromcom",
    "nakas/MusicGenDemucs",
    "Datasculptor/MusicGen",
    "jordonpeter01/MusicGen",
    "jordonpeter01/MusicGen2",
    "broadfield/MusicGen",
    "trttung1610/musicgen",
    "SuYuanS/AudioCraft_Plus",
    "brainblow/MusiCreator",
    "betelguesestudios/SplitTrack2MusicGen",
    "liuhaozhe6788/CelebChat",
    "jbilcke-hf/ai-tube-model-musicgen-2"
  ],
  "createdAt": "2022-10-21T15:43:52.000Z",
  "safetensors": {
    "parameters": {
      "F32": 2849757184
    },
    "total": 2849757184
  },
  "usedStorage": 45598305491
}