{
  "_id": "63526f4c7e4cc3135fd0ff1a",
  "id": "google/flan-t5-large",
  "private": false,
  "library_name": "transformers",
  "tags": [
    "transformers",
    "pytorch",
    "tf",
    "jax",
    "safetensors",
    "t5",
    "text2text-generation",
    "en",
    "fr",
    "ro",
    "de",
    "multilingual",
    "dataset:svakulenk0/qrecc",
    "dataset:taskmaster2",
    "dataset:djaym7/wiki_dialog",
    "dataset:deepmind/code_contests",
    "dataset:lambada",
    "dataset:gsm8k",
    "dataset:aqua_rat",
    "dataset:esnli",
    "dataset:quasc",
    "dataset:qed",
    "arxiv:2210.11416",
    "arxiv:1910.09700",
    "license:apache-2.0",
    "text-generation-inference",
    "endpoints_compatible",
    "region:us"
  ],
  "downloads": 1751058,
  "likes": 816,
  "modelId": "google/flan-t5-large",
  "author": "google",
  "sha": "0613663d0d48ea86ba8cb3d7a44f0f65dc596a2a",
  "lastModified": "2023-07-17T12:49:05.000Z",
  "gated": false,
  "disabled": false,
  "widgetData": [
    {
      "text": "Translate to German:  My name is Arthur",
      "example_title": "Translation"
    },
    {
      "text": "Please answer to the following question. Who is going to be the next Ballon d'or?",
      "example_title": "Question Answering"
    },
    {
      "text": "Q: Can Geoffrey Hinton have a conversation with George Washington? Give the rationale before answering.",
      "example_title": "Logical reasoning"
    },
    {
      "text": "Please answer the following question. What is the boiling point of Nitrogen?",
      "example_title": "Scientific knowledge"
    },
    {
      "text": "Answer the following yes/no question. Can you write a whole Haiku in a single tweet?",
      "example_title": "Yes/no question"
    },
    {
      "text": "Answer the following yes/no question by reasoning step-by-step. Can you write a whole Haiku in a single tweet?",
      "example_title": "Reasoning task"
    },
    {
      "text": "Q: ( False or not False or False ) is? A: Let's think step by step",
      "example_title": "Boolean Expressions"
    },
    {
      "text": "The square root of x is the cube root of y. What is y to the power of 2, if x = 4?",
      "example_title": "Math reasoning"
    },
    {
      "text": "Premise:  At my age you will probably have learnt one lesson. Hypothesis:  It's not certain how many lessons you'll learn by your thirties. Does the premise entail the hypothesis?",
      "example_title": "Premise and hypothesis"
    }
  ],
  "model-index": null,
  "config": {
    "architectures": [
      "T5ForConditionalGeneration"
    ],
    "model_type": "t5",
    "tokenizer_config": {
      "eos_token": "</s>",
      "pad_token": "<pad>",
      "unk_token": "<unk>"
    }
  },
  "cardData": {
    "language": [
      "en",
      "fr",
      "ro",
      "de",
      "multilingual"
    ],
    "widget": [
      {
        "text": "Translate to German:  My name is Arthur",
        "example_title": "Translation"
      },
      {
        "text": "Please answer to the following question. Who is going to be the next Ballon d'or?",
        "example_title": "Question Answering"
      },
      {
        "text": "Q: Can Geoffrey Hinton have a conversation with George Washington? Give the rationale before answering.",
        "example_title": "Logical reasoning"
      },
      {
        "text": "Please answer the following question. What is the boiling point of Nitrogen?",
        "example_title": "Scientific knowledge"
      },
      {
        "text": "Answer the following yes/no question. Can you write a whole Haiku in a single tweet?",
        "example_title": "Yes/no question"
      },
      {
        "text": "Answer the following yes/no question by reasoning step-by-step. Can you write a whole Haiku in a single tweet?",
        "example_title": "Reasoning task"
      },
      {
        "text": "Q: ( False or not False or False ) is? A: Let's think step by step",
        "example_title": "Boolean Expressions"
      },
      {
        "text": "The square root of x is the cube root of y. What is y to the power of 2, if x = 4?",
        "example_title": "Math reasoning"
      },
      {
        "text": "Premise:  At my age you will probably have learnt one lesson. Hypothesis:  It's not certain how many lessons you'll learn by your thirties. Does the premise entail the hypothesis?",
        "example_title": "Premise and hypothesis"
      }
    ],
    "tags": [
      "text2text-generation"
    ],
    "datasets": [
      "svakulenk0/qrecc",
      "taskmaster2",
      "djaym7/wiki_dialog",
      "deepmind/code_contests",
      "lambada",
      "gsm8k",
      "aqua_rat",
      "esnli",
      "quasc",
      "qed"
    ],
    "license": "apache-2.0"
  },
  "transformersInfo": {
    "auto_model": "AutoModelForSeq2SeqLM",
    "pipeline_tag": "text2text-generation",
    "processor": "AutoTokenizer"
  },
  "siblings": [
    {
      "rfilename": ".gitattributes"
    },
    {
      "rfilename": "README.md"
    },
    {
      "rfilename": "config.json"
    },
    {
      "rfilename": "flax_model.msgpack"
    },
    {
      "rfilename": "generation_config.json"
    },
    {
      "rfilename": "model.safetensors"
    },
    {
      "rfilename": "pytorch_model.bin"
    },
    {
      "rfilename": "special_tokens_map.json"
    },
    {
      "rfilename": "spiece.model"
    },
    {
      "rfilename": "tf_model.h5"
    },
    {
      "rfilename": "tokenizer.json"
    },
    {
      "rfilename": "tokenizer_config.json"
    }
  ],
  "spaces": [
    "mteb/leaderboard",
    "facebook/MusicGen",
    "Surn/UnlimitedMusicGen",
    "declare-lab/TangoFlux",
    "FunAudioLLM/ThinkSound",
    "jadechoghari/OpenMusic",
    "ai4bharat/indic-parler-tts",
    "declare-lab/mustango",
    "vectara/leaderboard",
    "fffiloni/SplitTrack2MusicGen",
    "Zeyue7/AudioX",
    "fffiloni/Image-to-MusicGen",
    "radames/MusicGen-Continuation",
    "facebook/MelodyFlow",
    "M2UGen/M2UGen-Demo",
    "Sharathhebbar24/One-stop-for-Open-source-models",
    "OpenSound/CapSpeech-TTS",
    "GrandaddyShmax/AudioCraft_Plus",
    "Nick088/Audio-SR",
    "anakin87/fact-checking-rocks",
    "PHBJT/multi_parler_tts",
    "mteb/leaderboard_legacy",
    "GrandaddyShmax/MusicGen_Plus",
    "fffiloni/MusiConGen",
    "AIGC-Audio/AudioLCM",
    "GrandaddyShmax/MusicGen_Plus_hfv2",
    "playgrdstar/compare-llms",
    "unpairedelectron07/Text-to-Music-Generator",
    "AIGC-Audio/Make_An_Audio",
    "flosstradamus/FluxMusicGUI",
    "AIGC-Audio/Make-An-Audio-3",
    "patgpt4/MusicGen",
    "jonluca/MusicGen",
    "sub314xxl/MusicGen-Continuation",
    "sunnyujjawal/AI-Music-Generator",
    "Prof-Reza/Audiocraft_Music-Audio_Generation",
    "annapurnapadmaprema-ji/Music_Generator",
    "joaogante/assisted_generation_benchmarks",
    "AIGC-Audio/Make_An_Audio_inpaint",
    "jbilcke-hf/MusicGen",
    "Fabrice-TIERCELIN/Text-to-Music",
    "kgout/asr",
    "brainblow/AudioCreator_Music-Audio_Generation",
    "prthgo/PDF-Chatbot",
    "TiberiuCristianLeon/GradioTranslate",
    "ixxan/cross-lingual-vqa",
    "awqwqwq/MusicGen2",
    "jbilcke-hf/ai-tube-model-musicgen-1",
    "as-cle-bert/everything-rag",
    "chenxie95/MeanAudio",
    "awacke1/Docker-FlanT5-TextGeneratorTranslator",
    "awinml/2-qa-earnings-sentencewise",
    "legolasyiu/MusicAI",
    "Achyuth4/MusicGen",
    "AFischer1985/German-Flan-T5",
    "simsantonioii/MusicGen-Continuation",
    "ElainaFanBoy/MusicGen",
    "Gyufyjk/AudioCraft_Plus",
    "wissem29/chatbot",
    "yufiofficial/Image-to-MusicGen",
    "dwawdwdd/Audio-SR",
    "zeyadusf/Summarizationflant5",
    "lv-vl/Audio-SR2",
    "Dragunflie-420/OpenMusic",
    "subratomandalme/diabetes",
    "felixz/Flan-T5-experiment",
    "marcusj83/MusicGenbruh",
    "ddasd/MusicGen",
    "studiobrn/SplitTrack",
    "sub314xxl/MusicGen",
    "EnthusiastLo/MusicGen",
    "AIConsultant/MusicGen",
    "awacke1/MusicChatGenWithMuGen",
    "charchits/zonic-generator",
    "Omnibus/MusicGen",
    "Neomyst/UnlimitedMusicGen",
    "ZeroTwo3/videoshop-backend",
    "jbilcke-hf/ai-tube-model-musicgen-4",
    "Bai-YT/ConsistencyTTA",
    "Nymbo/Audio-SR",
    "DennisHung/DiffmorpherXAp-adapter",
    "ford442/MusicGen",
    "RAHULJUNEJA33/LexiGen-FuncSpec_DataSynthesis",
    "Himanshu1804/Voxify",
    "AbstractPhil/shunt-adapter-testing",
    "Viraj-Shingala/Automated_Email_Responder",
    "Bluestrikeai/flan-t5-large",
    "teragron/docuchat-webui",
    "ChihChiu29/mychatbot",
    "hhalim/google-flan-t5-large",
    "ashhadahsan/summarizer-space",
    "awacke1/GradioFlanT5BloomAndTaskSource",
    "hhalim/google-flan-t5-large-test",
    "Wrathless/Dkrotzer-MusicalMagic",
    "Chris4K/llms_compare",
    "Yudha515/Rvc-Models",
    "w1zrd/MusicGen",
    "triggah61/chingu-music",
    "subhajitmaji/MusicGen",
    "danterivers/music-generation-samples"
  ],
  "createdAt": "2022-10-21T10:07:08.000Z",
  "safetensors": {
    "parameters": {
      "F32": 783150080
    },
    "total": 783150080
  },
  "usedStorage": 15929620947
}