{
  "_id": "6258519fd47cce537ee380dc",
  "id": "google/long-t5-local-base",
  "private": false,
  "library_name": "transformers",
  "tags": [
    "transformers",
    "pytorch",
    "jax",
    "safetensors",
    "longt5",
    "text2text-generation",
    "en",
    "arxiv:2112.07916",
    "arxiv:1912.08777",
    "arxiv:1910.10683",
    "license:apache-2.0",
    "endpoints_compatible",
    "region:us"
  ],
  "downloads": 1993,
  "likes": 15,
  "modelId": "google/long-t5-local-base",
  "author": "google",
  "sha": "495147576566a61d910384ed880fcefa6ec40b49",
  "lastModified": "2023-09-07T15:36:37.000Z",
  "gated": false,
  "disabled": false,
  "model-index": null,
  "config": {
    "architectures": [
      "LongT5ForConditionalGeneration"
    ],
    "model_type": "longt5"
  },
  "cardData": {
    "license": "apache-2.0",
    "language": "en"
  },
  "transformersInfo": {
    "auto_model": "AutoModelForSeq2SeqLM",
    "pipeline_tag": "text2text-generation",
    "processor": "AutoTokenizer"
  },
  "siblings": [
    {
      "rfilename": ".gitattributes"
    },
    {
      "rfilename": "README.md"
    },
    {
      "rfilename": "config.json"
    },
    {
      "rfilename": "flax_model.msgpack"
    },
    {
      "rfilename": "generation_config.json"
    },
    {
      "rfilename": "model.safetensors"
    },
    {
      "rfilename": "pytorch_model.bin"
    },
    {
      "rfilename": "spiece.model"
    },
    {
      "rfilename": "tokenizer.json"
    }
  ],
  "spaces": [
    "Sharathhebbar24/One-stop-for-Open-source-models",
    "K00B404/One-stop-till-you-drop",
    "ARSynopsis/Text_Summarization",
    "mortezahaydari/flant5"
  ],
  "createdAt": "2022-04-14T16:53:51.000Z",
  "safetensors": {
    "parameters": {
      "F32": 222903552
    },
    "total": 222903552
  },
  "usedStorage": 3666095170
}