{
  "_id": "63d5fbed715d4594946328f4",
  "id": "keremberke/yolov8m-table-extraction",
  "private": false,
  "pipeline_tag": "object-detection",
  "library_name": "ultralytics",
  "tags": [
    "ultralytics",
    "tensorboard",
    "v8",
    "ultralyticsplus",
    "yolov8",
    "yolo",
    "vision",
    "object-detection",
    "pytorch",
    "awesome-yolov8-models",
    "dataset:keremberke/table-extraction",
    "license:agpl-3.0",
    "model-index",
    "region:us"
  ],
  "downloads": 7403,
  "likes": 41,
  "modelId": "keremberke/yolov8m-table-extraction",
  "author": "keremberke",
  "sha": "8826513612acc2a220d9c6a5acd933e21c1390e9",
  "lastModified": "2024-05-23T12:00:01.000Z",
  "gated": false,
  "disabled": false,
  "model-index": [
    {
      "name": "keremberke/yolov8m-table-extraction",
      "results": [
        {
          "task": {
            "type": "object-detection"
          },
          "dataset": {
            "type": "keremberke/table-extraction",
            "name": "table-extraction",
            "split": "validation"
          },
          "metrics": [
            {
              "type": "precision",
              "value": 0.95194,
              "name": "mAP@0.5(box)",
              "verified": false
            }
          ]
        }
      ]
    }
  ],
  "config": {
    "model_type": "v8"
  },
  "cardData": {
    "tags": [
      "ultralyticsplus",
      "yolov8",
      "ultralytics",
      "yolo",
      "vision",
      "object-detection",
      "pytorch",
      "awesome-yolov8-models"
    ],
    "library_name": "ultralytics",
    "library_version": "8.0.21",
    "inference": false,
    "datasets": [
      "keremberke/table-extraction"
    ],
    "model-index": [
      {
        "name": "keremberke/yolov8m-table-extraction",
        "results": [
          {
            "task": {
              "type": "object-detection"
            },
            "dataset": {
              "type": "keremberke/table-extraction",
              "name": "table-extraction",
              "split": "validation"
            },
            "metrics": [
              {
                "type": "precision",
                "value": 0.95194,
                "name": "mAP@0.5(box)",
                "verified": false
              }
            ]
          }
        ]
      }
    ],
    "license": "agpl-3.0"
  },
  "siblings": [
    {
      "rfilename": ".gitattributes"
    },
    {
      "rfilename": "README.md"
    },
    {
      "rfilename": "best.pt"
    },
    {
      "rfilename": "config.json"
    },
    {
      "rfilename": "events.out.tfevents.1674965488.ovyeman.33996.9"
    },
    {
      "rfilename": "thumbnail.jpg"
    }
  ],
  "spaces": [
    "KoonJamesZ/ocr-table-v2",
    "Sharathhebbar24/Table-detection",
    "KoonJamesZ/ocr-table-v1"
  ],
  "createdAt": "2023-01-29T04:54:05.000Z",
  "usedStorage": 52002696
}