{
  "_id": "67517078569ee92698b9ce57",
  "id": "knowledgator/gliner-multitask-v1.0",
  "private": false,
  "pipeline_tag": "token-classification",
  "library_name": "gliner",
  "tags": [
    "gliner",
    "pytorch",
    "NER",
    "information extraction",
    "relation extraction",
    "summarization",
    "sentiment extraction",
    "question-answering",
    "token-classification",
    "en",
    "dataset:knowledgator/GLINER-multi-task-synthetic-data",
    "arxiv:2406.12925",
    "license:apache-2.0",
    "region:us"
  ],
  "downloads": 184,
  "likes": 33,
  "modelId": "knowledgator/gliner-multitask-v1.0",
  "author": "knowledgator",
  "sha": "0f31be112e077396cc8fef5598f5ae6fdb8fec17",
  "lastModified": "2024-12-10T15:38:27.000Z",
  "gated": false,
  "disabled": false,
  "widgetData": [
    {
      "text": "My name is Wolfgang and I live in Berlin"
    },
    {
      "text": "My name is Sarah and I live in London"
    },
    {
      "text": "My name is Clara and I live in Berkeley, California."
    }
  ],
  "model-index": null,
  "config": {
    "tokenizer_config": {
      "bos_token": "[CLS]",
      "cls_token": "[CLS]",
      "eos_token": "[SEP]",
      "mask_token": "[MASK]",
      "pad_token": "[PAD]",
      "sep_token": "[SEP]",
      "unk_token": "[UNK]"
    }
  },
  "cardData": {
    "license": "apache-2.0",
    "language": [
      "en"
    ],
    "metrics": [
      "f1",
      "precision",
      "recall"
    ],
    "tags": [
      "NER",
      "information extraction",
      "relation extraction",
      "summarization",
      "sentiment extraction",
      "question-answering"
    ],
    "pipeline_tag": "token-classification",
    "library_name": "gliner",
    "datasets": [
      "knowledgator/GLINER-multi-task-synthetic-data"
    ]
  },
  "siblings": [
    {
      "rfilename": ".gitattributes"
    },
    {
      "rfilename": "README.md"
    },
    {
      "rfilename": "added_tokens.json"
    },
    {
      "rfilename": "gliner_config.json"
    },
    {
      "rfilename": "pytorch_model.bin"
    },
    {
      "rfilename": "special_tokens_map.json"
    },
    {
      "rfilename": "spm.model"
    },
    {
      "rfilename": "tokenizer.json"
    },
    {
      "rfilename": "tokenizer_config.json"
    }
  ],
  "spaces": [
    "BioMike/Logical_GLiNER"
  ],
  "createdAt": "2024-12-05T09:20:56.000Z",
  "usedStorage": 7275582907
}