{
  "_id": "634928653d8dc83a55cbdcc0",
  "id": "microsoft/table-transformer-detection",
  "private": false,
  "pipeline_tag": "object-detection",
  "library_name": "transformers",
  "tags": [
    "transformers",
    "pytorch",
    "safetensors",
    "table-transformer",
    "object-detection",
    "arxiv:2110.00061",
    "license:mit",
    "endpoints_compatible",
    "region:us"
  ],
  "downloads": 2354697,
  "likes": 372,
  "modelId": "microsoft/table-transformer-detection",
  "author": "microsoft",
  "sha": "2357cbe2b5a5d1c03e54f32764f06058933b65ab",
  "lastModified": "2023-09-06T14:49:09.000Z",
  "gated": false,
  "disabled": false,
  "widgetData": [
    {
      "src": "https://www.invoicesimple.com/wp-content/uploads/2018/06/Sample-Invoice-printable.png",
      "example_title": "Invoice"
    }
  ],
  "model-index": null,
  "config": {
    "architectures": [
      "TableTransformerForObjectDetection"
    ],
    "model_type": "table-transformer",
    "additional_chat_templates": {}
  },
  "cardData": {
    "license": "mit",
    "widget": [
      {
        "src": "https://www.invoicesimple.com/wp-content/uploads/2018/06/Sample-Invoice-printable.png",
        "example_title": "Invoice"
      }
    ]
  },
  "transformersInfo": {
    "auto_model": "AutoModelForObjectDetection",
    "pipeline_tag": "object-detection",
    "processor": "AutoImageProcessor"
  },
  "siblings": [
    {
      "rfilename": ".gitattributes"
    },
    {
      "rfilename": "README.md"
    },
    {
      "rfilename": "config.json"
    },
    {
      "rfilename": "model.safetensors"
    },
    {
      "rfilename": "preprocessor_config.json"
    },
    {
      "rfilename": "pytorch_model.bin"
    }
  ],
  "spaces": [
    "gunship999/SexyImages",
    "Yntec/ToyWorld",
    "llamameta/flux-pro-uncensored",
    "Uthar/SexyReality",
    "Yntec/PrintingPress",
    "Nymbo/Compare-6",
    "nielsr/tatr-demo",
    "llamameta/fluxproV2",
    "phenixrhyder/NSFW-ToyWorld",
    "Yntec/ToyWorldXL",
    "Yntec/blitz_diffusion",
    "SalML/TableTransformer2CSV",
    "rizgiak/table-to-csv-pipeline",
    "John6666/Diffusion80XX4sg",
    "jurgendn/table-extraction",
    "John6666/PrintingPress4",
    "llamameta/fast-sd3.5-large",
    "martynka/TasiaExperiment",
    "yergyerg/ImgGenClone",
    "whn09/Table-Structure-Recognition-Demo",
    "binery/Table_Transformer_PaddleOCR",
    "Yntec/Image-Models-Test-2024",
    "Yntec/Image-Models-Test-April-2024",
    "DemiPoto/TestDifs",
    "Abinivesh/Multi-models-prompt-to-image-generation",
    "NativeAngels/Compare-6",
    "Yntec/Image-Models-Test",
    "John6666/hfd_test_nostopbutton",
    "Yntec/Image-Models-Test-May-2024",
    "Nymbo/Diffusion80XX4sg",
    "Yntec/Image-Models-Test-September-2024",
    "DemiPoto/testSortModels",
    "kaleidoskop-hug/PrintingPress",
    "Yntec/MiniToyWorld",
    "John6666/ToyWorld4",
    "John6666/Diffusion80XX4g",
    "SAITAN666/StableDiffusion35Large-Image-Models-Test-November-2024",
    "NativeAngels/HuggingfaceDiffusion",
    "Yntec/Image-Models-Test-December-2024",
    "rishabhv471/table-extraction-from-image",
    "tensorlake/document-extractors",
    "John6666/Diffusion80XX4",
    "K00B404/HuggingfaceDiffusion_custom",
    "John6666/blitz_diffusion4",
    "John6666/blitz_diffusion_builtin",
    "rahul5035/Table-Structure-Recognition-Demo",
    "K00B404/SimpleBrothel",
    "sussahoo/table_extraction",
    "Yntec/Image-Models-Test-July-2024",
    "Blane187/multi-diffusion",
    "NativeAngels/ToyWorld",
    "Uthar/LewdExperiments",
    "Uthar/BodyPaint",
    "Uthar/HRGiger",
    "Uthar/HighFashion",
    "Yntec/open-craiyon",
    "Yntec/Image-Models-Test-January-2025",
    "Yntec/Image-Models-Test-March-2025",
    "king007/table_extraction",
    "Bogdiyan/Table-Detection-and-Recognition-using-DETR",
    "Yeeezus/SexyImages",
    "John6666/MiniToyWorld",
    "trysem/TableIMG2-CSV",
    "msheriff/transformers",
    "msheriff/tatr",
    "Joshnicholas/table-extract",
    "Esmaeilkianii/Mylove1374",
    "NativeAngels/blitz_diffusion",
    "NativeAngels/PrintingPress4",
    "NativeAngels/PrintingPress",
    "dehua68/ToyWorld",
    "tushar888/Zeinural.ai",
    "Uthar/Harvester",
    "Yntec/Image-Models-Test-February-2025",
    "MrRokot/GENFLUX",
    "burman-ai/Printing-Press",
    "charliebaby2023/infnapitoggle",
    "slayton22slayton/infnapitoggle",
    "Uthar/TestgroundPub",
    "ishan-pandey/Table2CSV_experiment",
    "VISION23/TableTransformer2CSV",
    "DennisNissen/microsoft-table-transformer-detection",
    "houssemmasri/microsoft-table-transformer-detection",
    "MaxAtApplied/microsoft-table-transformer-detection",
    "Libroru/Arnold",
    "Mischa88/microsoft-table-transformer-detection",
    "g1hf/microsoft-table-transformer-detection",
    "ayansengupta17/microsoft-table-transformer-detection",
    "Zoory/Hhhk",
    "adildhkh/microsoft-table-transformer-detection",
    "pierreguillou/tatr-demo",
    "pechb/microsoft-table-transformer-detection",
    "Dinesh110210/microsoft-table-transformer-detection",
    "Buildnow/bank_statement_ocr",
    "Shankarm08/microsoft-table-transformer-detection",
    "tarandeep4552/microsoft-table-transformer-detection",
    "shrimantasatpati/table-extraction",
    "Prosenjitmondaltcs/microsoft-table-transformer-detection",
    "Prosenjitmondaltcs/microsoft-table-transformer-detection1",
    "Prosenjitmondaltcs/microsoft-table-transformer-detection-11"
  ],
  "createdAt": "2022-10-14T09:14:13.000Z",
  "safetensors": {
    "parameters": {
      "F32": 28818631
    },
    "total": 28818631
  },
  "usedStorage": 577094646
}