{
  "_id": "621ffdc136468d709f17df12",
  "id": "microsoft/trocr-large-handwritten",
  "private": false,
  "pipeline_tag": "image-to-text",
  "library_name": "transformers",
  "tags": [
    "transformers",
    "pytorch",
    "vision-encoder-decoder",
    "image-to-text",
    "trocr",
    "arxiv:2109.10282",
    "endpoints_compatible",
    "region:us"
  ],
  "downloads": 24655,
  "likes": 127,
  "modelId": "microsoft/trocr-large-handwritten",
  "author": "microsoft",
  "sha": "e68501f437cd2587ae5d68ee457964cac824ddee",
  "lastModified": "2024-05-27T20:10:58.000Z",
  "gated": false,
  "disabled": false,
  "widgetData": [
    {
      "src": "https://fki.tic.heia-fr.ch/static/img/a01-122-02.jpg",
      "example_title": "Note 1"
    },
    {
      "src": "https://encrypted-tbn0.gstatic.com/images?q=tbn:ANd9GcSoolxi9yWGAT5SLZShv8vVd0bz47UWRzQC19fDTeE8GmGv_Rn-PCF1pP1rrUx8kOjA4gg&usqp=CAU",
      "example_title": "Note 2"
    },
    {
      "src": "https://encrypted-tbn0.gstatic.com/images?q=tbn:ANd9GcRNYtTuSBpZPV_nkBYPMFwVVD9asZOPgHww4epu9EqWgDmXW--sE2o8og40ZfDGo87j5w&usqp=CAU",
      "example_title": "Note 3"
    }
  ],
  "model-index": null,
  "config": {
    "architectures": [
      "VisionEncoderDecoderModel"
    ],
    "model_type": "vision-encoder-decoder",
    "tokenizer_config": {
      "unk_token": {
        "content": "<unk>",
        "single_word": false,
        "lstrip": false,
        "rstrip": false,
        "normalized": true,
        "__type": "AddedToken"
      },
      "bos_token": {
        "content": "<s>",
        "single_word": false,
        "lstrip": false,
        "rstrip": false,
        "normalized": true,
        "__type": "AddedToken"
      },
      "eos_token": {
        "content": "</s>",
        "single_word": false,
        "lstrip": false,
        "rstrip": false,
        "normalized": true,
        "__type": "AddedToken"
      },
      "sep_token": {
        "content": "</s>",
        "single_word": false,
        "lstrip": false,
        "rstrip": false,
        "normalized": true,
        "__type": "AddedToken"
      },
      "cls_token": {
        "content": "<s>",
        "single_word": false,
        "lstrip": false,
        "rstrip": false,
        "normalized": true,
        "__type": "AddedToken"
      },
      "pad_token": {
        "content": "<pad>",
        "single_word": false,
        "lstrip": false,
        "rstrip": false,
        "normalized": true,
        "__type": "AddedToken"
      },
      "mask_token": {
        "content": "<mask>",
        "single_word": false,
        "lstrip": true,
        "rstrip": false,
        "normalized": true,
        "__type": "AddedToken"
      }
    }
  },
  "cardData": {
    "tags": [
      "trocr",
      "image-to-text"
    ],
    "widget": [
      {
        "src": "https://fki.tic.heia-fr.ch/static/img/a01-122-02.jpg",
        "example_title": "Note 1"
      },
      {
        "src": "https://encrypted-tbn0.gstatic.com/images?q=tbn:ANd9GcSoolxi9yWGAT5SLZShv8vVd0bz47UWRzQC19fDTeE8GmGv_Rn-PCF1pP1rrUx8kOjA4gg&usqp=CAU",
        "example_title": "Note 2"
      },
      {
        "src": "https://encrypted-tbn0.gstatic.com/images?q=tbn:ANd9GcRNYtTuSBpZPV_nkBYPMFwVVD9asZOPgHww4epu9EqWgDmXW--sE2o8og40ZfDGo87j5w&usqp=CAU",
        "example_title": "Note 3"
      }
    ]
  },
  "transformersInfo": {
    "auto_model": "AutoModelForVision2Seq",
    "pipeline_tag": "image-to-text",
    "processor": "AutoTokenizer"
  },
  "siblings": [
    {
      "rfilename": ".gitattributes"
    },
    {
      "rfilename": "README.md"
    },
    {
      "rfilename": "config.json"
    },
    {
      "rfilename": "generation_config.json"
    },
    {
      "rfilename": "merges.txt"
    },
    {
      "rfilename": "preprocessor_config.json"
    },
    {
      "rfilename": "pytorch_model.bin"
    },
    {
      "rfilename": "special_tokens_map.json"
    },
    {
      "rfilename": "tokenizer_config.json"
    },
    {
      "rfilename": "vocab.json"
    }
  ],
  "spaces": [
    "phyloforfun/VoucherVision",
    "amit-scans/Image-Text-Detection",
    "ajitrajasekharan/Image-Text-Detection",
    "nirali/microsoft-trocr-large-handwritten",
    "Heramb26/TR-OCR-CustomModel",
    "triopood/microsoft-trocr-large-handwritten",
    "AlhitawiMohammed22/HTD_HTR",
    "abhikatta/microsoft-trocr-large-handwritten",
    "madhavkotecha/OCR_with_LLMs",
    "awacke1/PDF-Image-Book-Album-Maker-AI-UI-UX",
    "awacke1/Book-Maker-CVLM-AI-UI-UX",
    "palondomus/CaesarAI",
    "Felixogunwale/samuel_text_detection",
    "hghjfjfyfgcgdhdh/microsoft-trocr-large-handwritten",
    "haraldosan/microsoft-trocr-large-handwritten",
    "win1337/image_captcha_recog",
    "risa16/microsoft-trocr-base-handwritten",
    "medasaicharan2/AIP",
    "fsmoreir/handwritten-large",
    "Jangai/Sketch",
    "iukhan/handwritten",
    "Harshitha2026/ocr_web_app",
    "nuclearmath/microsoft-trocr-large-printed",
    "BilalHasan/Ink2Pixel",
    "abinayarajan/digitizerecords",
    "GeoVinci-AI/microsoft-trocr-large-handwritten",
    "NTD230802/microsoft-trocr-large-handwritten",
    "yamanavijayavardhan/answer-grading-app",
    "MQAnh/DSAproject",
    "MQAnh/DSAprojectver2",
    "cherryharsh/urls_qna",
    "Hiridharan10/ai_content_detector_20025",
    "Hiridharan10/AI_CONTENT_DETECTOR_SUPERANNOTATE",
    "engrtm/Evaluators",
    "engrtm/Essay-Evaluator",
    "jacobmp/multi-line-OCR-handwritten",
    "ahmedxeno/TROCR",
    "nooor123/medmate1",
    "imperiusrex/Handwritten_OCR"
  ],
  "createdAt": "2022-03-02T23:29:05.000Z",
  "usedStorage": 6686528941
}