{
  "_id": "664a85af5fdb710820311625",
  "id": "microsoft/Phi-3-vision-128k-instruct-onnx-cpu",
  "private": false,
  "pipeline_tag": "text-generation",
  "library_name": "transformers",
  "tags": [
    "transformers",
    "onnx",
    "phi3_v",
    "text-generation",
    "ONNX",
    "DML",
    "ONNXRuntime",
    "phi3",
    "custom_code",
    "license:mit",
    "autotrain_compatible",
    "region:us"
  ],
  "downloads": 59,
  "likes": 28,
  "modelId": "microsoft/Phi-3-vision-128k-instruct-onnx-cpu",
  "author": "microsoft",
  "sha": "d1fb2857b6adca175ce2ef44a68591e076bb9445",
  "lastModified": "2024-11-14T00:38:08.000Z",
  "gated": false,
  "disabled": false,
  "widgetData": [
    {
      "text": "My name is Julien and I like to"
    },
    {
      "text": "I like traveling by train because"
    },
    {
      "text": "Paris is an amazing place to visit,"
    },
    {
      "text": "Once upon a time,"
    }
  ],
  "model-index": null,
  "config": {
    "architectures": [
      "Phi3VForCausalLM"
    ],
    "auto_map": {
      "AutoConfig": "configuration_phi3_v.Phi3VConfig",
      "AutoModelForCausalLM": "modeling_phi3_v.Phi3VForCausalLM"
    },
    "model_type": "phi3_v"
  },
  "cardData": {
    "license": "mit",
    "tags": [
      "ONNX",
      "DML",
      "ONNXRuntime",
      "phi3",
      "custom_code"
    ]
  },
  "transformersInfo": {
    "auto_model": "AutoModelForCausalLM",
    "custom_class": "modeling_phi3_v.Phi3VForCausalLM",
    "pipeline_tag": "text-generation"
  },
  "siblings": [
    {
      "rfilename": ".gitattributes"
    },
    {
      "rfilename": "LICENSE"
    },
    {
      "rfilename": "README.md"
    },
    {
      "rfilename": "config.json"
    },
    {
      "rfilename": "cpu-int4-rtn-block-32-acc-level-4/genai_config.json"
    },
    {
      "rfilename": "cpu-int4-rtn-block-32-acc-level-4/phi-3-v-128k-instruct-text-embedding.onnx"
    },
    {
      "rfilename": "cpu-int4-rtn-block-32-acc-level-4/phi-3-v-128k-instruct-text-embedding.onnx.data"
    },
    {
      "rfilename": "cpu-int4-rtn-block-32-acc-level-4/phi-3-v-128k-instruct-text.onnx"
    },
    {
      "rfilename": "cpu-int4-rtn-block-32-acc-level-4/phi-3-v-128k-instruct-text.onnx.data"
    },
    {
      "rfilename": "cpu-int4-rtn-block-32-acc-level-4/phi-3-v-128k-instruct-vision.onnx"
    },
    {
      "rfilename": "cpu-int4-rtn-block-32-acc-level-4/phi-3-v-128k-instruct-vision.onnx.data"
    },
    {
      "rfilename": "cpu-int4-rtn-block-32-acc-level-4/processor_config.json"
    },
    {
      "rfilename": "cpu-int4-rtn-block-32-acc-level-4/special_tokens_map.json"
    },
    {
      "rfilename": "cpu-int4-rtn-block-32-acc-level-4/tokenizer.json"
    },
    {
      "rfilename": "cpu-int4-rtn-block-32-acc-level-4/tokenizer_config.json"
    },
    {
      "rfilename": "onnx/builder.py"
    },
    {
      "rfilename": "onnx/config.json"
    },
    {
      "rfilename": "onnx/image_embedding_phi3_v_for_onnx.py"
    },
    {
      "rfilename": "onnx/modeling_phi3_v.py"
    }
  ],
  "spaces": [],
  "createdAt": "2024-05-19T23:05:19.000Z",
  "usedStorage": 3218716338
}