{
  "_id": "621ffdc136468d709f17df0f",
  "id": "microsoft/trocr-base-handwritten",
  "private": false,
  "pipeline_tag": "image-to-text",
  "library_name": "transformers",
  "tags": [
    "transformers",
    "pytorch",
    "safetensors",
    "vision-encoder-decoder",
    "image-to-text",
    "trocr",
    "arxiv:2109.10282",
    "license:mit",
    "endpoints_compatible",
    "region:us"
  ],
  "downloads": 705615,
  "likes": 430,
  "modelId": "microsoft/trocr-base-handwritten",
  "author": "microsoft",
  "sha": "eaacaf452b06415df8f10bb6fad3a4c11e609406",
  "lastModified": "2025-02-11T04:26:58.000Z",
  "gated": false,
  "disabled": false,
  "widgetData": [
    {
      "src": "https://fki.tic.heia-fr.ch/static/img/a01-122-02.jpg",
      "example_title": "Note 1"
    },
    {
      "src": "https://encrypted-tbn0.gstatic.com/images?q=tbn:ANd9GcSoolxi9yWGAT5SLZShv8vVd0bz47UWRzQC19fDTeE8GmGv_Rn-PCF1pP1rrUx8kOjA4gg&usqp=CAU",
      "example_title": "Note 2"
    },
    {
      "src": "https://encrypted-tbn0.gstatic.com/images?q=tbn:ANd9GcRNYtTuSBpZPV_nkBYPMFwVVD9asZOPgHww4epu9EqWgDmXW--sE2o8og40ZfDGo87j5w&usqp=CAU",
      "example_title": "Note 3"
    }
  ],
  "model-index": null,
  "config": {
    "architectures": [
      "VisionEncoderDecoderModel"
    ],
    "model_type": "vision-encoder-decoder",
    "tokenizer_config": {
      "unk_token": {
        "content": "<unk>",
        "single_word": false,
        "lstrip": false,
        "rstrip": false,
        "normalized": true,
        "__type": "AddedToken"
      },
      "bos_token": {
        "content": "<s>",
        "single_word": false,
        "lstrip": false,
        "rstrip": false,
        "normalized": true,
        "__type": "AddedToken"
      },
      "eos_token": {
        "content": "</s>",
        "single_word": false,
        "lstrip": false,
        "rstrip": false,
        "normalized": true,
        "__type": "AddedToken"
      },
      "sep_token": {
        "content": "</s>",
        "single_word": false,
        "lstrip": false,
        "rstrip": false,
        "normalized": true,
        "__type": "AddedToken"
      },
      "cls_token": {
        "content": "<s>",
        "single_word": false,
        "lstrip": false,
        "rstrip": false,
        "normalized": true,
        "__type": "AddedToken"
      },
      "pad_token": {
        "content": "<pad>",
        "single_word": false,
        "lstrip": false,
        "rstrip": false,
        "normalized": true,
        "__type": "AddedToken"
      },
      "mask_token": {
        "content": "<mask>",
        "single_word": false,
        "lstrip": true,
        "rstrip": false,
        "normalized": true,
        "__type": "AddedToken"
      }
    }
  },
  "cardData": {
    "tags": [
      "trocr",
      "image-to-text"
    ],
    "widget": [
      {
        "src": "https://fki.tic.heia-fr.ch/static/img/a01-122-02.jpg",
        "example_title": "Note 1"
      },
      {
        "src": "https://encrypted-tbn0.gstatic.com/images?q=tbn:ANd9GcSoolxi9yWGAT5SLZShv8vVd0bz47UWRzQC19fDTeE8GmGv_Rn-PCF1pP1rrUx8kOjA4gg&usqp=CAU",
        "example_title": "Note 2"
      },
      {
        "src": "https://encrypted-tbn0.gstatic.com/images?q=tbn:ANd9GcRNYtTuSBpZPV_nkBYPMFwVVD9asZOPgHww4epu9EqWgDmXW--sE2o8og40ZfDGo87j5w&usqp=CAU",
        "example_title": "Note 3"
      }
    ],
    "license": "mit"
  },
  "transformersInfo": {
    "auto_model": "AutoModelForVision2Seq",
    "pipeline_tag": "image-to-text",
    "processor": "AutoTokenizer"
  },
  "siblings": [
    {
      "rfilename": ".gitattributes"
    },
    {
      "rfilename": "README.md"
    },
    {
      "rfilename": "config.json"
    },
    {
      "rfilename": "generation_config.json"
    },
    {
      "rfilename": "merges.txt"
    },
    {
      "rfilename": "model.safetensors"
    },
    {
      "rfilename": "preprocessor_config.json"
    },
    {
      "rfilename": "pytorch_model.bin"
    },
    {
      "rfilename": "special_tokens_map.json"
    },
    {
      "rfilename": "tokenizer_config.json"
    },
    {
      "rfilename": "vocab.json"
    }
  ],
  "spaces": [
    "microsoft/HuggingGPT",
    "nielsr/TrOCR-handwritten",
    "Riksarkivet/htr_demo",
    "RitaParadaRamos/SmallCapDemo",
    "phyloforfun/VoucherVision",
    "opendatalab/UniMERNet-Demo",
    "amit-scans/Image-Text-Detection",
    "taesiri/HuggingGPT-Lite",
    "sushmanth/hand_written_to_text",
    "ajitrajasekharan/Image-Text-Detection",
    "wjbmattingly/medieval-htr",
    "Agents-MCP-Hackathon/htrflow_mcp",
    "vigneshv/TrOCR-handwritten",
    "wjbmattingly/medieval-htr-page",
    "flaviooliveira/trocr-bullinger-htr",
    "ahasera/alpr-YOLOv8-OCR",
    "wufan/unimer_demo",
    "aico/TrOCR-digit",
    "VishnuTransformer/TrOCR_Handwritten",
    "choiyk0103/TrOCR_app",
    "ccarr0807/HuggingGPT",
    "theholycityweb/HuggingGPT",
    "mscsasem3/CHAAT",
    "Alfasign/HuggingGPT-Lite",
    "saurshaz/HuggingGPT",
    "Sohag1/Handwritten-text-Recognition-Using-TrOCR",
    "cheenchan/OCR-TEXT",
    "Amine-0047/license_plate_detection",
    "elliottd/SmallCapDemo",
    "SebDixonRevenir/TrOCR-Handwriting-Demo",
    "ak-ml18/OCR_Model",
    "prabhat076/OCR",
    "apaxray/SabziAi",
    "JarvisOnSolana/Jarvis",
    "DataInsightAI/pdf-ocr-extractor",
    "awacke1/PDF-Image-Book-Album-Maker-AI-UI-UX",
    "awacke1/Book-Maker-CVLM-AI-UI-UX",
    "chandinisaisri/formiq",
    "Gabriel/htrflow_mcp",
    "Lyti4/skladbot-free-ai",
    "Riksarkivet/htrflow_mcp",
    "NOTBRICK/CEK_PLAT",
    "NTU-Peak-2/SIngtel-Bill-Scanner",
    "hugbump/trocr_streamlit_imitate",
    "imflash217/TrOCR_EN_ICR",
    "Aalaa/OCR",
    "chrisW6825/HuggingGPT",
    "Shenziqian/HuggingGPT",
    "lokutus/HuggingGPT",
    "mimiqiao/HuggingGPT",
    "tsgbalakarthik/HuggingGPT",
    "wowochkin/HuggingGPT",
    "Msp/HuggingGPT",
    "sussahoo/hwreco",
    "mscsasem3/recogniser",
    "apgarmd/jarvis",
    "apgarmd/jarvis2",
    "ryan12439/HuggingGPTpub",
    "turbowed/HuggingGPT",
    "Chokyounghoon/HuggingGPT",
    "mukulnag/HuggingGPT1",
    "FANCHIYU/HuggingGPT",
    "Betacuckgpt/HuggingGPT",
    "cashqin/HuggingGPT",
    "lollo21/Will-GPT",
    "felixfriday/MICROSOFTT_JARVIS_HuggingGPT",
    "Meffordh/HuggingGPT",
    "Pfs2021Funny/HuggingGPT",
    "lugifudun/HuggingGPT",
    "irritablebro/HuggingGPT",
    "leadmaister/HuggingGPT",
    "pors/HuggingGPT",
    "keaneu/HuggingGPT",
    "MagKoz/HuggingGPT",
    "lzqfree/HuggingGPT",
    "zhangdream/HuggingGPT",
    "bountyfuljr/HuggingGPTplaypublic",
    "viscosity/HuggingGPT",
    "calliber/HuggingGPT",
    "Pitak/HuggingGPT",
    "Mcdof/HuggingGPT",
    "gaocegege/HuggingGPT",
    "BMukhtar/BMA",
    "mearjunsha/HuggingGPT",
    "vs4vijay/HuggingGPT",
    "sk2003/Hist-TrOCR",
    "mastere00/JarvisMeetsProfessor",
    "CollaalloC/HuggingGPT",
    "NaamanSaif/HuggingGPT",
    "dwolfe66/HuggingGPT",
    "passthebutter/HuggingGPT",
    "mckeeboards/HuggingGPT",
    "manu1435/HuggingGPT",
    "xian-sheng/HuggingGPT",
    "trhacknon/HuggingGPT",
    "Aygtljl518866/HuggingGPT",
    "Vito99/HuggingGPT-Lite",
    "U-R/Handwritten_OCR",
    "EinfachOlder/HuggingGPT-Lite",
    "Hemi1403/HuggingGPT"
  ],
  "createdAt": "2022-03-02T23:29:05.000Z",
  "safetensors": {
    "parameters": {
      "F32": 333331200
    },
    "total": 333331200
  },
  "usedStorage": 2666892949
}