{
  "_id": "6657117247425097c30d027a",
  "id": "mistralai/Codestral-22B-v0.1",
  "private": false,
  "library_name": "vllm",
  "tags": [
    "vllm",
    "safetensors",
    "mistral",
    "code",
    "mistral-common",
    "license:other",
    "region:us"
  ],
  "downloads": 68692,
  "likes": 1292,
  "modelId": "mistralai/Codestral-22B-v0.1",
  "author": "mistralai",
  "sha": "28b1c1a51dabe9d86ca8c41420ada1984632498f",
  "lastModified": "2025-07-24T16:43:37.000Z",
  "gated": "auto",
  "disabled": false,
  "model-index": null,
  "config": {
    "architectures": [
      "MistralForCausalLM"
    ],
    "model_type": "mistral",
    "tokenizer_config": {
      "bos_token": "<s>",
      "chat_template": "{%- if messages[0]['role'] == 'system' %}\n    {%- set system_message = messages[0]['content'] %}\n    {%- set loop_messages = messages[1:] %}\n{%- else %}\n    {%- set loop_messages = messages %}\n{%- endif %}\n\n{{- bos_token }}\n{%- for message in loop_messages %}\n    {%- if (message['role'] == 'user') != (loop.index0 % 2 == 0) %}\n        {{- raise_exception('After the optional system message, conversation roles must alternate user/assistant/user/assistant/...') }}\n    {%- endif %}\n    {%- if message['role'] == 'user' %}\n        {%- if loop.last and system_message is defined %}\n            {{- '[INST] ' + system_message + '\\n\\n' + message['content'] + '[/INST]' }}\n        {%- else %}\n            {{- '[INST] ' + message['content'] + '[/INST]' }}\n        {%- endif %}\n    {%- elif message['role'] == 'assistant' %}\n        {{- ' ' + message['content'] + eos_token}}\n    {%- else %}\n        {{- raise_exception('Only user and assistant roles are supported, with the exception of an initial optional system message!') }}\n    {%- endif %}\n{%- endfor %}\n",
      "eos_token": "</s>",
      "pad_token": null,
      "unk_token": "<unk>",
      "use_default_system_prompt": false
    }
  },
  "cardData": {
    "library_name": "vllm",
    "language": [
      "code"
    ],
    "license": "other",
    "tags": [
      "code",
      "mistral-common"
    ],
    "inference": false,
    "license_name": "mnpl",
    "license_link": "https://mistral.ai/licences/MNPL-0.1.md",
    "extra_gated_description": "If you want to learn more about how we process your personal data, please read our <a href=\"https://mistral.ai/terms/\">Privacy Policy</a>."
  },
  "siblings": [
    {
      "rfilename": ".gitattributes"
    },
    {
      "rfilename": "README.md"
    },
    {
      "rfilename": "config.json"
    },
    {
      "rfilename": "consolidated.safetensors"
    },
    {
      "rfilename": "generation_config.json"
    },
    {
      "rfilename": "model-00001-of-00009.safetensors"
    },
    {
      "rfilename": "model-00002-of-00009.safetensors"
    },
    {
      "rfilename": "model-00003-of-00009.safetensors"
    },
    {
      "rfilename": "model-00004-of-00009.safetensors"
    },
    {
      "rfilename": "model-00005-of-00009.safetensors"
    },
    {
      "rfilename": "model-00006-of-00009.safetensors"
    },
    {
      "rfilename": "model-00007-of-00009.safetensors"
    },
    {
      "rfilename": "model-00008-of-00009.safetensors"
    },
    {
      "rfilename": "model-00009-of-00009.safetensors"
    },
    {
      "rfilename": "model.safetensors.index.json"
    },
    {
      "rfilename": "params.json"
    },
    {
      "rfilename": "special_tokens_map.json"
    },
    {
      "rfilename": "tokenizer.json"
    },
    {
      "rfilename": "tokenizer.model"
    },
    {
      "rfilename": "tokenizer.model.v3"
    },
    {
      "rfilename": "tokenizer_config.json"
    }
  ],
  "spaces": [
    "reach-vb/2024-ai-timeline",
    "eduagarcia/open_pt_llm_leaderboard",
    "KBaba7/Quant",
    "genai-impact/ecologits-calculator",
    "NiansuhAI/HFLLMs",
    "poscye/code",
    "Justinrune/LLaMA-Factory",
    "bhaskartripathi/LLM_Quantization",
    "ruslanmv/convert_to_gguf",
    "FallnAI/Quantize-HF-Models",
    "awacke1/ChatStreamlitMultiplayer",
    "totolook/Quant",
    "saikub/chatB",
    "Kevinlidk/2024-ai-timeline",
    "K00B404/LLM_Quantization",
    "seawolf2357/LLM_Quantization",
    "mdr123/coderemote",
    "ndwdgda/python",
    "ResterChed/codestral",
    "oreonmayo/offline.ai_server_test",
    "Kadriaenssens/codestral",
    "daniellp/HFLLMs",
    "sanbo1200/HFLLMs",
    "Nymbo/2024-ai-timeline",
    "ResearchMAGIC/GenAI-Models-2024",
    "msun415/Llamole",
    "H4KN/First_agent_template",
    "openfree/LLM_Quantization",
    "K00B404/convert_to_gguf"
  ],
  "createdAt": "2024-05-29T11:28:50.000Z",
  "safetensors": {
    "parameters": {
      "BF16": 22247282688
    },
    "total": 22247282688
  },
  "usedStorage": 88990420283
}