{
  "_id": "6569aa681d7c2ca7b7bfcc80",
  "id": "mistralai/Mixtral-8x7B-v0.1",
  "private": false,
  "library_name": "vllm",
  "tags": [
    "vllm",
    "safetensors",
    "mixtral",
    "moe",
    "mistral-common",
    "fr",
    "it",
    "de",
    "es",
    "en",
    "license:apache-2.0",
    "region:us"
  ],
  "downloads": 56707,
  "likes": 1743,
  "modelId": "mistralai/Mixtral-8x7B-v0.1",
  "author": "mistralai",
  "sha": "fc7ac94680e38d7348cfa806e51218e6273104b0",
  "lastModified": "2025-07-24T16:40:21.000Z",
  "gated": "auto",
  "disabled": false,
  "model-index": null,
  "config": {
    "architectures": [
      "MixtralForCausalLM"
    ],
    "model_type": "mixtral",
    "tokenizer_config": {
      "bos_token": "<s>",
      "eos_token": "</s>",
      "pad_token": null,
      "unk_token": "<unk>",
      "use_default_system_prompt": false
    }
  },
  "cardData": {
    "library_name": "vllm",
    "license": "apache-2.0",
    "language": [
      "fr",
      "it",
      "de",
      "es",
      "en"
    ],
    "tags": [
      "moe",
      "mistral-common"
    ],
    "extra_gated_description": "If you want to learn more about how we process your personal data, please read our <a href=\"https://mistral.ai/fr/terms/\">Privacy Policy</a>."
  },
  "siblings": [
    {
      "rfilename": ".gitattributes"
    },
    {
      "rfilename": "README.md"
    },
    {
      "rfilename": "config.json"
    },
    {
      "rfilename": "consolidated.00.pt"
    },
    {
      "rfilename": "consolidated.01.pt"
    },
    {
      "rfilename": "consolidated.02.pt"
    },
    {
      "rfilename": "consolidated.03.pt"
    },
    {
      "rfilename": "consolidated.04.pt"
    },
    {
      "rfilename": "consolidated.05.pt"
    },
    {
      "rfilename": "consolidated.06.pt"
    },
    {
      "rfilename": "consolidated.07.pt"
    },
    {
      "rfilename": "generation_config.json"
    },
    {
      "rfilename": "model-00001-of-00019.safetensors"
    },
    {
      "rfilename": "model-00002-of-00019.safetensors"
    },
    {
      "rfilename": "model-00003-of-00019.safetensors"
    },
    {
      "rfilename": "model-00004-of-00019.safetensors"
    },
    {
      "rfilename": "model-00005-of-00019.safetensors"
    },
    {
      "rfilename": "model-00006-of-00019.safetensors"
    },
    {
      "rfilename": "model-00007-of-00019.safetensors"
    },
    {
      "rfilename": "model-00008-of-00019.safetensors"
    },
    {
      "rfilename": "model-00009-of-00019.safetensors"
    },
    {
      "rfilename": "model-00010-of-00019.safetensors"
    },
    {
      "rfilename": "model-00011-of-00019.safetensors"
    },
    {
      "rfilename": "model-00012-of-00019.safetensors"
    },
    {
      "rfilename": "model-00013-of-00019.safetensors"
    },
    {
      "rfilename": "model-00014-of-00019.safetensors"
    },
    {
      "rfilename": "model-00015-of-00019.safetensors"
    },
    {
      "rfilename": "model-00016-of-00019.safetensors"
    },
    {
      "rfilename": "model-00017-of-00019.safetensors"
    },
    {
      "rfilename": "model-00018-of-00019.safetensors"
    },
    {
      "rfilename": "model-00019-of-00019.safetensors"
    },
    {
      "rfilename": "model.safetensors.index.json"
    },
    {
      "rfilename": "special_tokens_map.json"
    },
    {
      "rfilename": "tokenizer.json"
    },
    {
      "rfilename": "tokenizer.model"
    },
    {
      "rfilename": "tokenizer_config.json"
    }
  ],
  "spaces": [
    "ehristoforu/mixtral-46.7b-chat",
    "eduagarcia/open_pt_llm_leaderboard",
    "Tomoniai/Mixtral-Chat",
    "logikon/open_cot_leaderboard",
    "KBaba7/Quant",
    "genai-impact/ecologits-calculator",
    "sparse-generative-ai/open-moe-llm-leaderboard",
    "allenai/URIAL-Bench",
    "AIM-Harvard/rabbits-leaderboard",
    "broadfield/Mixtral-Agent",
    "prometheus-eval/BiGGen-Bench-Leaderboard",
    "Cenaashoori/Mixtral-Chat",
    "Ateeqq/Mistral-8x7B",
    "Omnibus/mixtral-46.7b-chat",
    "Justinrune/LLaMA-Factory",
    "exnrt/com-Chatbot",
    "cot-leaderboard/open-cot-dashboard",
    "bhaskartripathi/LLM_Quantization",
    "muhammedturan/TR-Chat-v1",
    "yhavinga/dutch-tokenizer-arena",
    "ruslanmv/convert_to_gguf",
    "kenken999/fastapi_django_main_live",
    "johann22/mixtral-test-46.7b-chat",
    "FallnAI/Quantize-HF-Models",
    "einfachalf/Einfach.Chat",
    "fffiloni/mixtral-46.7b-chat-with-santa",
    "officialhimanshu595/llama-factory",
    "totolook/Quant",
    "johann22/mixtral-chat-selenium",
    "DomArruda/mixtral-46.7b-chat",
    "roshanai/mistralai-Mixtral-8x7B-v0.1",
    "VITA-MLLM/VITA-1.5",
    "sprifi/Elisa-AI",
    "markmagic/mixtral-46.7b-chat",
    "DariaaaS/Mixtral-Chat",
    "mrbeliever/AIFA-Chatbot",
    "Omnibus/LWM-chat",
    "Dinethnethsara2010/NovaV2_",
    "zhtet/RegBotBeta",
    "johann22/mixtral-chat-search",
    "johann22/mixtral-chat-live",
    "Omnibus/hf-model-search",
    "mehranandi/mehranseven",
    "Omnibus/mixtral-46.7b-nous-hermes",
    "VoidsAreThere65715/Mixtral-8x7B",
    "raduaprofiri/mistralai-Mixtral-8x7B-v0.1",
    "Anup01/mistralai-Mixtral-8x7B-v0.1",
    "mrswer/Linda_2312",
    "bmixo/Mixtral-Chat-api",
    "dackdel/mistralai-Mixtral-8x7B-v0.1",
    "ssbagpcm/mixtral-46.7b-chat",
    "mrbeliever/Intelligent-Chatbot",
    "NelsonYT5753/mixtral-46.7b-chat",
    "AppDevs/Mixtral",
    "Wagnerra/mixtral-46.7b-chat",
    "KushJaggi/pdfGPT",
    "Olivier-Truong/mixtral-8x7b-instruct-v0.1",
    "hackathonM/Roleplay_leaderboard",
    "acecalisto3/MistriDevLab",
    "jvnickerson/chat",
    "broadfield/Basic_Agent",
    "K00B404/LLM_Quantization",
    "seawolf2357/LLM_Quantization",
    "Christian121/mistralai-Mixtral-8x7B-v0.1",
    "jseidler/mistralai-Mixtral-8x7B-v0.1",
    "kemalbastak/mistralai-Mixtral-8x7B-v0.1",
    "Mikkr/mistralai-Mixtral-8x7B-v0.1",
    "fareripcan/mistralai-Mixtral-8x7B-v0.1",
    "HamzaMuaz/mistralai2",
    "cqwolver/mistralai-Mixtral-8x7B-v0.1",
    "Floximo/Mixtral-Chat",
    "kikoley/mistralai-Mixtral-8x7B-v0.1",
    "johann22/mixtral-46.7b-chat",
    "shl-leap/mistralai-Mixtral-8x7B-v0.1",
    "ferrol2099/San_Victorio_IA",
    "MatteoScript/ZucchettiAI",
    "darielnoel/Mixtral-Chat",
    "Vjecni/mistralai-Mixtral-8x7B-v0.1",
    "muryshev/Mixtral-Chat",
    "HfMsl/mistralai-Mixtral-8x7B-v0.1",
    "sadsadasdasd/mistralai-Mixtral-8x7B-v0.1",
    "MouseHub96/mistralai-Mixtral-8x7B-v0.1",
    "naim08/mistralai-Mixtral-8x7B-v0.1",
    "jeeve/mistralai-Mixtral-8x7B-v0.1",
    "johann22/mixtral-micro",
    "benaiboi/mistralai-Mixtral-8x7B-v0.1",
    "eric8888879/mistralai-Mixtral-8x7B-v0.1",
    "vstechno/mistralai-Mixtral-8x7B-v0.1",
    "FlipTip/Mixtral-Chat",
    "Simon-Pierre/GPT-v1",
    "bberameric/mistralai-Mixtral-8x7B-v0.1",
    "Funbi/mistralai-Mixtral-8x7B-v0.1",
    "Funbi/mistralai-Mixtral-8x7B-v0.2",
    "iiced/mixtral-46.7b-chat",
    "iukea/mixtral-46.7b-chat",
    "amanchourasia/mistralai-Mixtral-8x7B-v0.1",
    "CamilleLebrun/mistralai-Mixtral-8x7B-v0.1",
    "johann22/chat-roulette",
    "TonyAdams/mistralai-Mixtral-8x7B-v0.1",
    "illesc/mistralai-Mixtral-8x7B-v0.1"
  ],
  "createdAt": "2023-12-01T09:42:00.000Z",
  "safetensors": {
    "parameters": {
      "BF16": 46702792704
    },
    "total": 46702792704
  },
  "usedStorage": 399119084877
}