{
  "_id": "661eca40dd9f613f1b08d3c9",
  "id": "mistralai/Mixtral-8x22B-v0.1",
  "private": false,
  "library_name": "vllm",
  "tags": [
    "vllm",
    "safetensors",
    "mixtral",
    "moe",
    "mistral-common",
    "fr",
    "it",
    "de",
    "es",
    "en",
    "license:apache-2.0",
    "region:us"
  ],
  "downloads": 6496,
  "likes": 228,
  "modelId": "mistralai/Mixtral-8x22B-v0.1",
  "author": "mistralai",
  "sha": "e1cd34ff1747406fb2277635ed25242803009bc2",
  "lastModified": "2025-07-24T16:41:30.000Z",
  "gated": "auto",
  "disabled": false,
  "model-index": null,
  "config": {
    "architectures": [
      "MixtralForCausalLM"
    ],
    "model_type": "mixtral",
    "tokenizer_config": {
      "bos_token": "<s>",
      "eos_token": "</s>",
      "pad_token": null,
      "unk_token": "<unk>",
      "use_default_system_prompt": false
    }
  },
  "cardData": {
    "library_name": "vllm",
    "language": [
      "fr",
      "it",
      "de",
      "es",
      "en"
    ],
    "license": "apache-2.0",
    "tags": [
      "moe",
      "mistral-common"
    ],
    "extra_gated_description": "If you want to learn more about how we process your personal data, please read our <a href=\"https://mistral.ai/terms/\">Privacy Policy</a>."
  },
  "siblings": [
    {
      "rfilename": ".gitattributes"
    },
    {
      "rfilename": "README.md"
    },
    {
      "rfilename": "config.json"
    },
    {
      "rfilename": "generation_config.json"
    },
    {
      "rfilename": "model-00001-of-00059.safetensors"
    },
    {
      "rfilename": "model-00002-of-00059.safetensors"
    },
    {
      "rfilename": "model-00003-of-00059.safetensors"
    },
    {
      "rfilename": "model-00004-of-00059.safetensors"
    },
    {
      "rfilename": "model-00005-of-00059.safetensors"
    },
    {
      "rfilename": "model-00006-of-00059.safetensors"
    },
    {
      "rfilename": "model-00007-of-00059.safetensors"
    },
    {
      "rfilename": "model-00008-of-00059.safetensors"
    },
    {
      "rfilename": "model-00009-of-00059.safetensors"
    },
    {
      "rfilename": "model-00010-of-00059.safetensors"
    },
    {
      "rfilename": "model-00011-of-00059.safetensors"
    },
    {
      "rfilename": "model-00012-of-00059.safetensors"
    },
    {
      "rfilename": "model-00013-of-00059.safetensors"
    },
    {
      "rfilename": "model-00014-of-00059.safetensors"
    },
    {
      "rfilename": "model-00015-of-00059.safetensors"
    },
    {
      "rfilename": "model-00016-of-00059.safetensors"
    },
    {
      "rfilename": "model-00017-of-00059.safetensors"
    },
    {
      "rfilename": "model-00018-of-00059.safetensors"
    },
    {
      "rfilename": "model-00019-of-00059.safetensors"
    },
    {
      "rfilename": "model-00020-of-00059.safetensors"
    },
    {
      "rfilename": "model-00021-of-00059.safetensors"
    },
    {
      "rfilename": "model-00022-of-00059.safetensors"
    },
    {
      "rfilename": "model-00023-of-00059.safetensors"
    },
    {
      "rfilename": "model-00024-of-00059.safetensors"
    },
    {
      "rfilename": "model-00025-of-00059.safetensors"
    },
    {
      "rfilename": "model-00026-of-00059.safetensors"
    },
    {
      "rfilename": "model-00027-of-00059.safetensors"
    },
    {
      "rfilename": "model-00028-of-00059.safetensors"
    },
    {
      "rfilename": "model-00029-of-00059.safetensors"
    },
    {
      "rfilename": "model-00030-of-00059.safetensors"
    },
    {
      "rfilename": "model-00031-of-00059.safetensors"
    },
    {
      "rfilename": "model-00032-of-00059.safetensors"
    },
    {
      "rfilename": "model-00033-of-00059.safetensors"
    },
    {
      "rfilename": "model-00034-of-00059.safetensors"
    },
    {
      "rfilename": "model-00035-of-00059.safetensors"
    },
    {
      "rfilename": "model-00036-of-00059.safetensors"
    },
    {
      "rfilename": "model-00037-of-00059.safetensors"
    },
    {
      "rfilename": "model-00038-of-00059.safetensors"
    },
    {
      "rfilename": "model-00039-of-00059.safetensors"
    },
    {
      "rfilename": "model-00040-of-00059.safetensors"
    },
    {
      "rfilename": "model-00041-of-00059.safetensors"
    },
    {
      "rfilename": "model-00042-of-00059.safetensors"
    },
    {
      "rfilename": "model-00043-of-00059.safetensors"
    },
    {
      "rfilename": "model-00044-of-00059.safetensors"
    },
    {
      "rfilename": "model-00045-of-00059.safetensors"
    },
    {
      "rfilename": "model-00046-of-00059.safetensors"
    },
    {
      "rfilename": "model-00047-of-00059.safetensors"
    },
    {
      "rfilename": "model-00048-of-00059.safetensors"
    },
    {
      "rfilename": "model-00049-of-00059.safetensors"
    },
    {
      "rfilename": "model-00050-of-00059.safetensors"
    },
    {
      "rfilename": "model-00051-of-00059.safetensors"
    },
    {
      "rfilename": "model-00052-of-00059.safetensors"
    },
    {
      "rfilename": "model-00053-of-00059.safetensors"
    },
    {
      "rfilename": "model-00054-of-00059.safetensors"
    },
    {
      "rfilename": "model-00055-of-00059.safetensors"
    },
    {
      "rfilename": "model-00056-of-00059.safetensors"
    },
    {
      "rfilename": "model-00057-of-00059.safetensors"
    },
    {
      "rfilename": "model-00058-of-00059.safetensors"
    },
    {
      "rfilename": "model-00059-of-00059.safetensors"
    },
    {
      "rfilename": "model.safetensors.index.json"
    },
    {
      "rfilename": "special_tokens_map.json"
    },
    {
      "rfilename": "tokenizer.json"
    },
    {
      "rfilename": "tokenizer.model"
    },
    {
      "rfilename": "tokenizer.model.v1"
    },
    {
      "rfilename": "tokenizer_config.json"
    }
  ],
  "spaces": [
    "genai-impact/ecologits-calculator",
    "yenniejun/tokenizers-languages",
    "AIM-Harvard/rabbits-leaderboard",
    "phyloforfun/VoucherVision",
    "NiansuhAI/Main",
    "Justinrune/LLaMA-Factory",
    "kenken999/fastapi_django_main_live",
    "5w4n/burmese-tokenizers",
    "DevsDoCode/DeepInfra",
    "AdarshJi/Deepifra",
    "jvnickerson/chat",
    "sanbo1200/Main1",
    "DHEIVER/Mixtral-8x22B",
    "Adeco/rabbits-leaderboard",
    "Gram1in/mistralai-Mixtral-8x22B-v0.1",
    "MarcdeFalco/codeeducrag",
    "srinuksv/Main",
    "angry-guru/use-pdf",
    "sanbo1200/Main",
    "sanbo110/Main",
    "sanbo110/Main1",
    "msun415/Llamole",
    "Ronaldodev/fastapi_django_main_live",
    "iansun-sh/tokenizers-languages",
    "krzsam/Agents-Course-Assignment"
  ],
  "createdAt": "2024-04-16T18:58:08.000Z",
  "safetensors": {
    "parameters": {
      "BF16": 140620634112
    },
    "total": 140620634112
  },
  "usedStorage": 281242574191
}