{
  "_id": "621ffdc036468d709f17436a",
  "id": "xlnet/xlnet-base-cased",
  "private": false,
  "pipeline_tag": "text-generation",
  "library_name": "transformers",
  "tags": [
    "transformers",
    "pytorch",
    "tf",
    "rust",
    "xlnet",
    "text-generation",
    "en",
    "dataset:bookcorpus",
    "dataset:wikipedia",
    "arxiv:1906.08237",
    "license:mit",
    "autotrain_compatible",
    "endpoints_compatible",
    "region:us"
  ],
  "downloads": 129109,
  "likes": 77,
  "modelId": "xlnet/xlnet-base-cased",
  "author": "xlnet",
  "sha": "ceaa69c7bc5e512b5007106a7ccbb7daf24b2c79",
  "lastModified": "2023-01-24T14:50:31.000Z",
  "gated": false,
  "disabled": false,
  "mask_token": "<mask>",
  "widgetData": [
    {
      "text": "My name is Julien and I like to"
    },
    {
      "text": "I like traveling by train because"
    },
    {
      "text": "Paris is an amazing place to visit,"
    },
    {
      "text": "Once upon a time,"
    }
  ],
  "model-index": null,
  "config": {
    "architectures": [
      "XLNetLMHeadModel"
    ],
    "model_type": "xlnet"
  },
  "cardData": {
    "language": "en",
    "license": "mit",
    "datasets": [
      "bookcorpus",
      "wikipedia"
    ]
  },
  "transformersInfo": {
    "auto_model": "AutoModelForCausalLM",
    "pipeline_tag": "text-generation",
    "processor": "AutoTokenizer"
  },
  "siblings": [
    {
      "rfilename": ".gitattributes"
    },
    {
      "rfilename": "README.md"
    },
    {
      "rfilename": "config.json"
    },
    {
      "rfilename": "generation_config.json"
    },
    {
      "rfilename": "generation_config_for_text_generation.json"
    },
    {
      "rfilename": "pytorch_model.bin"
    },
    {
      "rfilename": "rust_model.ot"
    },
    {
      "rfilename": "spiece.model"
    },
    {
      "rfilename": "tf_model.h5"
    },
    {
      "rfilename": "tokenizer.json"
    }
  ],
  "spaces": [
    "Gladiator/Text-Summarizer",
    "sasha/BiasDetection",
    "banana-projects/transformer-autocomplete",
    "sasha/WinoBiasCheck",
    "ccolas/TastyPiano",
    "sashtech/huamnifierWithSimpleGrammer",
    "ky2k/summarize_text",
    "anonymous8/Rapid-Textual-Adversarial-Defense",
    "piecurus/Summarizer",
    "altafalam3/Text-Summarizer",
    "Narenameme/Text-To-Image-Flowers-CGAN",
    "jeang/ernie_demo_toy",
    "Pranjal2041/SemSup-XC",
    "Kamaljp/transformers_universe",
    "iisadia/transformer-visualizer",
    "dragonSwing/capu-demo",
    "docs-demos/xlnet-base-cased",
    "cagataydag/TSmarizer",
    "slachitoff/CS-GY_6613_Project",
    "mygyasir/Text-Summarizer",
    "RamAI123/sss",
    "SpartanCinder/NLP_Song_Generator_Guessing_Game",
    "Dovorokwa/RLLM",
    "Dagobert42/Semantic-Frame-Augmentation",
    "Anavya1/Anavya-TEXTSUMMARIZERADVANCE",
    "IinjyI/Qissar",
    "RamAI123/s4",
    "manideepvemula/supply-chain",
    "PFEemp2024/DCWIR-Demo",
    "nomanrazashah/BE-IT-Summarizer",
    "PFEemp2024/DCWIR-Offcial-Demo",
    "guledaima/Resume-Classifier",
    "Sirapatsorn/Log_Analysis",
    "marianvd-01/transformer-visualizer",
    "uzzam24/word-complexity-predictor",
    "DarrenDeo/News-Fact-Check",
    "yeswanthvarma/answer-evaluation-app",
    "somya-27-04-03/Sentiment-analyzer-on-movie-reviews",
    "niranjanpc/Textsumarisation",
    "MrUnknown420/my-ai-model-builder"
  ],
  "createdAt": "2022-03-02T23:29:04.000Z",
  "usedStorage": 2067087785
}