{
  "_id": "621ffdc136468d709f17adb5",
  "id": "facebook/bart-base",
  "private": false,
  "pipeline_tag": "feature-extraction",
  "library_name": "transformers",
  "tags": [
    "transformers",
    "pytorch",
    "tf",
    "jax",
    "safetensors",
    "bart",
    "feature-extraction",
    "en",
    "arxiv:1910.13461",
    "license:apache-2.0",
    "endpoints_compatible",
    "region:us"
  ],
  "downloads": 6541971,
  "likes": 193,
  "modelId": "facebook/bart-base",
  "author": "facebook",
  "sha": "aadd2ab0ae0c8268c7c9693540e9904811f36177",
  "lastModified": "2022-11-16T23:23:10.000Z",
  "gated": false,
  "disabled": false,
  "mask_token": "<mask>",
  "model-index": null,
  "config": {
    "architectures": [
      "BartModel"
    ],
    "model_type": "bart"
  },
  "cardData": {
    "license": "apache-2.0",
    "language": "en"
  },
  "transformersInfo": {
    "auto_model": "AutoModel",
    "pipeline_tag": "feature-extraction",
    "processor": "AutoTokenizer"
  },
  "siblings": [
    {
      "rfilename": ".gitattributes"
    },
    {
      "rfilename": "README.md"
    },
    {
      "rfilename": "config.json"
    },
    {
      "rfilename": "flax_model.msgpack"
    },
    {
      "rfilename": "merges.txt"
    },
    {
      "rfilename": "model.safetensors"
    },
    {
      "rfilename": "pytorch_model.bin"
    },
    {
      "rfilename": "tf_model.h5"
    },
    {
      "rfilename": "tokenizer.json"
    },
    {
      "rfilename": "vocab.json"
    }
  ],
  "spaces": [
    "gunship999/SexyImages",
    "Yntec/ToyWorld",
    "hilamanor/audioEditing",
    "Audio-AGI/AudioSep",
    "jadechoghari/OpenMusic",
    "seungheondoh/LP-Music-Caps-demo",
    "declare-lab/mustango",
    "llamameta/flux-pro-uncensored",
    "multimodalart/mariogpt",
    "Uthar/SexyReality",
    "Yntec/PrintingPress",
    "Nymbo/Compare-6",
    "llamameta/fluxproV2",
    "Nick088/Audio-SR",
    "phenixrhyder/NSFW-ToyWorld",
    "Yntec/ToyWorldXL",
    "Yntec/blitz_diffusion",
    "nvidia/audio-flamingo-2",
    "amphion/PicoAudio",
    "fffiloni/vta-ldm",
    "AIGC-Audio/AudioLCM",
    "John6666/Diffusion80XX4sg",
    "John6666/PrintingPress4",
    "llamameta/fast-sd3.5-large",
    "AIGC-Audio/Make_An_Audio",
    "martynka/TasiaExperiment",
    "flosstradamus/FluxMusicGUI",
    "yergyerg/ImgGenClone",
    "Qilex/EnglishToMiddleEnglish",
    "enclap-team/enclap",
    "Yntec/Image-Models-Test-2024",
    "Yntec/Image-Models-Test-April-2024",
    "DemiPoto/TestDifs",
    "Abinivesh/Multi-models-prompt-to-image-generation",
    "NativeAngels/Compare-6",
    "Yntec/Image-Models-Test",
    "John6666/hfd_test_nostopbutton",
    "Yntec/Image-Models-Test-May-2024",
    "Suniilkumaar/AudioSep",
    "fffiloni/audioldm-text-to-audio-generation-copy",
    "Nymbo/Diffusion80XX4sg",
    "Yntec/Image-Models-Test-September-2024",
    "DemiPoto/testSortModels",
    "kaleidoskop-hug/PrintingPress",
    "dmolino/XGeM",
    "Chakshu123/image-colorization-with-hint",
    "AIGC-Audio/Make_An_Audio_inpaint",
    "kgout/asr",
    "Yntec/MiniToyWorld",
    "badayvedat/AudioSep",
    "John6666/ToyWorld4",
    "JinhuaL1ANG/AudioMorphix",
    "deeplearning/audioldm-text-to-audio-generation",
    "Chakshu123/sketch-colorization-with-hint",
    "ksvmuralidhar/news_summarizer_ner",
    "John6666/Diffusion80XX4g",
    "SAITAN666/StableDiffusion35Large-Image-Models-Test-November-2024",
    "NativeAngels/HuggingfaceDiffusion",
    "Yntec/Image-Models-Test-December-2024",
    "John6666/Diffusion80XX4",
    "K00B404/HuggingfaceDiffusion_custom",
    "John6666/blitz_diffusion4",
    "John6666/blitz_diffusion_builtin",
    "K00B404/SimpleBrothel",
    "ofig/live-lm-critic",
    "eubinecto/idiomify",
    "HighCWu/anime-colorization-with-hint",
    "kony1337/audioldm-text-to-audio-generation",
    "dwawdwdd/Audio-SR",
    "Yntec/Image-Models-Test-July-2024",
    "Blane187/multi-diffusion",
    "lv-vl/Audio-SR2",
    "Dragunflie-420/OpenMusic",
    "George870/AUDIOEDITIOM",
    "NativeAngels/ToyWorld",
    "Uthar/LewdExperiments",
    "Uthar/BodyPaint",
    "Uthar/HRGiger",
    "Uthar/HighFashion",
    "Yntec/open-craiyon",
    "Yntec/Image-Models-Test-January-2025",
    "Yntec/Image-Models-Test-March-2025",
    "MrVicente/RA-BART",
    "flynster/FeinbergQuizNotes",
    "dawood/audioldm-text-to-audio-generation",
    "AIGC-Audio/Make_An_Audio_img",
    "Lajonbot/Chatbot-Share",
    "hakunamatata1997/audioEditing",
    "szili2011/audioEditingunlimitedinput",
    "jbilcke-hf/music-caption-server-1",
    "LuizMercedes/audioEditing",
    "Nymbo/Audio-SR",
    "Yeeezus/SexyImages",
    "John6666/MiniToyWorld",
    "lshzhm/Video-to-Audio-and-Piano",
    "eliolio/yelp-reviews",
    "awacke1/HEDIS.Dash.Component.Top.Clinical.Terminology.Vocabulary",
    "TechAudio/audiosr",
    "gsspdev/audioEditing",
    "parson/audioEditing"
  ],
  "createdAt": "2022-03-02T23:29:05.000Z",
  "safetensors": {
    "parameters": {
      "F32": 139420416
    },
    "total": 139420416
  },
  "inference": "warm",
  "usedStorage": 3904712462
}