{
  "_id": "621ffdc136468d709f17adb7",
  "id": "facebook/bart-large-mnli",
  "private": false,
  "pipeline_tag": "zero-shot-classification",
  "library_name": "transformers",
  "tags": [
    "transformers",
    "pytorch",
    "jax",
    "rust",
    "safetensors",
    "bart",
    "text-classification",
    "zero-shot-classification",
    "dataset:multi_nli",
    "arxiv:1910.13461",
    "arxiv:1909.00161",
    "license:mit",
    "autotrain_compatible",
    "endpoints_compatible",
    "region:us"
  ],
  "downloads": 5108694,
  "likes": 1455,
  "modelId": "facebook/bart-large-mnli",
  "author": "facebook",
  "sha": "d7645e127eaf1aefc7862fd59a17a5aa8558b8ce",
  "lastModified": "2023-09-05T14:49:34.000Z",
  "gated": false,
  "disabled": false,
  "mask_token": "<mask>",
  "widgetData": [
    {
      "text": "I have a problem with my iphone that needs to be resolved asap!",
      "candidate_labels": "urgent, not urgent, phone, tablet, computer",
      "multi_class": true
    },
    {
      "text": "Last week I upgraded my iOS version and ever since then my phone has been overheating whenever I use your app.",
      "candidate_labels": "mobile, website, billing, account access",
      "multi_class": false
    },
    {
      "text": "A new model offers an explanation for how the Galilean satellites formed around the solar system\u2019s largest world. Konstantin Batygin did not set out to solve one of the solar system\u2019s most puzzling mysteries when he went for a run up a hill in Nice, France. Dr. Batygin, a Caltech researcher, best known for his contributions to the search for the solar system\u2019s missing \u201cPlanet Nine,\u201d spotted a beer bottle. At a steep, 20 degree grade, he wondered why it wasn\u2019t rolling down the hill. He realized there was a breeze at his back holding the bottle in place. Then he had a thought that would only pop into the mind of a theoretical astrophysicist: \u201cOh! This is how Europa formed.\u201d Europa is one of Jupiter\u2019s four large Galilean moons. And in a paper published Monday in the Astrophysical Journal, Dr. Batygin and a co-author, Alessandro Morbidelli, a planetary scientist at the C\u00f4te d\u2019Azur Observatory in France, present a theory explaining how some moons form around gas giants like Jupiter and Saturn, suggesting that millimeter-sized grains of hail produced during the solar system\u2019s formation became trapped around these massive worlds, taking shape one at a time into the potentially habitable moons we know today.",
      "candidate_labels": "space & cosmos, scientific discovery, microbiology, robots, archeology",
      "multi_class": true
    }
  ],
  "model-index": null,
  "config": {
    "architectures": [
      "BartForSequenceClassification"
    ],
    "model_type": "bart",
    "tokenizer_config": {}
  },
  "cardData": {
    "license": "mit",
    "thumbnail": "https://huggingface.co/front/thumbnails/facebook.png",
    "pipeline_tag": "zero-shot-classification",
    "datasets": [
      "multi_nli"
    ]
  },
  "transformersInfo": {
    "auto_model": "AutoModelForSequenceClassification",
    "pipeline_tag": "text-classification",
    "processor": "AutoTokenizer"
  },
  "siblings": [
    {
      "rfilename": ".gitattributes"
    },
    {
      "rfilename": "README.md"
    },
    {
      "rfilename": "config.json"
    },
    {
      "rfilename": "flax_model.msgpack"
    },
    {
      "rfilename": "merges.txt"
    },
    {
      "rfilename": "model.safetensors"
    },
    {
      "rfilename": "pytorch_model.bin"
    },
    {
      "rfilename": "rust_model.ot"
    },
    {
      "rfilename": "tokenizer.json"
    },
    {
      "rfilename": "tokenizer_config.json"
    },
    {
      "rfilename": "vocab.json"
    }
  ],
  "spaces": [
    "gunship999/SexyImages",
    "Yntec/ToyWorld",
    "llamameta/flux-pro-uncensored",
    "Uthar/SexyReality",
    "Yntec/PrintingPress",
    "Nymbo/Compare-6",
    "llamameta/fluxproV2",
    "phenixrhyder/NSFW-ToyWorld",
    "Yntec/ToyWorldXL",
    "pleonova/multi-label-summary-text",
    "Yntec/blitz_diffusion",
    "datasciencedojo/Zero-Shot-Text-Classification",
    "John6666/Diffusion80XX4sg",
    "Sybghat/resume-parser",
    "John6666/PrintingPress4",
    "llamameta/fast-sd3.5-large",
    "martynka/TasiaExperiment",
    "yergyerg/ImgGenClone",
    "Yntec/Image-Models-Test-2024",
    "Yntec/Image-Models-Test-April-2024",
    "DemiPoto/TestDifs",
    "Abinivesh/Multi-models-prompt-to-image-generation",
    "joeddav/zero-shot-demo",
    "NativeAngels/Compare-6",
    "Yntec/Image-Models-Test",
    "John6666/hfd_test_nostopbutton",
    "Yntec/Image-Models-Test-May-2024",
    "hongaik/service_text_classification",
    "Nymbo/Diffusion80XX4sg",
    "Yntec/Image-Models-Test-September-2024",
    "DemiPoto/testSortModels",
    "kaleidoskop-hug/PrintingPress",
    "docs-demos/bart-large-mnli",
    "Chakshu123/image-colorization-with-hint",
    "Yntec/MiniToyWorld",
    "UNIST-Eunchan/Summarizing-app",
    "John6666/ToyWorld4",
    "eldoraboo/zero-shot",
    "iamkb/zero-shot-nlp-classifier-multi-lang",
    "Chakshu123/sketch-colorization-with-hint",
    "John6666/Diffusion80XX4g",
    "SAITAN666/StableDiffusion35Large-Image-Models-Test-November-2024",
    "NativeAngels/HuggingfaceDiffusion",
    "Yntec/Image-Models-Test-December-2024",
    "asimokby/cv-parser-huggingface",
    "OmarElgammal1/text-sentiment-analysis",
    "John6666/Diffusion80XX4",
    "K00B404/HuggingfaceDiffusion_custom",
    "John6666/blitz_diffusion4",
    "John6666/blitz_diffusion_builtin",
    "K00B404/SimpleBrothel",
    "ashishraics/NLP",
    "FahadAlam/Zero-Shot-Text-Classification",
    "chrismay/Sentiment-demo-app",
    "HighCWu/anime-colorization-with-hint",
    "Syrahealthorg/HealthCare_workforce",
    "hudsonhayes/finance_tool",
    "Yntec/Image-Models-Test-July-2024",
    "Blane187/multi-diffusion",
    "yerang/LivePortrait2",
    "NativeAngels/ToyWorld",
    "Uthar/LewdExperiments",
    "Uthar/BodyPaint",
    "Uthar/HRGiger",
    "Uthar/HighFashion",
    "Yntec/open-craiyon",
    "Yntec/Image-Models-Test-January-2025",
    "gauravbox/TalentLensAI",
    "RAHULJUNEJA33/LexiGenAI-Transform-FSD-2_UserStory_n_TestCases",
    "Yntec/Image-Models-Test-March-2025",
    "kyled/PhraseSentimentEmotionAnalysis",
    "MrVicente/RA-BART",
    "Sukhyun/course_recommender",
    "omerXfaruq/zero-shotts",
    "rachith/ZeroShot_StanceDetection",
    "lordvader31/almithal",
    "lordvader31/text-matching",
    "FYP-23-S1-21/Refineverse_Plugin",
    "abhisheky127/Fold_TransactionClassification",
    "AdityaKhalkar/Dataset-finder",
    "Iseratho/frame-finder",
    "DanielDJ1987/chat-financial",
    "Anupam202224/MedicalReportandImageanalyze-A",
    "ahmed-7124/MedicoGPT",
    "Yeeezus/SexyImages",
    "wozwize/media-unmasked-api",
    "John6666/MiniToyWorld",
    "ghostai1/CPU-only-Zero-Shot-Text-Classification",
    "amit098/legal_lens",
    "aditizy/QuizCraftAi",
    "davidefiocco/zeroshotcat",
    "Wootang01/sentiment_analyzer_1",
    "Sukhyun/MBTI_translator",
    "mishtert/tracer",
    "smjain/zeroshotclassifier",
    "Sasidhar/information-extraction-demo",
    "cgunadi/CDSS_Demo",
    "HarshulNanda/VV",
    "awacke1/ZeroShotClassifiers-Facebook-bart-large-mnli",
    "ashhadahsan/summarizer-space"
  ],
  "createdAt": "2022-03-02T23:29:05.000Z",
  "safetensors": {
    "parameters": {
      "F32": 407344133
    },
    "total": 407344133
  },
  "inference": "warm",
  "usedStorage": 13026780903
}