{
  "_id": "64545242ecdd69b8134e2177",
  "id": "mosaicml/mpt-7b",
  "private": false,
  "pipeline_tag": "text-generation",
  "library_name": "transformers",
  "tags": [
    "transformers",
    "pytorch",
    "mpt",
    "text-generation",
    "Composer",
    "MosaicML",
    "llm-foundry",
    "StreamingDatasets",
    "custom_code",
    "dataset:mc4",
    "dataset:c4",
    "dataset:togethercomputer/RedPajama-Data-1T",
    "dataset:bigcode/the-stack",
    "dataset:allenai/s2orc",
    "arxiv:2108.12409",
    "arxiv:2302.13971",
    "arxiv:2205.14135",
    "arxiv:2010.04245",
    "arxiv:1909.08053",
    "arxiv:2302.06675",
    "license:apache-2.0",
    "autotrain_compatible",
    "text-generation-inference",
    "region:us"
  ],
  "downloads": 16351,
  "likes": 1174,
  "modelId": "mosaicml/mpt-7b",
  "author": "mosaicml",
  "sha": "039e37745f00858f0e01e988383a8c4393b1a4f5",
  "lastModified": "2024-03-05T20:23:57.000Z",
  "gated": false,
  "disabled": false,
  "widgetData": [
    {
      "text": "My name is Julien and I like to"
    },
    {
      "text": "I like traveling by train because"
    },
    {
      "text": "Paris is an amazing place to visit,"
    },
    {
      "text": "Once upon a time,"
    }
  ],
  "model-index": null,
  "config": {
    "architectures": [
      "MPTForCausalLM"
    ],
    "auto_map": {
      "AutoConfig": "configuration_mpt.MPTConfig",
      "AutoModelForCausalLM": "modeling_mpt.MPTForCausalLM"
    },
    "model_type": "mpt",
    "tokenizer_config": {
      "bos_token": "<|endoftext|>",
      "eos_token": "<|endoftext|>",
      "unk_token": "<|endoftext|>"
    }
  },
  "cardData": {
    "license": "apache-2.0",
    "tags": [
      "Composer",
      "MosaicML",
      "llm-foundry",
      "StreamingDatasets"
    ],
    "datasets": [
      "mc4",
      "c4",
      "togethercomputer/RedPajama-Data-1T",
      "bigcode/the-stack",
      "allenai/s2orc"
    ],
    "inference": false
  },
  "transformersInfo": {
    "auto_model": "AutoModelForCausalLM",
    "custom_class": "modeling_mpt.MPTForCausalLM",
    "pipeline_tag": "text-generation",
    "processor": "AutoTokenizer"
  },
  "siblings": [
    {
      "rfilename": ".gitattributes"
    },
    {
      "rfilename": "LICENSE"
    },
    {
      "rfilename": "README.md"
    },
    {
      "rfilename": "adapt_tokenizer.py"
    },
    {
      "rfilename": "attention.py"
    },
    {
      "rfilename": "blocks.py"
    },
    {
      "rfilename": "config.json"
    },
    {
      "rfilename": "configuration_mpt.py"
    },
    {
      "rfilename": "custom_embedding.py"
    },
    {
      "rfilename": "fc.py"
    },
    {
      "rfilename": "ffn.py"
    },
    {
      "rfilename": "flash_attn_triton.py"
    },
    {
      "rfilename": "generation_config.json"
    },
    {
      "rfilename": "hf_prefixlm_converter.py"
    },
    {
      "rfilename": "meta_init_context.py"
    },
    {
      "rfilename": "modeling_mpt.py"
    },
    {
      "rfilename": "norm.py"
    },
    {
      "rfilename": "param_init_fns.py"
    },
    {
      "rfilename": "pytorch_model-00001-of-00002.bin"
    },
    {
      "rfilename": "pytorch_model-00002-of-00002.bin"
    },
    {
      "rfilename": "pytorch_model.bin.index.json"
    },
    {
      "rfilename": "requirements.txt"
    },
    {
      "rfilename": "special_tokens_map.json"
    },
    {
      "rfilename": "tokenizer.json"
    },
    {
      "rfilename": "tokenizer_config.json"
    },
    {
      "rfilename": "warnings.py"
    }
  ],
  "spaces": [
    "eduagarcia/open_pt_llm_leaderboard",
    "Intel/low_bit_open_llm_leaderboard",
    "openflamingo/OpenFlamingo",
    "BAAI/open_cn_llm_leaderboard",
    "Sharathhebbar24/One-stop-for-Open-source-models",
    "gsaivinay/open_llm_leaderboard",
    "CZLC/BenCzechMark",
    "allenai/URIAL-Bench",
    "GTBench/GTBench",
    "Vikhrmodels/small-shlepa-lb",
    "Vikhrmodels/DOoM-lb",
    "kz-transformers/kaz-llm-lb",
    "AlekseyKorshuk/model-evaluation",
    "felixz/open_llm_leaderboard",
    "BAAI/open_flageval_vlm_leaderboard",
    "OPTML-Group/UnlearnCanvas-Benchmark",
    "BAAI/EmbodiedVerse",
    "Zulelee/langchain-chatchat",
    "neubla/neubla-llm-evaluation-board",
    "aelitta/BioMistral_gradio",
    "lukesteuber/contechnical",
    "rodrigomasini/data_only_open_llm_leaderboard",
    "Docfile/open_llm_leaderboard",
    "Steven10429/apply_lora_and_quantize",
    "kevalfst/visionary-ai",
    "AjManoj/mpt-7b-chat",
    "rfrossard/mpt-7b-chat",
    "geoffreyporto/mpt-7b-instruct",
    "niraito/article_m",
    "tracinginsights/mpt-7b-chat",
    "danavirtual/MPT7BTest",
    "kennethli319/mpt-7b-instruct",
    "Balasai/hello",
    "XFious/dearth-tiny",
    "MattGPT/ClassUI",
    "smothiki/open_llm_leaderboard",
    "larsthepenguin/trt-llm-rag-windows-main",
    "wissamantoun/LLM_Detection_Attribution",
    "0x1668/open_llm_leaderboard",
    "pngwn/open_llm_leaderboard-check",
    "asir0z/open_llm_leaderboard",
    "helenai/dataset-token-distribution",
    "kbmlcoding/open_llm_leaderboard_free",
    "K00B404/One-stop-till-you-drop",
    "aichampions/open_llm_leaderboard",
    "Dovakiins/qwerrwe",
    "Adeco/open_llm_leaderboard",
    "anirudh937/open_llm_leaderboard",
    "smothiki/open_llm_leaderboard2",
    "alrojas68/Embedchain",
    "CZLC/BenCzechMark-unstable",
    "mjalg/IFEvalTR",
    "SaiYasaswini/Yasaswini1",
    "DanofficeIT/privatellm",
    "Arrcttacsrks/Chat_X",
    "Mat17892/iris",
    "YZ-TAN/flask-llama",
    "KBaba7/llama.cpp",
    "kevalfst/docker-space"
  ],
  "createdAt": "2023-05-05T00:48:02.000Z",
  "usedStorage": 26597235302
}