{
  "_id": "645437c6ce1cc3ed5fe548d3",
  "id": "mosaicml/mpt-7b-storywriter",
  "private": false,
  "pipeline_tag": "text-generation",
  "library_name": "transformers",
  "tags": [
    "transformers",
    "pytorch",
    "mpt",
    "text-generation",
    "Composer",
    "MosaicML",
    "llm-foundry",
    "custom_code",
    "dataset:the_pile_books3",
    "arxiv:2108.12409",
    "arxiv:2205.14135",
    "arxiv:2302.06675",
    "license:apache-2.0",
    "autotrain_compatible",
    "text-generation-inference",
    "region:us"
  ],
  "downloads": 2207,
  "likes": 839,
  "modelId": "mosaicml/mpt-7b-storywriter",
  "author": "mosaicml",
  "sha": "b41e79e5f836d9b49637779cb37db32a965c3047",
  "lastModified": "2024-03-05T20:25:23.000Z",
  "gated": false,
  "disabled": false,
  "widgetData": [
    {
      "text": "My name is Julien and I like to"
    },
    {
      "text": "I like traveling by train because"
    },
    {
      "text": "Paris is an amazing place to visit,"
    },
    {
      "text": "Once upon a time,"
    }
  ],
  "model-index": null,
  "config": {
    "architectures": [
      "MPTForCausalLM"
    ],
    "auto_map": {
      "AutoConfig": "configuration_mpt.MPTConfig",
      "AutoModelForCausalLM": "modeling_mpt.MPTForCausalLM"
    },
    "model_type": "mpt",
    "tokenizer_config": {
      "bos_token": "<|endoftext|>",
      "eos_token": "<|endoftext|>",
      "unk_token": "<|endoftext|>"
    }
  },
  "cardData": {
    "license": "apache-2.0",
    "tags": [
      "Composer",
      "MosaicML",
      "llm-foundry"
    ],
    "datasets": [
      "the_pile_books3"
    ],
    "inference": false
  },
  "transformersInfo": {
    "auto_model": "AutoModelForCausalLM",
    "custom_class": "modeling_mpt.MPTForCausalLM",
    "pipeline_tag": "text-generation",
    "processor": "AutoTokenizer"
  },
  "siblings": [
    {
      "rfilename": ".gitattributes"
    },
    {
      "rfilename": "LICENSE"
    },
    {
      "rfilename": "README.md"
    },
    {
      "rfilename": "adapt_tokenizer.py"
    },
    {
      "rfilename": "attention.py"
    },
    {
      "rfilename": "blocks.py"
    },
    {
      "rfilename": "config.json"
    },
    {
      "rfilename": "configuration_mpt.py"
    },
    {
      "rfilename": "custom_embedding.py"
    },
    {
      "rfilename": "fc.py"
    },
    {
      "rfilename": "ffn.py"
    },
    {
      "rfilename": "flash_attn_triton.py"
    },
    {
      "rfilename": "generation_config.json"
    },
    {
      "rfilename": "hf_prefixlm_converter.py"
    },
    {
      "rfilename": "meta_init_context.py"
    },
    {
      "rfilename": "modeling_mpt.py"
    },
    {
      "rfilename": "norm.py"
    },
    {
      "rfilename": "param_init_fns.py"
    },
    {
      "rfilename": "pytorch_model-00001-of-00002.bin"
    },
    {
      "rfilename": "pytorch_model-00002-of-00002.bin"
    },
    {
      "rfilename": "pytorch_model.bin.index.json"
    },
    {
      "rfilename": "requirements.txt"
    },
    {
      "rfilename": "special_tokens_map.json"
    },
    {
      "rfilename": "tokenizer.json"
    },
    {
      "rfilename": "tokenizer_config.json"
    },
    {
      "rfilename": "warnings.py"
    }
  ],
  "spaces": [
    "h2oai/h2ogpt-chatbot",
    "Intel/low_bit_open_llm_leaderboard",
    "h2oai/h2ogpt-chatbot2",
    "BAAI/open_cn_llm_leaderboard",
    "Sharathhebbar24/One-stop-for-Open-source-models",
    "gsaivinay/open_llm_leaderboard",
    "GTBench/GTBench",
    "Vikhrmodels/small-shlepa-lb",
    "Vikhrmodels/DOoM-lb",
    "kz-transformers/kaz-llm-lb",
    "AlekseyKorshuk/model-evaluation",
    "lapsapking/h2ogpt-chatbot",
    "felixz/open_llm_leaderboard",
    "BAAI/open_flageval_vlm_leaderboard",
    "OPTML-Group/UnlearnCanvas-Benchmark",
    "BAAI/EmbodiedVerse",
    "b1sheng/kg_llm_leaderboard_test",
    "Zulelee/langchain-chatchat",
    "neubla/neubla-llm-evaluation-board",
    "rodrigomasini/data_only_open_llm_leaderboard",
    "Docfile/open_llm_leaderboard",
    "his0/h2ogpt-chatbot",
    "atimughal662/InfoFusion",
    "akashkj/H2OGPT",
    "ariel0330/h2osiri",
    "elitecode/h2ogpt-chatbot2",
    "ccoreilly/aigua-xat",
    "Sambhavnoobcoder/h2ogpt-chatbot",
    "smothiki/open_llm_leaderboard",
    "pngwn/open_llm_leaderboard",
    "pngwn/open_llm_leaderboard_two",
    "iblfe/test",
    "AnonymousSub/Ayurveda_Chatbot",
    "K00B404/Research-chatbot",
    "0x1668/open_llm_leaderboard",
    "pngwn/open_llm_leaderboard-check",
    "asir0z/open_llm_leaderboard",
    "kelvin-t-lu/chatbot",
    "kbmlcoding/open_llm_leaderboard_free",
    "Jerrz/StoryTime",
    "K00B404/One-stop-till-you-drop",
    "aichampions/open_llm_leaderboard",
    "Adeco/open_llm_leaderboard",
    "anirudh937/open_llm_leaderboard",
    "smothiki/open_llm_leaderboard2",
    "cw332/h2ogpt-chatbot",
    "mjalg/IFEvalTR",
    "abugaber/test"
  ],
  "createdAt": "2023-05-04T22:55:02.000Z",
  "usedStorage": 26597235302
}