{
  "_id": "6454533cc4cbe32fbe2c0b4a",
  "id": "mosaicml/mpt-7b-instruct",
  "private": false,
  "pipeline_tag": "text-generation",
  "library_name": "transformers",
  "tags": [
    "transformers",
    "pytorch",
    "mpt",
    "text-generation",
    "Composer",
    "MosaicML",
    "llm-foundry",
    "custom_code",
    "dataset:mosaicml/dolly_hhrlhf",
    "arxiv:2205.14135",
    "arxiv:2108.12409",
    "arxiv:2010.04245",
    "license:apache-2.0",
    "autotrain_compatible",
    "text-generation-inference",
    "region:us"
  ],
  "downloads": 6456,
  "likes": 471,
  "modelId": "mosaicml/mpt-7b-instruct",
  "author": "mosaicml",
  "sha": "7bf8dfd6c819cdb82e2f9d0b251f79ddd33314fb",
  "lastModified": "2024-03-05T20:24:35.000Z",
  "gated": false,
  "disabled": false,
  "widgetData": [
    {
      "text": "My name is Julien and I like to"
    },
    {
      "text": "I like traveling by train because"
    },
    {
      "text": "Paris is an amazing place to visit,"
    },
    {
      "text": "Once upon a time,"
    }
  ],
  "model-index": null,
  "config": {
    "architectures": [
      "MPTForCausalLM"
    ],
    "auto_map": {
      "AutoConfig": "configuration_mpt.MPTConfig",
      "AutoModelForCausalLM": "modeling_mpt.MPTForCausalLM"
    },
    "model_type": "mpt",
    "tokenizer_config": {
      "bos_token": "<|endoftext|>",
      "eos_token": "<|endoftext|>",
      "unk_token": "<|endoftext|>"
    }
  },
  "cardData": {
    "license": "apache-2.0",
    "datasets": [
      "mosaicml/dolly_hhrlhf"
    ],
    "tags": [
      "Composer",
      "MosaicML",
      "llm-foundry"
    ],
    "inference": false
  },
  "transformersInfo": {
    "auto_model": "AutoModelForCausalLM",
    "custom_class": "modeling_mpt.MPTForCausalLM",
    "pipeline_tag": "text-generation",
    "processor": "AutoTokenizer"
  },
  "siblings": [
    {
      "rfilename": ".gitattributes"
    },
    {
      "rfilename": "LICENSE"
    },
    {
      "rfilename": "README.md"
    },
    {
      "rfilename": "adapt_tokenizer.py"
    },
    {
      "rfilename": "attention.py"
    },
    {
      "rfilename": "blocks.py"
    },
    {
      "rfilename": "config.json"
    },
    {
      "rfilename": "configuration_mpt.py"
    },
    {
      "rfilename": "custom_embedding.py"
    },
    {
      "rfilename": "fc.py"
    },
    {
      "rfilename": "ffn.py"
    },
    {
      "rfilename": "flash_attn_triton.py"
    },
    {
      "rfilename": "generation_config.json"
    },
    {
      "rfilename": "hf_prefixlm_converter.py"
    },
    {
      "rfilename": "meta_init_context.py"
    },
    {
      "rfilename": "modeling_mpt.py"
    },
    {
      "rfilename": "norm.py"
    },
    {
      "rfilename": "param_init_fns.py"
    },
    {
      "rfilename": "pytorch_model-00001-of-00002.bin"
    },
    {
      "rfilename": "pytorch_model-00002-of-00002.bin"
    },
    {
      "rfilename": "pytorch_model.bin.index.json"
    },
    {
      "rfilename": "requirements.txt"
    },
    {
      "rfilename": "special_tokens_map.json"
    },
    {
      "rfilename": "tokenizer.json"
    },
    {
      "rfilename": "tokenizer_config.json"
    },
    {
      "rfilename": "warnings.py"
    }
  ],
  "spaces": [
    "h2oai/h2ogpt-chatbot",
    "Intel/low_bit_open_llm_leaderboard",
    "h2oai/h2ogpt-chatbot2",
    "BAAI/open_cn_llm_leaderboard",
    "Sharathhebbar24/One-stop-for-Open-source-models",
    "gsaivinay/open_llm_leaderboard",
    "Sarath0x8f/Document-QA-bot",
    "GTBench/GTBench",
    "Vikhrmodels/small-shlepa-lb",
    "Vikhrmodels/DOoM-lb",
    "kz-transformers/kaz-llm-lb",
    "ROHAN181/pdf-chatbot",
    "rustformers/mpt-7b-instruct",
    "lapsapking/h2ogpt-chatbot",
    "felixz/open_llm_leaderboard",
    "NCTCMumbai/nctc-pdf-chatbot",
    "BAAI/open_flageval_vlm_leaderboard",
    "OPTML-Group/UnlearnCanvas-Benchmark",
    "Pavan178/pdf-chatbot",
    "santuchal/pdf_chat_bot",
    "BAAI/EmbodiedVerse",
    "b1sheng/kg_llm_leaderboard_test",
    "neubla/neubla-llm-evaluation-board",
    "ali121300/pdf_chat_bot",
    "Sambhavnoobcoder/pdf-chatbot",
    "Alfasign/pdf-chatbot-opensource-llm",
    "lukesteuber/contechnical",
    "ifire/mpt-7b-storywriter",
    "rodrigomasini/data_only_open_llm_leaderboard",
    "Docfile/open_llm_leaderboard",
    "MasterMohan/PDFChat",
    "namanroxx/pdf-chatbot",
    "awacke1/PDF-Document-QA-Chatbot",
    "his0/h2ogpt-chatbot",
    "anubhav100rao/pdf-chatbot",
    "atimughal662/InfoFusion",
    "Akshayram1/vit",
    "Pablinho/bedtime-stories",
    "Jeff28/CipherReadPDF",
    "Veerammal/Pdf_chatbot_for_CBSE",
    "geoffreyporto/mpt-7b-instruct",
    "niraito/article_m",
    "danavirtual/MPT7BTest",
    "akashkj/H2OGPT",
    "ariel0330/h2osiri",
    "kennethli319/mpt-7b-instruct",
    "elitecode/h2ogpt-chatbot2",
    "xsa-dev/mpt-7b-instruct",
    "1003Alexander/mpt-7b-demonstration",
    "ccoreilly/aigua-xat",
    "kennethli319/mpt-7b-instruct-rust",
    "Sambhavnoobcoder/h2ogpt-chatbot",
    "jacobfrye/mpt-7b-instruct-x2",
    "Arylwen/mlk8s",
    "AilexGPT/nextpdf",
    "ROHAN181/chatpdf",
    "smothiki/open_llm_leaderboard",
    "pngwn/open_llm_leaderboard",
    "jacobfrye/gclone-4125",
    "TheMaisk/TheMaisk_PDF_Chat",
    "pngwn/open_llm_leaderboard_two",
    "VenHello/thirdquery",
    "iblfe/test",
    "ROHAN181/pdf-chatbotfiv",
    "Omnibus/chatbots-zero",
    "AnonymousSub/Ayurveda_Chatbot",
    "yes2code/pdf-chatbot",
    "K00B404/pdf-chatbot-teacher",
    "K00B404/Research-chatbot",
    "Sergey-wa/pdf-chatbot",
    "Akshayram1/pdf-chatbot",
    "Munes787/labotv2",
    "Munes787/labotv3",
    "os1187/ChatPDF",
    "0x1668/open_llm_leaderboard",
    "awellis/pdf-chatbot",
    "pngwn/open_llm_leaderboard-check",
    "Felipe02/Quotation_extractor",
    "Felipe02/test",
    "vijayagrawal/philipsdemo",
    "sdxl12/pdf-chatbot",
    "awellis/rag-chatbot",
    "asir0z/open_llm_leaderboard",
    "kelvin-t-lu/chatbot",
    "Qazi-Mudassar-Ilyas/PDKnowledgeBaseQAusingRAG",
    "nirajandhakal/Talk-To-PDF",
    "klavyelibey/pdf-chatbot",
    "Jaman/openLLMs-RAG",
    "atlury/pdf-legal-chatbot",
    "Arcypojeb/pdf-chatbots",
    "Wasima/pdf-chatbot",
    "sumanthkv/pdfchatbot",
    "skanda12/pdf-chatbot",
    "vishwask/rag",
    "ryan0303/requirements",
    "iDrops/pdf-chatbot",
    "ryan0303/requirement_compliance",
    "kbmlcoding/open_llm_leaderboard_free",
    "Akshayram1/pdf-chatbot-2",
    "sanchitm/pdf-chatbot_Sanchit"
  ],
  "createdAt": "2023-05-05T00:52:12.000Z",
  "usedStorage": 26597235302
}