{
  "_id": "6491d3f3b1e5d3444529bb8c",
  "id": "mosaicml/mpt-30b",
  "private": false,
  "pipeline_tag": "text-generation",
  "library_name": "transformers",
  "tags": [
    "transformers",
    "pytorch",
    "mpt",
    "text-generation",
    "Composer",
    "MosaicML",
    "llm-foundry",
    "StreamingDatasets",
    "custom_code",
    "dataset:allenai/c4",
    "dataset:mc4",
    "dataset:togethercomputer/RedPajama-Data-1T",
    "dataset:bigcode/the-stack-dedup",
    "dataset:allenai/s2orc",
    "arxiv:2108.12409",
    "arxiv:2302.13971",
    "arxiv:2205.14135",
    "arxiv:2010.04245",
    "arxiv:1909.08053",
    "arxiv:2302.06675",
    "license:apache-2.0",
    "autotrain_compatible",
    "text-generation-inference",
    "region:us"
  ],
  "downloads": 2726,
  "likes": 344,
  "modelId": "mosaicml/mpt-30b",
  "author": "mosaicml",
  "sha": "669d63367d4dcbb829e975d52303afa905f9afea",
  "lastModified": "2024-03-05T20:25:40.000Z",
  "gated": false,
  "disabled": false,
  "widgetData": [
    {
      "text": "My name is Julien and I like to"
    },
    {
      "text": "I like traveling by train because"
    },
    {
      "text": "Paris is an amazing place to visit,"
    },
    {
      "text": "Once upon a time,"
    }
  ],
  "model-index": null,
  "config": {
    "architectures": [
      "MPTForCausalLM"
    ],
    "auto_map": {
      "AutoConfig": "configuration_mpt.MPTConfig",
      "AutoModelForCausalLM": "modeling_mpt.MPTForCausalLM"
    },
    "model_type": "mpt",
    "tokenizer_config": {
      "bos_token": "<|endoftext|>",
      "eos_token": "<|endoftext|>",
      "unk_token": "<|endoftext|>"
    }
  },
  "cardData": {
    "license": "apache-2.0",
    "tags": [
      "Composer",
      "MosaicML",
      "llm-foundry",
      "StreamingDatasets"
    ],
    "datasets": [
      "allenai/c4",
      "mc4",
      "togethercomputer/RedPajama-Data-1T",
      "bigcode/the-stack-dedup",
      "allenai/s2orc"
    ],
    "inference": false
  },
  "transformersInfo": {
    "auto_model": "AutoModelForCausalLM",
    "custom_class": "modeling_mpt.MPTForCausalLM",
    "pipeline_tag": "text-generation",
    "processor": "AutoTokenizer"
  },
  "siblings": [
    {
      "rfilename": ".gitattributes"
    },
    {
      "rfilename": "LICENSE"
    },
    {
      "rfilename": "README.md"
    },
    {
      "rfilename": "adapt_tokenizer.py"
    },
    {
      "rfilename": "attention.py"
    },
    {
      "rfilename": "blocks.py"
    },
    {
      "rfilename": "config.json"
    },
    {
      "rfilename": "configuration_mpt.py"
    },
    {
      "rfilename": "custom_embedding.py"
    },
    {
      "rfilename": "fc.py"
    },
    {
      "rfilename": "ffn.py"
    },
    {
      "rfilename": "flash_attn_triton.py"
    },
    {
      "rfilename": "generation_config.json"
    },
    {
      "rfilename": "hf_prefixlm_converter.py"
    },
    {
      "rfilename": "meta_init_context.py"
    },
    {
      "rfilename": "modeling_mpt.py"
    },
    {
      "rfilename": "norm.py"
    },
    {
      "rfilename": "param_init_fns.py"
    },
    {
      "rfilename": "pytorch_model-00001-of-00007.bin"
    },
    {
      "rfilename": "pytorch_model-00002-of-00007.bin"
    },
    {
      "rfilename": "pytorch_model-00003-of-00007.bin"
    },
    {
      "rfilename": "pytorch_model-00004-of-00007.bin"
    },
    {
      "rfilename": "pytorch_model-00005-of-00007.bin"
    },
    {
      "rfilename": "pytorch_model-00006-of-00007.bin"
    },
    {
      "rfilename": "pytorch_model-00007-of-00007.bin"
    },
    {
      "rfilename": "pytorch_model.bin.index.json"
    },
    {
      "rfilename": "special_tokens_map.json"
    },
    {
      "rfilename": "tokenizer.json"
    },
    {
      "rfilename": "tokenizer_config.json"
    },
    {
      "rfilename": "warnings.py"
    }
  ],
  "spaces": [
    "eduagarcia/open_pt_llm_leaderboard",
    "Intel/low_bit_open_llm_leaderboard",
    "BAAI/open_cn_llm_leaderboard",
    "Sharathhebbar24/One-stop-for-Open-source-models",
    "gsaivinay/open_llm_leaderboard",
    "GTBench/GTBench",
    "Vikhrmodels/small-shlepa-lb",
    "Vikhrmodels/DOoM-lb",
    "kz-transformers/kaz-llm-lb",
    "felixz/open_llm_leaderboard",
    "BAAI/open_flageval_vlm_leaderboard",
    "OPTML-Group/UnlearnCanvas-Benchmark",
    "BAAI/EmbodiedVerse",
    "b1sheng/kg_llm_leaderboard_test",
    "Zulelee/langchain-chatchat",
    "neubla/neubla-llm-evaluation-board",
    "lelafav502/fallpt-chat",
    "rodrigomasini/data_only_open_llm_leaderboard",
    "Docfile/open_llm_leaderboard",
    "dataroadmap/talk-to-your-docs",
    "MattGPT/ClassUI",
    "smothiki/open_llm_leaderboard",
    "dataroadmap/SR_Chatbot",
    "pngwn/open_llm_leaderboard",
    "pngwn/open_llm_leaderboard_two",
    "dusieq/zychbot",
    "wissamantoun/LLM_Detection_Attribution",
    "0x1668/open_llm_leaderboard",
    "pngwn/open_llm_leaderboard-check",
    "asir0z/open_llm_leaderboard",
    "kbmlcoding/open_llm_leaderboard_free",
    "K00B404/One-stop-till-you-drop",
    "aichampions/open_llm_leaderboard",
    "Adeco/open_llm_leaderboard",
    "anirudh937/open_llm_leaderboard",
    "smothiki/open_llm_leaderboard2",
    "mjalg/IFEvalTR",
    "Nanda9131/Final_Assignment_Template",
    "srikanththella/Agent_Srikanth",
    "zainuamalik/Final_Assignment",
    "arushi18nttdata/Final_Assignment_Agents",
    "sidralroja-09/Final_Assignment_Agents",
    "Amulya7050/AGENTS_TEMPLATE",
    "hattihimaja/Final_Assignment_Template",
    "SiriTammineni/Final_Assignment_Template",
    "GayathriP/Final_Assignment_Template",
    "ErykLuniou/Final_Assignment_Template",
    "rithvikaalapati/Final_Assignment_Template",
    "martinthetechie/Agent_Course_Submission",
    "knight2122/Final_Assignment",
    "Lucas010701/Final_Assignment_Template",
    "mansiTeamB/Assignment_agents",
    "kpbotla/AGENTS_TEMPLATE"
  ],
  "createdAt": "2023-06-20T16:29:39.000Z",
  "usedStorage": 119828937004
}