{
  "_id": "62d6b65d67d25fd8948709de",
  "id": "naver-clova-ix/donut-base",
  "private": false,
  "pipeline_tag": "image-to-text",
  "library_name": "transformers",
  "tags": [
    "transformers",
    "pytorch",
    "vision-encoder-decoder",
    "image-to-text",
    "donut",
    "vision",
    "arxiv:2111.15664",
    "license:mit",
    "endpoints_compatible",
    "region:us"
  ],
  "downloads": 74157,
  "likes": 229,
  "modelId": "naver-clova-ix/donut-base",
  "author": "naver-clova-ix",
  "sha": "a959cf33c20e09215873e338299c900f57047c61",
  "lastModified": "2022-08-13T08:27:12.000Z",
  "gated": false,
  "disabled": false,
  "model-index": null,
  "config": {
    "architectures": [
      "VisionEncoderDecoderModel"
    ],
    "model_type": "vision-encoder-decoder",
    "tokenizer_config": {
      "bos_token": "<s>",
      "cls_token": "<s>",
      "eos_token": "</s>",
      "mask_token": {
        "__type": "AddedToken",
        "content": "<mask>",
        "lstrip": true,
        "normalized": true,
        "rstrip": false,
        "single_word": false
      },
      "pad_token": "<pad>",
      "sep_token": "</s>",
      "unk_token": "<unk>"
    }
  },
  "cardData": {
    "license": "mit",
    "tags": [
      "donut",
      "image-to-text",
      "vision"
    ]
  },
  "transformersInfo": {
    "auto_model": "AutoModelForVision2Seq",
    "pipeline_tag": "image-to-text",
    "processor": "AutoTokenizer"
  },
  "siblings": [
    {
      "rfilename": ".gitattributes"
    },
    {
      "rfilename": ".gitignore"
    },
    {
      "rfilename": "README.md"
    },
    {
      "rfilename": "added_tokens.json"
    },
    {
      "rfilename": "config.json"
    },
    {
      "rfilename": "preprocessor_config.json"
    },
    {
      "rfilename": "pytorch_model.bin"
    },
    {
      "rfilename": "sentencepiece.bpe.model"
    },
    {
      "rfilename": "special_tokens_map.json"
    },
    {
      "rfilename": "tokenizer.json"
    },
    {
      "rfilename": "tokenizer_config.json"
    }
  ],
  "spaces": [
    "to-be/invoice_document_headers_extraction_with_donut",
    "opendatalab/UniMERNet-Demo",
    "Shak33l-UiRev/Ui-Rev-Doc-Model",
    "nikhilba/donut-ocr",
    "jobtimc/donut-booking-gradio",
    "wufan/unimer_demo",
    "canaxx/donut-mrz",
    "DimaKoshman/MakingGraphsAccessible",
    "hswu/naver-clova-ix-donut-base",
    "liampronan/naver-clova-ix-donut-base",
    "v2run/data-analysis-ml",
    "ITNovaML/sparrow-ml-itn",
    "adbcode/donut-mrz",
    "enjoysun/naver-clova-ix-donut-base",
    "snek2byte/naver-clova-ix-donut-base",
    "Krrish4757/sparrow-ml",
    "woodserino/petrockapi",
    "joemaatouk/sparrow-API",
    "pearl1488/sparrow-ml",
    "senga-ml/senga-ml",
    "senga-ml/naivas-grns",
    "DSatishchandra/Vector_Text",
    "ridahaha/ml",
    "senga-ml/naivas-lpos",
    "julcrm/yoc3",
    "babeard1/recipe-digitizer",
    "greene6517/Finetuned_donut_sroie",
    "JohnTitor22/Unimernet_gradio",
    "senga-ml/senga-dnotes",
    "mantasviaz/donut-api",
    "GiammaT/ocr-book-cover-parser",
    "alakxender/dhivehi-tokenizers",
    "marcosremar2/mineru2",
    "bhanu11sharma/rx-data-extractor",
    "agusumriadi/smc-insight-bot"
  ],
  "createdAt": "2022-07-19T13:49:17.000Z",
  "usedStorage": 14865929213
}