{
  "_id": "65962671c57a761c568bd49a",
  "id": "nomic-ai/nomic-bert-2048",
  "private": false,
  "pipeline_tag": "fill-mask",
  "library_name": "transformers",
  "tags": [
    "transformers",
    "pytorch",
    "safetensors",
    "nomic_bert",
    "fill-mask",
    "custom_code",
    "en",
    "dataset:wikimedia/wikipedia",
    "dataset:bookcorpus",
    "dataset:nomic-ai/nomic-bert-2048-pretraining-data",
    "arxiv:2104.09864",
    "arxiv:2002.05202",
    "license:apache-2.0",
    "autotrain_compatible",
    "region:us"
  ],
  "downloads": 5072,
  "likes": 53,
  "modelId": "nomic-ai/nomic-bert-2048",
  "author": "nomic-ai",
  "sha": "7710840340a098cfb869c4f65e87cf2b1b70caca",
  "lastModified": "2025-04-29T14:25:30.000Z",
  "gated": false,
  "disabled": false,
  "widgetData": [
    {
      "text": "Paris is the <mask> of France."
    },
    {
      "text": "The goal of life is <mask>."
    }
  ],
  "model-index": null,
  "config": {
    "architectures": [
      "NomicBertForPreTraining"
    ],
    "auto_map": {
      "AutoConfig": "configuration_hf_nomic_bert.NomicBertConfig",
      "AutoModel": "modeling_hf_nomic_bert.NomicBertModel",
      "AutoModelForMaskedLM": "modeling_hf_nomic_bert.NomicBertForPreTraining",
      "AutoModelForSequenceClassification": "modeling_hf_nomic_bert.NomicBertForSequenceClassification",
      "AutoModelForMultipleChoice": "modeling_hf_nomic_bert.NomicBertForMultipleChoice",
      "AutoModelForQuestionAnswering": "modeling_hf_nomic_bert.NomicBertForQuestionAnswering",
      "AutoModelForTokenClassification": "modeling_hf_nomic_bert.NomicBertForTokenClassification"
    },
    "model_type": "nomic_bert",
    "tokenizer_config": {
      "cls_token": "[CLS]",
      "mask_token": "[MASK]",
      "pad_token": "[PAD]",
      "sep_token": "[SEP]",
      "unk_token": "[UNK]"
    }
  },
  "cardData": {
    "language": [
      "en"
    ],
    "license": "apache-2.0",
    "datasets": [
      "wikimedia/wikipedia",
      "bookcorpus",
      "nomic-ai/nomic-bert-2048-pretraining-data"
    ],
    "inference": false
  },
  "transformersInfo": {
    "auto_model": "AutoModelForMaskedLM",
    "custom_class": "modeling_hf_nomic_bert.NomicBertForPreTraining",
    "pipeline_tag": "fill-mask"
  },
  "siblings": [
    {
      "rfilename": ".gitattributes"
    },
    {
      "rfilename": "README.md"
    },
    {
      "rfilename": "config.json"
    },
    {
      "rfilename": "configuration_hf_nomic_bert.py"
    },
    {
      "rfilename": "model.safetensors"
    },
    {
      "rfilename": "modeling_hf_nomic_bert.py"
    },
    {
      "rfilename": "pytorch_model.bin"
    },
    {
      "rfilename": "special_tokens_map.json"
    },
    {
      "rfilename": "tokenizer.json"
    },
    {
      "rfilename": "tokenizer_config.json"
    },
    {
      "rfilename": "vocab.txt"
    }
  ],
  "spaces": [
    "AbstractPhil/shunt-adapter-testing",
    "AbstractPhil/bert-beatrix-2048-testing"
  ],
  "createdAt": "2024-01-04T03:30:57.000Z",
  "safetensors": {
    "parameters": {
      "F32": 137323008
    },
    "total": 137323008
  },
  "usedStorage": 1098633566
}