{
  "_id": "67cb733d42ae7a25491e3700",
  "id": "nvidia/canary-1b-flash",
  "private": false,
  "pipeline_tag": "automatic-speech-recognition",
  "library_name": "nemo",
  "tags": [
    "nemo",
    "safetensors",
    "fastconformer",
    "automatic-speech-recognition",
    "automatic-speech-translation",
    "speech",
    "audio",
    "Transformer",
    "FastConformer",
    "Conformer",
    "pytorch",
    "NeMo",
    "hf-asr-leaderboard",
    "en",
    "de",
    "es",
    "fr",
    "dataset:librispeech_asr",
    "dataset:fisher_corpus",
    "dataset:Switchboard-1",
    "dataset:WSJ-0",
    "dataset:WSJ-1",
    "dataset:National-Singapore-Corpus-Part-1",
    "dataset:National-Singapore-Corpus-Part-6",
    "dataset:vctk",
    "dataset:voxpopuli",
    "dataset:europarl",
    "dataset:multilingual_librispeech",
    "dataset:mozilla-foundation/common_voice_8_0",
    "dataset:MLCommons/peoples_speech",
    "arxiv:2104.02821",
    "arxiv:2503.05931",
    "arxiv:1706.03762",
    "arxiv:2409.13523",
    "license:cc-by-4.0",
    "model-index",
    "region:us"
  ],
  "downloads": 11307,
  "likes": 242,
  "modelId": "nvidia/canary-1b-flash",
  "author": "nvidia",
  "sha": "25f4b03e7991774458701352800ba7c88a19a01b",
  "lastModified": "2025-08-20T01:51:56.000Z",
  "gated": false,
  "disabled": false,
  "widgetData": [
    {
      "example_title": "Librispeech sample 1",
      "src": "https://cdn-media.huggingface.co/speech_samples/sample1.flac"
    },
    {
      "example_title": "Librispeech sample 2",
      "src": "https://cdn-media.huggingface.co/speech_samples/sample2.flac"
    }
  ],
  "model-index": [
    {
      "name": "canary-1b-flash",
      "results": [
        {
          "task": {
            "name": "Automatic Speech Recognition",
            "type": "automatic-speech-recognition"
          },
          "dataset": {
            "name": "LibriSpeech (other)",
            "type": "librispeech_asr",
            "config": "other",
            "split": "test",
            "args": {
              "language": "en"
            }
          },
          "metrics": [
            {
              "name": "Test WER",
              "type": "wer",
              "value": 2.87,
              "verified": false
            }
          ]
        },
        {
          "task": {
            "type": "Automatic Speech Recognition",
            "name": "automatic-speech-recognition"
          },
          "dataset": {
            "name": "SPGI Speech",
            "type": "kensho/spgispeech",
            "config": "test",
            "split": "test",
            "args": {
              "language": "en"
            }
          },
          "metrics": [
            {
              "name": "Test WER",
              "type": "wer",
              "value": 1.95,
              "verified": false
            }
          ]
        },
        {
          "task": {
            "type": "Automatic Speech Recognition",
            "name": "automatic-speech-recognition"
          },
          "dataset": {
            "name": "Mozilla Common Voice 16.1",
            "type": "mozilla-foundation/common_voice_16_1",
            "config": "en",
            "split": "test",
            "args": {
              "language": "en"
            }
          },
          "metrics": [
            {
              "name": "Test WER (En)",
              "type": "wer",
              "value": 6.99,
              "verified": false
            }
          ]
        },
        {
          "task": {
            "type": "Automatic Speech Recognition",
            "name": "automatic-speech-recognition"
          },
          "dataset": {
            "name": "Mozilla Common Voice 16.1",
            "type": "mozilla-foundation/common_voice_16_1",
            "config": "de",
            "split": "test",
            "args": {
              "language": "de"
            }
          },
          "metrics": [
            {
              "name": "Test WER (De)",
              "type": "wer",
              "value": 4.09,
              "verified": false
            }
          ]
        },
        {
          "task": {
            "type": "Automatic Speech Recognition",
            "name": "automatic-speech-recognition"
          },
          "dataset": {
            "name": "Mozilla Common Voice 16.1",
            "type": "mozilla-foundation/common_voice_16_1",
            "config": "es",
            "split": "test",
            "args": {
              "language": "es"
            }
          },
          "metrics": [
            {
              "name": "Test WER (ES)",
              "type": "wer",
              "value": 3.62,
              "verified": false
            }
          ]
        },
        {
          "task": {
            "type": "Automatic Speech Recognition",
            "name": "automatic-speech-recognition"
          },
          "dataset": {
            "name": "Mozilla Common Voice 16.1",
            "type": "mozilla-foundation/common_voice_16_1",
            "config": "fr",
            "split": "test",
            "args": {
              "language": "fr"
            }
          },
          "metrics": [
            {
              "name": "Test WER (Fr)",
              "type": "wer",
              "value": 6.15,
              "verified": false
            }
          ]
        },
        {
          "task": {
            "type": "Automatic Speech Translation",
            "name": "automatic-speech-translation"
          },
          "dataset": {
            "name": "FLEURS",
            "type": "google/fleurs",
            "config": "en_us",
            "split": "test",
            "args": {
              "language": "en-de"
            }
          },
          "metrics": [
            {
              "name": "Test BLEU (En->De)",
              "type": "bleu",
              "value": 32.27,
              "verified": false
            }
          ]
        },
        {
          "task": {
            "type": "Automatic Speech Translation",
            "name": "automatic-speech-translation"
          },
          "dataset": {
            "name": "FLEURS",
            "type": "google/fleurs",
            "config": "en_us",
            "split": "test",
            "args": {
              "language": "en-de"
            }
          },
          "metrics": [
            {
              "name": "Test BLEU (En->Es)",
              "type": "bleu",
              "value": 22.6,
              "verified": false
            }
          ]
        },
        {
          "task": {
            "type": "Automatic Speech Translation",
            "name": "automatic-speech-translation"
          },
          "dataset": {
            "name": "FLEURS",
            "type": "google/fleurs",
            "config": "en_us",
            "split": "test",
            "args": {
              "language": "en-de"
            }
          },
          "metrics": [
            {
              "name": "Test BLEU (En->Fr)",
              "type": "bleu",
              "value": 41.22,
              "verified": false
            }
          ]
        },
        {
          "task": {
            "type": "Automatic Speech Translation",
            "name": "automatic-speech-translation"
          },
          "dataset": {
            "name": "FLEURS",
            "type": "google/fleurs",
            "config": "de_de",
            "split": "test",
            "args": {
              "language": "de-en"
            }
          },
          "metrics": [
            {
              "name": "Test BLEU (De->En)",
              "type": "bleu",
              "value": 35.5,
              "verified": false
            }
          ]
        },
        {
          "task": {
            "type": "Automatic Speech Translation",
            "name": "automatic-speech-translation"
          },
          "dataset": {
            "name": "FLEURS",
            "type": "google/fleurs",
            "config": "es_419",
            "split": "test",
            "args": {
              "language": "es-en"
            }
          },
          "metrics": [
            {
              "name": "Test BLEU (Es->En)",
              "type": "bleu",
              "value": 23.32,
              "verified": false
            }
          ]
        },
        {
          "task": {
            "type": "Automatic Speech Translation",
            "name": "automatic-speech-translation"
          },
          "dataset": {
            "name": "FLEURS",
            "type": "google/fleurs",
            "config": "fr_fr",
            "split": "test",
            "args": {
              "language": "fr-en"
            }
          },
          "metrics": [
            {
              "name": "Test BLEU (Fr->En)",
              "type": "bleu",
              "value": 33.42,
              "verified": false
            }
          ]
        },
        {
          "task": {
            "type": "Automatic Speech Translation",
            "name": "automatic-speech-translation"
          },
          "dataset": {
            "name": "COVOST",
            "type": "covost2",
            "config": "de_de",
            "split": "test",
            "args": {
              "language": "de-en"
            }
          },
          "metrics": [
            {
              "name": "Test BLEU (De->En)",
              "type": "bleu",
              "value": 39.33,
              "verified": false
            }
          ]
        },
        {
          "task": {
            "type": "Automatic Speech Translation",
            "name": "automatic-speech-translation"
          },
          "dataset": {
            "name": "COVOST",
            "type": "covost2",
            "config": "es_419",
            "split": "test",
            "args": {
              "language": "es-en"
            }
          },
          "metrics": [
            {
              "name": "Test BLEU (Es->En)",
              "type": "bleu",
              "value": 41.86,
              "verified": false
            }
          ]
        },
        {
          "task": {
            "type": "Automatic Speech Translation",
            "name": "automatic-speech-translation"
          },
          "dataset": {
            "name": "COVOST",
            "type": "covost2",
            "config": "fr_fr",
            "split": "test",
            "args": {
              "language": "fr-en"
            }
          },
          "metrics": [
            {
              "name": "Test BLEU (Fr->En)",
              "type": "bleu",
              "value": 41.43,
              "verified": false
            }
          ]
        }
      ]
    }
  ],
  "config": {
    "architectures": [
      "FastConformerModel"
    ],
    "model_type": "fastconformer"
  },
  "cardData": {
    "license": "cc-by-4.0",
    "language": [
      "en",
      "de",
      "es",
      "fr"
    ],
    "library_name": "nemo",
    "datasets": [
      "librispeech_asr",
      "fisher_corpus",
      "Switchboard-1",
      "WSJ-0",
      "WSJ-1",
      "National-Singapore-Corpus-Part-1",
      "National-Singapore-Corpus-Part-6",
      "vctk",
      "voxpopuli",
      "europarl",
      "multilingual_librispeech",
      "mozilla-foundation/common_voice_8_0",
      "MLCommons/peoples_speech"
    ],
    "thumbnail": null,
    "tags": [
      "automatic-speech-recognition",
      "automatic-speech-translation",
      "speech",
      "audio",
      "Transformer",
      "FastConformer",
      "Conformer",
      "pytorch",
      "NeMo",
      "hf-asr-leaderboard"
    ],
    "widget": [
      {
        "example_title": "Librispeech sample 1",
        "src": "https://cdn-media.huggingface.co/speech_samples/sample1.flac"
      },
      {
        "example_title": "Librispeech sample 2",
        "src": "https://cdn-media.huggingface.co/speech_samples/sample2.flac"
      }
    ],
    "model-index": [
      {
        "name": "canary-1b-flash",
        "results": [
          {
            "task": {
              "name": "Automatic Speech Recognition",
              "type": "automatic-speech-recognition"
            },
            "dataset": {
              "name": "LibriSpeech (other)",
              "type": "librispeech_asr",
              "config": "other",
              "split": "test",
              "args": {
                "language": "en"
              }
            },
            "metrics": [
              {
                "name": "Test WER",
                "type": "wer",
                "value": 2.87,
                "verified": false
              }
            ]
          },
          {
            "task": {
              "type": "Automatic Speech Recognition",
              "name": "automatic-speech-recognition"
            },
            "dataset": {
              "name": "SPGI Speech",
              "type": "kensho/spgispeech",
              "config": "test",
              "split": "test",
              "args": {
                "language": "en"
              }
            },
            "metrics": [
              {
                "name": "Test WER",
                "type": "wer",
                "value": 1.95,
                "verified": false
              }
            ]
          },
          {
            "task": {
              "type": "Automatic Speech Recognition",
              "name": "automatic-speech-recognition"
            },
            "dataset": {
              "name": "Mozilla Common Voice 16.1",
              "type": "mozilla-foundation/common_voice_16_1",
              "config": "en",
              "split": "test",
              "args": {
                "language": "en"
              }
            },
            "metrics": [
              {
                "name": "Test WER (En)",
                "type": "wer",
                "value": 6.99,
                "verified": false
              }
            ]
          },
          {
            "task": {
              "type": "Automatic Speech Recognition",
              "name": "automatic-speech-recognition"
            },
            "dataset": {
              "name": "Mozilla Common Voice 16.1",
              "type": "mozilla-foundation/common_voice_16_1",
              "config": "de",
              "split": "test",
              "args": {
                "language": "de"
              }
            },
            "metrics": [
              {
                "name": "Test WER (De)",
                "type": "wer",
                "value": 4.09,
                "verified": false
              }
            ]
          },
          {
            "task": {
              "type": "Automatic Speech Recognition",
              "name": "automatic-speech-recognition"
            },
            "dataset": {
              "name": "Mozilla Common Voice 16.1",
              "type": "mozilla-foundation/common_voice_16_1",
              "config": "es",
              "split": "test",
              "args": {
                "language": "es"
              }
            },
            "metrics": [
              {
                "name": "Test WER (ES)",
                "type": "wer",
                "value": 3.62,
                "verified": false
              }
            ]
          },
          {
            "task": {
              "type": "Automatic Speech Recognition",
              "name": "automatic-speech-recognition"
            },
            "dataset": {
              "name": "Mozilla Common Voice 16.1",
              "type": "mozilla-foundation/common_voice_16_1",
              "config": "fr",
              "split": "test",
              "args": {
                "language": "fr"
              }
            },
            "metrics": [
              {
                "name": "Test WER (Fr)",
                "type": "wer",
                "value": 6.15,
                "verified": false
              }
            ]
          },
          {
            "task": {
              "type": "Automatic Speech Translation",
              "name": "automatic-speech-translation"
            },
            "dataset": {
              "name": "FLEURS",
              "type": "google/fleurs",
              "config": "en_us",
              "split": "test",
              "args": {
                "language": "en-de"
              }
            },
            "metrics": [
              {
                "name": "Test BLEU (En->De)",
                "type": "bleu",
                "value": 32.27,
                "verified": false
              }
            ]
          },
          {
            "task": {
              "type": "Automatic Speech Translation",
              "name": "automatic-speech-translation"
            },
            "dataset": {
              "name": "FLEURS",
              "type": "google/fleurs",
              "config": "en_us",
              "split": "test",
              "args": {
                "language": "en-de"
              }
            },
            "metrics": [
              {
                "name": "Test BLEU (En->Es)",
                "type": "bleu",
                "value": 22.6,
                "verified": false
              }
            ]
          },
          {
            "task": {
              "type": "Automatic Speech Translation",
              "name": "automatic-speech-translation"
            },
            "dataset": {
              "name": "FLEURS",
              "type": "google/fleurs",
              "config": "en_us",
              "split": "test",
              "args": {
                "language": "en-de"
              }
            },
            "metrics": [
              {
                "name": "Test BLEU (En->Fr)",
                "type": "bleu",
                "value": 41.22,
                "verified": false
              }
            ]
          },
          {
            "task": {
              "type": "Automatic Speech Translation",
              "name": "automatic-speech-translation"
            },
            "dataset": {
              "name": "FLEURS",
              "type": "google/fleurs",
              "config": "de_de",
              "split": "test",
              "args": {
                "language": "de-en"
              }
            },
            "metrics": [
              {
                "name": "Test BLEU (De->En)",
                "type": "bleu",
                "value": 35.5,
                "verified": false
              }
            ]
          },
          {
            "task": {
              "type": "Automatic Speech Translation",
              "name": "automatic-speech-translation"
            },
            "dataset": {
              "name": "FLEURS",
              "type": "google/fleurs",
              "config": "es_419",
              "split": "test",
              "args": {
                "language": "es-en"
              }
            },
            "metrics": [
              {
                "name": "Test BLEU (Es->En)",
                "type": "bleu",
                "value": 23.32,
                "verified": false
              }
            ]
          },
          {
            "task": {
              "type": "Automatic Speech Translation",
              "name": "automatic-speech-translation"
            },
            "dataset": {
              "name": "FLEURS",
              "type": "google/fleurs",
              "config": "fr_fr",
              "split": "test",
              "args": {
                "language": "fr-en"
              }
            },
            "metrics": [
              {
                "name": "Test BLEU (Fr->En)",
                "type": "bleu",
                "value": 33.42,
                "verified": false
              }
            ]
          },
          {
            "task": {
              "type": "Automatic Speech Translation",
              "name": "automatic-speech-translation"
            },
            "dataset": {
              "name": "COVOST",
              "type": "covost2",
              "config": "de_de",
              "split": "test",
              "args": {
                "language": "de-en"
              }
            },
            "metrics": [
              {
                "name": "Test BLEU (De->En)",
                "type": "bleu",
                "value": 39.33,
                "verified": false
              }
            ]
          },
          {
            "task": {
              "type": "Automatic Speech Translation",
              "name": "automatic-speech-translation"
            },
            "dataset": {
              "name": "COVOST",
              "type": "covost2",
              "config": "es_419",
              "split": "test",
              "args": {
                "language": "es-en"
              }
            },
            "metrics": [
              {
                "name": "Test BLEU (Es->En)",
                "type": "bleu",
                "value": 41.86,
                "verified": false
              }
            ]
          },
          {
            "task": {
              "type": "Automatic Speech Translation",
              "name": "automatic-speech-translation"
            },
            "dataset": {
              "name": "COVOST",
              "type": "covost2",
              "config": "fr_fr",
              "split": "test",
              "args": {
                "language": "fr-en"
              }
            },
            "metrics": [
              {
                "name": "Test BLEU (Fr->En)",
                "type": "bleu",
                "value": 41.43,
                "verified": false
              }
            ]
          }
        ]
      }
    ],
    "metrics": [
      "wer",
      "bleu",
      "comet"
    ],
    "track_downloads": true,
    "pipeline_tag": "automatic-speech-recognition"
  },
  "siblings": [
    {
      "rfilename": ".gitattributes"
    },
    {
      "rfilename": "README.md"
    },
    {
      "rfilename": "canary-1b-flash.nemo"
    },
    {
      "rfilename": "config.json"
    },
    {
      "rfilename": "model.safetensors"
    },
    {
      "rfilename": "preprocessor_config.json"
    }
  ],
  "spaces": [
    "JournalistsonHF/ai-toolkit",
    "nvidia/canary-1b-flash",
    "Huggingfacest/canary-180m-flash",
    "Iralion/Transcription_vocal",
    "JojoHaba/Translate_audio",
    "doumbouyasekou/Transcrire_par_microphone",
    "abdwahdia/MYASR_APP",
    "Balde-maria2005/Interphone_traducteur",
    "Aissatou-0303-barry/Transcription_audio",
    "greykingreys/transcribe_audio_to_text",
    "Dougaya/Audio_Transcription",
    "diallo62-gs/Transcription",
    "lamba66/Transcription_Audio_Texte",
    "AlphaSinthian/Sinthian_transcription",
    "Hamsy/TRANSCRIPTION_AUDIO_MIICROPHONE",
    "diak24/transcription_audio",
    "Adracamara94/Transcrire_un_fichier_audio",
    "ballatraore/Transcription_vocal",
    "moustaphasidibe/Automatical_speech_prediction",
    "Le-futur224/traduction_audio_language",
    "abdsaldia/Transcription_vocal_dans_plusieurs_langues",
    "sy-savane/ASR-app",
    "Sandouno2003/ASR_Transcrire",
    "baillodev/speech-recognition",
    "oumarodd/Automatic_Speech_Recognition",
    "abdoulayee/Automatic_Speech_Recognition",
    "thierno3765/Automatic_speech",
    "greykingreys/Chatbot_Assistance_Orange_Money"
  ],
  "createdAt": "2025-03-07T22:29:17.000Z",
  "safetensors": {
    "parameters": {
      "F32": 811049984
    },
    "total": 811049984
  },
  "usedStorage": 6785064320
}