{
  "_id": "63314bc6e092098b57b97fd5",
  "id": "openai/whisper-base",
  "private": false,
  "pipeline_tag": "automatic-speech-recognition",
  "library_name": "transformers",
  "tags": [
    "transformers",
    "pytorch",
    "tf",
    "jax",
    "safetensors",
    "whisper",
    "automatic-speech-recognition",
    "audio",
    "hf-asr-leaderboard",
    "en",
    "zh",
    "de",
    "es",
    "ru",
    "ko",
    "fr",
    "ja",
    "pt",
    "tr",
    "pl",
    "ca",
    "nl",
    "ar",
    "sv",
    "it",
    "id",
    "hi",
    "fi",
    "vi",
    "he",
    "uk",
    "el",
    "ms",
    "cs",
    "ro",
    "da",
    "hu",
    "ta",
    "no",
    "th",
    "ur",
    "hr",
    "bg",
    "lt",
    "la",
    "mi",
    "ml",
    "cy",
    "sk",
    "te",
    "fa",
    "lv",
    "bn",
    "sr",
    "az",
    "sl",
    "kn",
    "et",
    "mk",
    "br",
    "eu",
    "is",
    "hy",
    "ne",
    "mn",
    "bs",
    "kk",
    "sq",
    "sw",
    "gl",
    "mr",
    "pa",
    "si",
    "km",
    "sn",
    "yo",
    "so",
    "af",
    "oc",
    "ka",
    "be",
    "tg",
    "sd",
    "gu",
    "am",
    "yi",
    "lo",
    "uz",
    "fo",
    "ht",
    "ps",
    "tk",
    "nn",
    "mt",
    "sa",
    "lb",
    "my",
    "bo",
    "tl",
    "mg",
    "as",
    "tt",
    "haw",
    "ln",
    "ha",
    "ba",
    "jw",
    "su",
    "arxiv:2212.04356",
    "license:apache-2.0",
    "model-index",
    "endpoints_compatible",
    "region:us"
  ],
  "downloads": 534608,
  "likes": 237,
  "modelId": "openai/whisper-base",
  "author": "openai",
  "sha": "e37978b90ca9030d5170a5c07aadb050351a65bb",
  "lastModified": "2024-02-29T10:26:57.000Z",
  "gated": false,
  "disabled": false,
  "widgetData": [
    {
      "example_title": "Librispeech sample 1",
      "src": "https://cdn-media.huggingface.co/speech_samples/sample1.flac"
    },
    {
      "example_title": "Librispeech sample 2",
      "src": "https://cdn-media.huggingface.co/speech_samples/sample2.flac"
    }
  ],
  "model-index": [
    {
      "name": "whisper-base",
      "results": [
        {
          "task": {
            "name": "Automatic Speech Recognition",
            "type": "automatic-speech-recognition"
          },
          "dataset": {
            "name": "LibriSpeech (clean)",
            "type": "librispeech_asr",
            "config": "clean",
            "split": "test",
            "args": {
              "language": "en"
            }
          },
          "metrics": [
            {
              "name": "Test WER",
              "type": "wer",
              "value": 5.008769117619326,
              "verified": false
            }
          ]
        },
        {
          "task": {
            "name": "Automatic Speech Recognition",
            "type": "automatic-speech-recognition"
          },
          "dataset": {
            "name": "LibriSpeech (other)",
            "type": "librispeech_asr",
            "config": "other",
            "split": "test",
            "args": {
              "language": "en"
            }
          },
          "metrics": [
            {
              "name": "Test WER",
              "type": "wer",
              "value": 12.84936273212057,
              "verified": false
            }
          ]
        },
        {
          "task": {
            "name": "Automatic Speech Recognition",
            "type": "automatic-speech-recognition"
          },
          "dataset": {
            "name": "Common Voice 11.0",
            "type": "mozilla-foundation/common_voice_11_0",
            "config": "hi",
            "split": "test",
            "args": {
              "language": "hi"
            }
          },
          "metrics": [
            {
              "name": "Test WER",
              "type": "wer",
              "value": 131,
              "verified": false
            }
          ]
        }
      ]
    }
  ],
  "config": {
    "architectures": [
      "WhisperForConditionalGeneration"
    ],
    "model_type": "whisper",
    "tokenizer_config": {
      "bos_token": "<|endoftext|>",
      "eos_token": "<|endoftext|>",
      "pad_token": "<|endoftext|>",
      "unk_token": "<|endoftext|>"
    }
  },
  "cardData": {
    "language": [
      "en",
      "zh",
      "de",
      "es",
      "ru",
      "ko",
      "fr",
      "ja",
      "pt",
      "tr",
      "pl",
      "ca",
      "nl",
      "ar",
      "sv",
      "it",
      "id",
      "hi",
      "fi",
      "vi",
      "he",
      "uk",
      "el",
      "ms",
      "cs",
      "ro",
      "da",
      "hu",
      "ta",
      "no",
      "th",
      "ur",
      "hr",
      "bg",
      "lt",
      "la",
      "mi",
      "ml",
      "cy",
      "sk",
      "te",
      "fa",
      "lv",
      "bn",
      "sr",
      "az",
      "sl",
      "kn",
      "et",
      "mk",
      "br",
      "eu",
      "is",
      "hy",
      "ne",
      "mn",
      "bs",
      "kk",
      "sq",
      "sw",
      "gl",
      "mr",
      "pa",
      "si",
      "km",
      "sn",
      "yo",
      "so",
      "af",
      "oc",
      "ka",
      "be",
      "tg",
      "sd",
      "gu",
      "am",
      "yi",
      "lo",
      "uz",
      "fo",
      "ht",
      "ps",
      "tk",
      "nn",
      "mt",
      "sa",
      "lb",
      "my",
      "bo",
      "tl",
      "mg",
      "as",
      "tt",
      "haw",
      "ln",
      "ha",
      "ba",
      "jw",
      "su"
    ],
    "tags": [
      "audio",
      "automatic-speech-recognition",
      "hf-asr-leaderboard"
    ],
    "widget": [
      {
        "example_title": "Librispeech sample 1",
        "src": "https://cdn-media.huggingface.co/speech_samples/sample1.flac"
      },
      {
        "example_title": "Librispeech sample 2",
        "src": "https://cdn-media.huggingface.co/speech_samples/sample2.flac"
      }
    ],
    "model-index": [
      {
        "name": "whisper-base",
        "results": [
          {
            "task": {
              "name": "Automatic Speech Recognition",
              "type": "automatic-speech-recognition"
            },
            "dataset": {
              "name": "LibriSpeech (clean)",
              "type": "librispeech_asr",
              "config": "clean",
              "split": "test",
              "args": {
                "language": "en"
              }
            },
            "metrics": [
              {
                "name": "Test WER",
                "type": "wer",
                "value": 5.008769117619326,
                "verified": false
              }
            ]
          },
          {
            "task": {
              "name": "Automatic Speech Recognition",
              "type": "automatic-speech-recognition"
            },
            "dataset": {
              "name": "LibriSpeech (other)",
              "type": "librispeech_asr",
              "config": "other",
              "split": "test",
              "args": {
                "language": "en"
              }
            },
            "metrics": [
              {
                "name": "Test WER",
                "type": "wer",
                "value": 12.84936273212057,
                "verified": false
              }
            ]
          },
          {
            "task": {
              "name": "Automatic Speech Recognition",
              "type": "automatic-speech-recognition"
            },
            "dataset": {
              "name": "Common Voice 11.0",
              "type": "mozilla-foundation/common_voice_11_0",
              "config": "hi",
              "split": "test",
              "args": {
                "language": "hi"
              }
            },
            "metrics": [
              {
                "name": "Test WER",
                "type": "wer",
                "value": 131,
                "verified": false
              }
            ]
          }
        ]
      }
    ],
    "pipeline_tag": "automatic-speech-recognition",
    "license": "apache-2.0"
  },
  "transformersInfo": {
    "auto_model": "AutoModelForSpeechSeq2Seq",
    "pipeline_tag": "automatic-speech-recognition",
    "processor": "AutoProcessor"
  },
  "siblings": [
    {
      "rfilename": ".gitattributes"
    },
    {
      "rfilename": "README.md"
    },
    {
      "rfilename": "added_tokens.json"
    },
    {
      "rfilename": "config.json"
    },
    {
      "rfilename": "flax_model.msgpack"
    },
    {
      "rfilename": "generation_config.json"
    },
    {
      "rfilename": "merges.txt"
    },
    {
      "rfilename": "model.safetensors"
    },
    {
      "rfilename": "normalizer.json"
    },
    {
      "rfilename": "preprocessor_config.json"
    },
    {
      "rfilename": "pytorch_model.bin"
    },
    {
      "rfilename": "special_tokens_map.json"
    },
    {
      "rfilename": "tf_model.h5"
    },
    {
      "rfilename": "tokenizer.json"
    },
    {
      "rfilename": "tokenizer_config.json"
    },
    {
      "rfilename": "vocab.json"
    }
  ],
  "spaces": [
    "microsoft/HuggingGPT",
    "Matthijs/whisper_word_timestamps",
    "OpenSound/CapSpeech-TTS",
    "radames/whisper-word-level-trim",
    "gobeldan/insanely-fast-whisper-webui",
    "devilent2/whisper-v3-zero",
    "course-demos/speech-to-speech-translation",
    "nvidia/audio-flamingo-2",
    "ardha27/Youtube-AI-Summarizer",
    "istupakov/onnx-asr",
    "innev/whisper-Base",
    "taesiri/HuggingGPT-Lite",
    "ecker/vall-e",
    "thianfoo/GenAI_StoryTeller",
    "MALIBA-AI/bambara-asr-leaderboard",
    "parthb3/YouTube_Podcast_Summary",
    "TaiYouWeb/whisper-multi-model",
    "ZennyKenny/AudioTranscribe",
    "bochen0909/speech-to-speech-translation-audio-course",
    "devilent2/whisper-v3-zero-dev",
    "ardha27/VideoAnalyzer",
    "hchcsuim/Automatic-Speech-Recognition-Speech-to-Text",
    "Johnyquest7/medical-transcription-notes",
    "model-man/speech-to-speech-translation",
    "Bagus/speech-to-indonesian-translation",
    "invincible-jha/MentalHealthVocalBiomarkers",
    "mrmarkhf/raynos-ai-cpu",
    "ccarr0807/HuggingGPT",
    "theholycityweb/HuggingGPT",
    "awacke1/ASR-openai-whisper-base",
    "rohan13/Roar",
    "kn14/STT_CNN",
    "Alfasign/HuggingGPT-Lite",
    "giesAIexperiments/coursera-assistant-3d-printing-applications",
    "fisehara/openai-whisper-base",
    "agercas/speech-to-speech-translation",
    "Salama1429/speech-to-speech-translation",
    "saurshaz/HuggingGPT",
    "dariowsz/speech-to-speech-translation",
    "reach-vb/whisper_word_timestamps",
    "jamesyoung999/whisper_word_timestamps",
    "jjyaoao/speech-to-speech-translation-spanish",
    "eljandoubi/speech-to-speech-translation",
    "Sagicc/speech-to-speech-translation",
    "Gyufyjk/YouTube_Podcast_Summary",
    "kaanhho/speech-to-speech-translation",
    "gaetokk/speech-to-speech-translation",
    "RajkNakka/speech-to-speech-translation",
    "denis-kazakov/speech-to-speech-translation",
    "yuxiang1990/asr",
    "Anandbheesetti/Customer_query_chatbot",
    "AkshaySharma770/meeting-minute-generator-and-question-and-answer-chatbot",
    "tan-z-tan/speech_language_detection",
    "devilent2/whisper-v3-zero-canary",
    "MuhammadFarhan67/VoicetoVoiceCHAT",
    "PeepDaSlan9/HYDRAS_VoicetoVoiceCHAT",
    "GatinhoEducado/speech-to-speech-translation",
    "DHEIVER/Ultralearning",
    "JarvisOnSolana/Jarvis",
    "Ericboi229-gmx-co-uk/insanely-fast-whisper-webui",
    "Jwrockon/ArtemisAIWhisper",
    "Anupam007/RealTime-Meeting-Notes",
    "iisadia/KASOTI",
    "adarsh-maurya/ApnaLawyer",
    "adarsh-maurya/ApnaLawyer_v1",
    "vpsilvaa/chatbot_geologia",
    "pareek-joshtalksai/test-hindi-2",
    "Agents-MCP-Hackathon/The-Virtual-Stethoscope",
    "N566616/Gradio-Hackathon-Submission",
    "vikasmathur/ai-voice-generation",
    "Aurum79/Eloquence-Backend",
    "Schmitz005/Whalesong",
    "kavinraja/Multilingual-Speaker-Diarization-Role-Labeling",
    "chrisW6825/HuggingGPT",
    "Shenziqian/HuggingGPT",
    "lokutus/HuggingGPT",
    "mimiqiao/HuggingGPT",
    "tsgbalakarthik/HuggingGPT",
    "wowochkin/HuggingGPT",
    "Msp/HuggingGPT",
    "apgarmd/jarvis",
    "apgarmd/jarvis2",
    "ryan12439/HuggingGPTpub",
    "turbowed/HuggingGPT",
    "Chokyounghoon/HuggingGPT",
    "mukulnag/HuggingGPT1",
    "FANCHIYU/HuggingGPT",
    "Betacuckgpt/HuggingGPT",
    "cashqin/HuggingGPT",
    "lollo21/Will-GPT",
    "felixfriday/MICROSOFTT_JARVIS_HuggingGPT",
    "Meffordh/HuggingGPT",
    "Pfs2021Funny/HuggingGPT",
    "lugifudun/HuggingGPT",
    "irritablebro/HuggingGPT",
    "leadmaister/HuggingGPT",
    "pors/HuggingGPT",
    "keaneu/HuggingGPT",
    "MagKoz/HuggingGPT",
    "lzqfree/HuggingGPT"
  ],
  "createdAt": "2022-09-26T06:50:46.000Z",
  "safetensors": {
    "parameters": {
      "F32": 72593920
    },
    "total": 72593920
  },
  "usedStorage": 1849338719
}