{
  "_id": "63314e6a4bd187e9ce03f707",
  "id": "openai/whisper-medium.en",
  "private": false,
  "pipeline_tag": "automatic-speech-recognition",
  "library_name": "transformers",
  "tags": [
    "transformers",
    "pytorch",
    "tf",
    "jax",
    "safetensors",
    "whisper",
    "automatic-speech-recognition",
    "audio",
    "hf-asr-leaderboard",
    "en",
    "arxiv:2212.04356",
    "license:apache-2.0",
    "model-index",
    "endpoints_compatible",
    "region:us"
  ],
  "downloads": 38060,
  "likes": 57,
  "modelId": "openai/whisper-medium.en",
  "author": "openai",
  "sha": "2e98eb6279edf5095af0c8dedb36bdec0acd172b",
  "lastModified": "2024-01-22T17:55:36.000Z",
  "gated": false,
  "disabled": false,
  "widgetData": [
    {
      "example_title": "Librispeech sample 1",
      "src": "https://cdn-media.huggingface.co/speech_samples/sample1.flac"
    },
    {
      "example_title": "Librispeech sample 2",
      "src": "https://cdn-media.huggingface.co/speech_samples/sample2.flac"
    }
  ],
  "model-index": [
    {
      "name": "whisper-medium.en",
      "results": [
        {
          "task": {
            "name": "Automatic Speech Recognition",
            "type": "automatic-speech-recognition"
          },
          "dataset": {
            "name": "LibriSpeech (clean)",
            "type": "librispeech_asr",
            "config": "clean",
            "split": "test",
            "args": {
              "language": "en"
            }
          },
          "metrics": [
            {
              "name": "Test WER",
              "type": "wer",
              "value": 4.120542365210176,
              "verified": false
            }
          ]
        },
        {
          "task": {
            "name": "Automatic Speech Recognition",
            "type": "automatic-speech-recognition"
          },
          "dataset": {
            "name": "LibriSpeech (other)",
            "type": "librispeech_asr",
            "config": "other",
            "split": "test",
            "args": {
              "language": "en"
            }
          },
          "metrics": [
            {
              "name": "Test WER",
              "type": "wer",
              "value": 7.431640255663553,
              "verified": false
            }
          ]
        }
      ]
    }
  ],
  "config": {
    "architectures": [
      "WhisperForConditionalGeneration"
    ],
    "model_type": "whisper",
    "tokenizer_config": {
      "bos_token": {
        "__type": "AddedToken",
        "content": "<|endoftext|>",
        "lstrip": false,
        "normalized": true,
        "rstrip": false,
        "single_word": false
      },
      "eos_token": {
        "__type": "AddedToken",
        "content": "<|endoftext|>",
        "lstrip": false,
        "normalized": true,
        "rstrip": false,
        "single_word": false
      },
      "pad_token": null,
      "unk_token": {
        "__type": "AddedToken",
        "content": "<|endoftext|>",
        "lstrip": false,
        "normalized": true,
        "rstrip": false,
        "single_word": false
      }
    }
  },
  "cardData": {
    "language": [
      "en"
    ],
    "tags": [
      "audio",
      "automatic-speech-recognition",
      "hf-asr-leaderboard"
    ],
    "widget": [
      {
        "example_title": "Librispeech sample 1",
        "src": "https://cdn-media.huggingface.co/speech_samples/sample1.flac"
      },
      {
        "example_title": "Librispeech sample 2",
        "src": "https://cdn-media.huggingface.co/speech_samples/sample2.flac"
      }
    ],
    "model-index": [
      {
        "name": "whisper-medium.en",
        "results": [
          {
            "task": {
              "name": "Automatic Speech Recognition",
              "type": "automatic-speech-recognition"
            },
            "dataset": {
              "name": "LibriSpeech (clean)",
              "type": "librispeech_asr",
              "config": "clean",
              "split": "test",
              "args": {
                "language": "en"
              }
            },
            "metrics": [
              {
                "name": "Test WER",
                "type": "wer",
                "value": 4.120542365210176,
                "verified": false
              }
            ]
          },
          {
            "task": {
              "name": "Automatic Speech Recognition",
              "type": "automatic-speech-recognition"
            },
            "dataset": {
              "name": "LibriSpeech (other)",
              "type": "librispeech_asr",
              "config": "other",
              "split": "test",
              "args": {
                "language": "en"
              }
            },
            "metrics": [
              {
                "name": "Test WER",
                "type": "wer",
                "value": 7.431640255663553,
                "verified": false
              }
            ]
          }
        ]
      }
    ],
    "pipeline_tag": "automatic-speech-recognition",
    "license": "apache-2.0"
  },
  "transformersInfo": {
    "auto_model": "AutoModelForSpeechSeq2Seq",
    "pipeline_tag": "automatic-speech-recognition",
    "processor": "AutoProcessor"
  },
  "siblings": [
    {
      "rfilename": ".gitattributes"
    },
    {
      "rfilename": "README.md"
    },
    {
      "rfilename": "added_tokens.json"
    },
    {
      "rfilename": "config.json"
    },
    {
      "rfilename": "flax_model.msgpack"
    },
    {
      "rfilename": "generation_config.json"
    },
    {
      "rfilename": "merges.txt"
    },
    {
      "rfilename": "model.safetensors"
    },
    {
      "rfilename": "normalizer.json"
    },
    {
      "rfilename": "preprocessor_config.json"
    },
    {
      "rfilename": "pytorch_model.bin"
    },
    {
      "rfilename": "special_tokens_map.json"
    },
    {
      "rfilename": "tf_model.h5"
    },
    {
      "rfilename": "tokenizer.json"
    },
    {
      "rfilename": "tokenizer_config.json"
    },
    {
      "rfilename": "vocab.json"
    }
  ],
  "spaces": [
    "gobeldan/insanely-fast-whisper-webui",
    "innev/whisper-Base",
    "reedmayhew/insanely-fast-whisper-webui-zero",
    "wasertech/open_asr_leaderboard",
    "dac202/fsp-finder",
    "raphael-gl/ai-days-subtitles-demo",
    "ADOPLE/Screening-Assistant",
    "SahilJ2/VQA_Model",
    "Ericboi229-gmx-co-uk/insanely-fast-whisper-webui",
    "Jwrockon/ArtemisAIWhisper",
    "DaliaCaRo/APCorpusPhonetics",
    "Jordaar/openai-whisper-medium.en",
    "ericckfeng/whisper-Base-Clone",
    "civichacker/speechcast",
    "juliakaczor/accents_unplugged_whisper_medium_en",
    "DaliaCaRo/accents_unplugged_whisper_medium_en",
    "LottieW/accents_unplugged_whisper_medium_en",
    "livvie/accents_unplugged_whisper_medium_en",
    "alvinasvk/accents_unplugged_whisper_medium_en",
    "TelEl/accents_unplugged_whisper_medium_en",
    "Vickyage/accents_unplugged_whisper_medium_en",
    "akki2825/accents_unplugged_whisper_medium_en",
    "farzad77/openai-whisper-medium.en",
    "zivzhao/insanely-fast-whisper-webui",
    "kenilshah35/whisper-med",
    "MediPlusPlus/FINAL_VQA",
    "MediPlusPlus/VQA_Model_Original",
    "MediPlusPlus/VQA_new",
    "Jiaofeng/parakeet-ctc-0.6b",
    "gosha2602/insanely-fast-whisper-webui",
    "ThreadAbort/insanely-fast-whisper-webui",
    "AkshayaKeerthi/openai-whisper-medium",
    "NeuraFusionAI/WhisperFast",
    "1inkusFace/vicuna-clip",
    "KDM999/asr-multimodel-comparison",
    "hyungjoochae/Realtime-whisper-demo",
    "kennylim/agents_course_final_assignment",
    "MahdeenSky/insanely-fast-whisper-webui-zero",
    "fireedman/EKNA_V1",
    "euparth/translate-en-hi"
  ],
  "createdAt": "2022-09-26T07:02:02.000Z",
  "safetensors": {
    "parameters": {
      "F32": 763856896
    },
    "total": 763856896
  },
  "usedStorage": 18334632724
}