{
  "_id": "638e3b8c629b4d0a62cd6dcc",
  "id": "openai/whisper-large-v2",
  "private": false,
  "pipeline_tag": "automatic-speech-recognition",
  "library_name": "transformers",
  "tags": [
    "transformers",
    "pytorch",
    "tf",
    "jax",
    "safetensors",
    "whisper",
    "automatic-speech-recognition",
    "audio",
    "hf-asr-leaderboard",
    "en",
    "zh",
    "de",
    "es",
    "ru",
    "ko",
    "fr",
    "ja",
    "pt",
    "tr",
    "pl",
    "ca",
    "nl",
    "ar",
    "sv",
    "it",
    "id",
    "hi",
    "fi",
    "vi",
    "he",
    "uk",
    "el",
    "ms",
    "cs",
    "ro",
    "da",
    "hu",
    "ta",
    "no",
    "th",
    "ur",
    "hr",
    "bg",
    "lt",
    "la",
    "mi",
    "ml",
    "cy",
    "sk",
    "te",
    "fa",
    "lv",
    "bn",
    "sr",
    "az",
    "sl",
    "kn",
    "et",
    "mk",
    "br",
    "eu",
    "is",
    "hy",
    "ne",
    "mn",
    "bs",
    "kk",
    "sq",
    "sw",
    "gl",
    "mr",
    "pa",
    "si",
    "km",
    "sn",
    "yo",
    "so",
    "af",
    "oc",
    "ka",
    "be",
    "tg",
    "sd",
    "gu",
    "am",
    "yi",
    "lo",
    "uz",
    "fo",
    "ht",
    "ps",
    "tk",
    "nn",
    "mt",
    "sa",
    "lb",
    "my",
    "bo",
    "tl",
    "mg",
    "as",
    "tt",
    "haw",
    "ln",
    "ha",
    "ba",
    "jw",
    "su",
    "arxiv:2212.04356",
    "license:apache-2.0",
    "endpoints_compatible",
    "region:us"
  ],
  "downloads": 202073,
  "likes": 1758,
  "modelId": "openai/whisper-large-v2",
  "author": "openai",
  "sha": "ae4642769ce2ad8fc292556ccea8e901f1530655",
  "lastModified": "2024-02-29T10:57:50.000Z",
  "gated": false,
  "disabled": false,
  "widgetData": [
    {
      "example_title": "Librispeech sample 1",
      "src": "https://cdn-media.huggingface.co/speech_samples/sample1.flac"
    },
    {
      "example_title": "Librispeech sample 2",
      "src": "https://cdn-media.huggingface.co/speech_samples/sample2.flac"
    }
  ],
  "model-index": null,
  "config": {
    "architectures": [
      "WhisperForConditionalGeneration"
    ],
    "model_type": "whisper",
    "tokenizer_config": {
      "bos_token": "<|endoftext|>",
      "eos_token": "<|endoftext|>",
      "pad_token": "<|endoftext|>",
      "unk_token": "<|endoftext|>"
    }
  },
  "cardData": {
    "language": [
      "en",
      "zh",
      "de",
      "es",
      "ru",
      "ko",
      "fr",
      "ja",
      "pt",
      "tr",
      "pl",
      "ca",
      "nl",
      "ar",
      "sv",
      "it",
      "id",
      "hi",
      "fi",
      "vi",
      "he",
      "uk",
      "el",
      "ms",
      "cs",
      "ro",
      "da",
      "hu",
      "ta",
      "no",
      "th",
      "ur",
      "hr",
      "bg",
      "lt",
      "la",
      "mi",
      "ml",
      "cy",
      "sk",
      "te",
      "fa",
      "lv",
      "bn",
      "sr",
      "az",
      "sl",
      "kn",
      "et",
      "mk",
      "br",
      "eu",
      "is",
      "hy",
      "ne",
      "mn",
      "bs",
      "kk",
      "sq",
      "sw",
      "gl",
      "mr",
      "pa",
      "si",
      "km",
      "sn",
      "yo",
      "so",
      "af",
      "oc",
      "ka",
      "be",
      "tg",
      "sd",
      "gu",
      "am",
      "yi",
      "lo",
      "uz",
      "fo",
      "ht",
      "ps",
      "tk",
      "nn",
      "mt",
      "sa",
      "lb",
      "my",
      "bo",
      "tl",
      "mg",
      "as",
      "tt",
      "haw",
      "ln",
      "ha",
      "ba",
      "jw",
      "su"
    ],
    "tags": [
      "audio",
      "automatic-speech-recognition",
      "hf-asr-leaderboard"
    ],
    "widget": [
      {
        "example_title": "Librispeech sample 1",
        "src": "https://cdn-media.huggingface.co/speech_samples/sample1.flac"
      },
      {
        "example_title": "Librispeech sample 2",
        "src": "https://cdn-media.huggingface.co/speech_samples/sample2.flac"
      }
    ],
    "pipeline_tag": "automatic-speech-recognition",
    "license": "apache-2.0"
  },
  "transformersInfo": {
    "auto_model": "AutoModelForSpeechSeq2Seq",
    "pipeline_tag": "automatic-speech-recognition",
    "processor": "AutoProcessor"
  },
  "siblings": [
    {
      "rfilename": ".gitattributes"
    },
    {
      "rfilename": "README.md"
    },
    {
      "rfilename": "added_tokens.json"
    },
    {
      "rfilename": "config.json"
    },
    {
      "rfilename": "flax_model.msgpack"
    },
    {
      "rfilename": "generation_config.json"
    },
    {
      "rfilename": "merges.txt"
    },
    {
      "rfilename": "model.safetensors"
    },
    {
      "rfilename": "normalizer.json"
    },
    {
      "rfilename": "preprocessor_config.json"
    },
    {
      "rfilename": "pytorch_model.bin"
    },
    {
      "rfilename": "special_tokens_map.json"
    },
    {
      "rfilename": "tf_model.h5"
    },
    {
      "rfilename": "tokenizer.json"
    },
    {
      "rfilename": "tokenizer_config.json"
    },
    {
      "rfilename": "vocab.json"
    }
  ],
  "spaces": [
    "sanchit-gandhi/whisper-large-v2",
    "sanchit-gandhi/whisper-jax-spaces",
    "kadirnar/Audio-WebUI",
    "LinkSoul/LLaSM",
    "gobeldan/insanely-fast-whisper-webui",
    "cstr/transcribe_audio",
    "elmresearchcenter/open_universal_arabic_asr_leaderboard",
    "dinhhccs/Transcribe_Audio_Whisper",
    "argmaxinc/whisperkit-benchmarks",
    "NeuralInternet/Audio-to-Text_Playground",
    "distil-whisper/hallucination-analysis",
    "abidlabs/whisper-large-v2",
    "navidved/open_persian_asr_leaderboard",
    "innev/whisper-Base",
    "msalhab96/open_universal_arabic_asr_leaderboard_all",
    "UndueTarget/Audio-to-Text_Playground",
    "joaogante/assisted_generation_benchmarks",
    "Sandiago21/speech-to-speech-translation-german",
    "JavierGon12/retrAIced",
    "dineshb/Speech2Text",
    "sanchit-gandhi/whisper-language-id",
    "TaiYouWeb/whisper-multi-model",
    "argmaxinc/whisperkit-android-benchmarks",
    "Sandiago21/speech-to-speech-translation-italian",
    "Sandiago21/speech-to-speech-translation-greek-with-transcription",
    "Sandiago21/automatic-speech-recognition-spanish",
    "MechaXYZ/Audio-to-Text",
    "Nexus-Community/nexus-main",
    "vindemiatrix/Vindemiatrix-Video-Total-Dub-Lipsync",
    "hchcsuim/Automatic-Speech-Recognition-Speech-to-Text",
    "Johnyquest7/medical-transcription-notes",
    "satozen/openai-whisper-large-v2",
    "Sandiago21/automatic-speech-recognition-italian",
    "wasertech/open_asr_leaderboard",
    "KleinPenny/Exodia",
    "logeshnusic/transcribe_audio",
    "lewisrxliu/3.3",
    "Jerseyborn/openai-whisper-large-v2",
    "pashas/openai-whisper-large-v2",
    "MatzeFix/openai-whisper-large-v2",
    "Aashir01/Live_Transcription",
    "Sandiago21/automatic-speech-recognition-greek",
    "Sandiago21/speech-to-speech-translation-greek",
    "dariowsz/speech-to-speech-translation",
    "DrBenjamin/AI_Demo",
    "Sandiago21/speech-to-speech-translation-spanish",
    "reach-vb/whisper_word_timestamps",
    "Anitha0531/SpeechtoText",
    "Sandiago21/automatic-speech-recognition-german",
    "Sandiago21/automatic-speech-recognition-french",
    "SocialGouv/speech-to-speech-translation-french",
    "Sandiago21/speech-to-speech-translation-german-2",
    "Achyuth4/audio-transcriber",
    "pourmand1376/whisper-large-v2",
    "vinoliu/openai-whisper-large-v2",
    "PeepDaSlan9/B2BMGMT_gen-ai-multimodel-fun",
    "Hyeonsieun/Audio-to-LaTeX",
    "zongxiao/speech-to-speech",
    "dlmn/BHASHAVANI",
    "yellowcandle/whisper-v3-gradio",
    "justus-tobias/ASR_Model_Comparison",
    "Ericboi229-gmx-co-uk/insanely-fast-whisper-webui",
    "Jwrockon/ArtemisAIWhisper",
    "Kremon96/whisper-large-v2",
    "pareek-joshtalksai/test-hindi-2",
    "drclab/ASR",
    "RustX/whisper_app",
    "salmanmapkar/chatGPT_voice",
    "lewisrxliu/3.2",
    "Narsil/hf_transfer_showcase",
    "woopeixin/openai-whisper-large-v2",
    "AiPalsDev/Unique-whisper-large-v2",
    "Olmec/saylss",
    "yoheimuta/whisper-large-v2",
    "drpvsljagadamba/A18project",
    "AI-DHD/chatGPT_voice",
    "gazagoal/openai-whisper-large-v2",
    "gova/openai-whisper-large-v2",
    "Nikhil123n/openai-whisper-large-v2",
    "dalist/gjergji",
    "salmanmapkar/ChatGPT-Voice",
    "Sindhura83/STT",
    "braindad/openai-whisper-large-v2",
    "dotphraise/whisperlarge",
    "a5r0n/whisper-large-v2",
    "Nikch/openai-whisper-large-v2",
    "deadpool007/mywhisper",
    "wrldreform/openai-whisper-large-v2",
    "DIYAapp/openai-whisper-large-v2",
    "davidgomez01/openai-whisper-large-v2",
    "kjartanw/openai-whisper-large-v2",
    "zhangs2022/openai-whisper-large-v2",
    "aodianyun/whisper-jax",
    "siddhikasriram/openai-whisper-large-v2",
    "deadpool007/whisper-large-v2",
    "govisi/openai-whisper-large-v2",
    "beau10/openai-whisper-large-v2",
    "Zauberzwerg/openai-whisper-large-v2-test",
    "yajun06/openai-whisper-large-v2",
    "nanowell/Whisper-Speaks-Transcribe-Audio-and-Voice-Conversion"
  ],
  "createdAt": "2022-12-05T18:42:20.000Z",
  "safetensors": {
    "parameters": {
      "F32": 1543304960
    },
    "total": 1543304960
  },
  "usedStorage": 47030655528
}