{
  "items": [
    {
      "_id": "65b4899ffec79c74458f216a",
      "id": "LargeWorldModel/LWM-Text-128K",
      "likes": 1,
      "trendingScore": 0,
      "private": false,
      "downloads": 9,
      "tags": [
        "transformers",
        "pytorch",
        "llama",
        "text-generation",
        "autotrain_compatible",
        "text-generation-inference",
        "region:us"
      ],
      "pipeline_tag": "text-generation",
      "library_name": "transformers",
      "createdAt": "2024-01-27T04:42:07.000Z",
      "modelId": "LargeWorldModel/LWM-Text-128K"
    },
    {
      "_id": "65b4978af41c8375b3e64832",
      "id": "LargeWorldModel/LWM-Text-1M",
      "likes": 29,
      "trendingScore": 0,
      "private": false,
      "downloads": 827,
      "tags": [
        "transformers",
        "pytorch",
        "llama",
        "text-generation",
        "autotrain_compatible",
        "text-generation-inference",
        "region:us"
      ],
      "pipeline_tag": "text-generation",
      "library_name": "transformers",
      "createdAt": "2024-01-27T05:41:30.000Z",
      "modelId": "LargeWorldModel/LWM-Text-1M"
    },
    {
      "_id": "65c30e8166c09b58a36a38ed",
      "id": "LargeWorldModel/LWM-Text-32K",
      "likes": 2,
      "trendingScore": 0,
      "private": false,
      "downloads": 8,
      "tags": [
        "transformers",
        "pytorch",
        "llama",
        "text-generation",
        "autotrain_compatible",
        "text-generation-inference",
        "region:us"
      ],
      "pipeline_tag": "text-generation",
      "library_name": "transformers",
      "createdAt": "2024-02-07T05:00:49.000Z",
      "modelId": "LargeWorldModel/LWM-Text-32K"
    },
    {
      "_id": "65c30e97047c54295abeb5ee",
      "id": "LargeWorldModel/LWM-Text-256K",
      "likes": 3,
      "trendingScore": 0,
      "private": false,
      "downloads": 8,
      "tags": [
        "transformers",
        "pytorch",
        "llama",
        "text-generation",
        "autotrain_compatible",
        "text-generation-inference",
        "region:us"
      ],
      "pipeline_tag": "text-generation",
      "library_name": "transformers",
      "createdAt": "2024-02-07T05:01:11.000Z",
      "modelId": "LargeWorldModel/LWM-Text-256K"
    },
    {
      "_id": "65c30ea571829ecd883b26e1",
      "id": "LargeWorldModel/LWM-Text-512K",
      "likes": 2,
      "trendingScore": 0,
      "private": false,
      "downloads": 9,
      "tags": [
        "transformers",
        "pytorch",
        "llama",
        "text-generation",
        "autotrain_compatible",
        "text-generation-inference",
        "region:us"
      ],
      "pipeline_tag": "text-generation",
      "library_name": "transformers",
      "createdAt": "2024-02-07T05:01:25.000Z",
      "modelId": "LargeWorldModel/LWM-Text-512K"
    },
    {
      "_id": "65c316a1bb402b55163d0a6a",
      "id": "LargeWorldModel/LWM-Text-Chat-128K",
      "likes": 20,
      "trendingScore": 0,
      "private": false,
      "downloads": 9,
      "tags": [
        "transformers",
        "pytorch",
        "llama",
        "text-generation",
        "autotrain_compatible",
        "text-generation-inference",
        "region:us"
      ],
      "pipeline_tag": "text-generation",
      "library_name": "transformers",
      "createdAt": "2024-02-07T05:35:29.000Z",
      "modelId": "LargeWorldModel/LWM-Text-Chat-128K"
    },
    {
      "_id": "65c316b0c34bac6e4e344cfa",
      "id": "LargeWorldModel/LWM-Text-Chat-256K",
      "likes": 3,
      "trendingScore": 0,
      "private": false,
      "downloads": 9,
      "tags": [
        "transformers",
        "pytorch",
        "llama",
        "text-generation",
        "autotrain_compatible",
        "text-generation-inference",
        "region:us"
      ],
      "pipeline_tag": "text-generation",
      "library_name": "transformers",
      "createdAt": "2024-02-07T05:35:44.000Z",
      "modelId": "LargeWorldModel/LWM-Text-Chat-256K"
    },
    {
      "_id": "65c316c7bb402b55163d10f2",
      "id": "LargeWorldModel/LWM-Text-Chat-512K",
      "likes": 2,
      "trendingScore": 0,
      "private": false,
      "downloads": 7,
      "tags": [
        "transformers",
        "pytorch",
        "llama",
        "text-generation",
        "autotrain_compatible",
        "text-generation-inference",
        "region:us"
      ],
      "pipeline_tag": "text-generation",
      "library_name": "transformers",
      "createdAt": "2024-02-07T05:36:07.000Z",
      "modelId": "LargeWorldModel/LWM-Text-Chat-512K"
    },
    {
      "_id": "65c316d3b911dda8cb6fadad",
      "id": "LargeWorldModel/LWM-Text-Chat-1M",
      "likes": 174,
      "trendingScore": 0,
      "private": false,
      "downloads": 2056,
      "tags": [
        "transformers",
        "pytorch",
        "llama",
        "text-generation",
        "autotrain_compatible",
        "text-generation-inference",
        "region:us"
      ],
      "pipeline_tag": "text-generation",
      "library_name": "transformers",
      "createdAt": "2024-02-07T05:36:19.000Z",
      "modelId": "LargeWorldModel/LWM-Text-Chat-1M"
    },
    {
      "_id": "65c7e226cc3b994a7b2f6915",
      "id": "LargeWorldModel/LWM-Chat-32K-Jax",
      "likes": 11,
      "trendingScore": 0,
      "private": false,
      "downloads": 0,
      "tags": [
        "region:us"
      ],
      "createdAt": "2024-02-10T20:52:54.000Z",
      "modelId": "LargeWorldModel/LWM-Chat-32K-Jax"
    },
    {
      "_id": "65c7e22faa57838cfd50833d",
      "id": "LargeWorldModel/LWM-Chat-128K-Jax",
      "likes": 3,
      "trendingScore": 0,
      "private": false,
      "downloads": 0,
      "tags": [
        "region:us"
      ],
      "createdAt": "2024-02-10T20:53:03.000Z",
      "modelId": "LargeWorldModel/LWM-Chat-128K-Jax"
    },
    {
      "_id": "65c7e23744ef601c1ea66e45",
      "id": "LargeWorldModel/LWM-Chat-1M-Jax",
      "likes": 125,
      "trendingScore": 0,
      "private": false,
      "downloads": 0,
      "tags": [
        "region:us"
      ],
      "createdAt": "2024-02-10T20:53:11.000Z",
      "modelId": "LargeWorldModel/LWM-Chat-1M-Jax"
    },
    {
      "_id": "65c895a72866c438e42921e2",
      "id": "LargeWorldModel/LWM-Text-1M-Jax",
      "likes": 6,
      "trendingScore": 0,
      "private": false,
      "downloads": 0,
      "tags": [
        "region:us"
      ],
      "createdAt": "2024-02-11T09:38:47.000Z",
      "modelId": "LargeWorldModel/LWM-Text-1M-Jax"
    },
    {
      "_id": "65c895adfdfcd887da2dc1d4",
      "id": "LargeWorldModel/LWM-Text-512K-Jax",
      "likes": 1,
      "trendingScore": 0,
      "private": false,
      "downloads": 0,
      "tags": [
        "region:us"
      ],
      "createdAt": "2024-02-11T09:38:53.000Z",
      "modelId": "LargeWorldModel/LWM-Text-512K-Jax"
    },
    {
      "_id": "65c895b2fdfcd887da2dc2d0",
      "id": "LargeWorldModel/LWM-Text-256K-Jax",
      "likes": 1,
      "trendingScore": 0,
      "private": false,
      "downloads": 0,
      "tags": [
        "region:us"
      ],
      "createdAt": "2024-02-11T09:38:58.000Z",
      "modelId": "LargeWorldModel/LWM-Text-256K-Jax"
    },
    {
      "_id": "65c895b6957afc29ce69bf4e",
      "id": "LargeWorldModel/LWM-Text-128K-Jax",
      "likes": 1,
      "trendingScore": 0,
      "private": false,
      "downloads": 0,
      "tags": [
        "region:us"
      ],
      "createdAt": "2024-02-11T09:39:02.000Z",
      "modelId": "LargeWorldModel/LWM-Text-128K-Jax"
    },
    {
      "_id": "65c895bbfe3148b9182eb772",
      "id": "LargeWorldModel/LWM-Text-32K-Jax",
      "likes": 0,
      "trendingScore": 0,
      "private": false,
      "downloads": 0,
      "tags": [
        "region:us"
      ],
      "createdAt": "2024-02-11T09:39:07.000Z",
      "modelId": "LargeWorldModel/LWM-Text-32K-Jax"
    },
    {
      "_id": "65c895c397971388a5b98969",
      "id": "LargeWorldModel/LWM-Text-Chat-128K-Jax",
      "likes": 0,
      "trendingScore": 0,
      "private": false,
      "downloads": 0,
      "tags": [
        "region:us"
      ],
      "createdAt": "2024-02-11T09:39:15.000Z",
      "modelId": "LargeWorldModel/LWM-Text-Chat-128K-Jax"
    },
    {
      "_id": "65c895c8957afc29ce69c247",
      "id": "LargeWorldModel/LWM-Text-Chat-256K-Jax",
      "likes": 2,
      "trendingScore": 0,
      "private": false,
      "downloads": 0,
      "tags": [
        "region:us"
      ],
      "createdAt": "2024-02-11T09:39:20.000Z",
      "modelId": "LargeWorldModel/LWM-Text-Chat-256K-Jax"
    },
    {
      "_id": "65c895cceeee193d958b4106",
      "id": "LargeWorldModel/LWM-Text-Chat-512K-Jax",
      "likes": 1,
      "trendingScore": 0,
      "private": false,
      "downloads": 0,
      "tags": [
        "region:us"
      ],
      "createdAt": "2024-02-11T09:39:24.000Z",
      "modelId": "LargeWorldModel/LWM-Text-Chat-512K-Jax"
    },
    {
      "_id": "65c895d1ebd0dff4bda33f05",
      "id": "LargeWorldModel/LWM-Text-Chat-1M-Jax",
      "likes": 13,
      "trendingScore": 0,
      "private": false,
      "downloads": 0,
      "tags": [
        "region:us"
      ],
      "createdAt": "2024-02-11T09:39:29.000Z",
      "modelId": "LargeWorldModel/LWM-Text-Chat-1M-Jax"
    },
    {
      "_id": "65cc418fb1180bb70b5f47d7",
      "id": "brucethemoose/LargeWorldModel_LWM-Text-Chat-128K-55bpw",
      "likes": 3,
      "trendingScore": 0,
      "private": false,
      "downloads": 2,
      "tags": [
        "transformers",
        "safetensors",
        "llama",
        "text-generation",
        "autotrain_compatible",
        "text-generation-inference",
        "region:us"
      ],
      "pipeline_tag": "text-generation",
      "library_name": "transformers",
      "createdAt": "2024-02-14T04:29:03.000Z",
      "modelId": "brucethemoose/LargeWorldModel_LWM-Text-Chat-128K-55bpw"
    },
    {
      "_id": "670372d670f87d7bf050e81f",
      "id": "LargeWorldModel/ElasticTok-FSQ",
      "likes": 2,
      "trendingScore": 0,
      "private": false,
      "downloads": 0,
      "tags": [
        "license:apache-2.0",
        "region:us"
      ],
      "createdAt": "2024-10-07T05:34:14.000Z",
      "modelId": "LargeWorldModel/ElasticTok-FSQ"
    },
    {
      "_id": "670372f016ec85def8a84601",
      "id": "LargeWorldModel/ElasticTok-VAE",
      "likes": 2,
      "trendingScore": 0,
      "private": false,
      "downloads": 0,
      "tags": [
        "license:apache-2.0",
        "region:us"
      ],
      "createdAt": "2024-10-07T05:34:40.000Z",
      "modelId": "LargeWorldModel/ElasticTok-VAE"
    },
    {
      "_id": "671e7f8b1b8c939a4b26e583",
      "id": "DevQuasar/LargeWorldModel.LWM-Text-1M-GGUF",
      "likes": 0,
      "trendingScore": 0,
      "private": false,
      "downloads": 7,
      "tags": [
        "gguf",
        "text-generation",
        "base_model:LargeWorldModel/LWM-Text-1M",
        "base_model:quantized:LargeWorldModel/LWM-Text-1M",
        "endpoints_compatible",
        "region:us"
      ],
      "pipeline_tag": "text-generation",
      "createdAt": "2024-10-27T17:59:39.000Z",
      "modelId": "DevQuasar/LargeWorldModel.LWM-Text-1M-GGUF"
    },
    {
      "_id": "67c0b915fc49d5bc876a21f8",
      "id": "PrunaAI/LargeWorldModel-LWM-Text-Chat-1M-HQQ-4bit-smashed",
      "likes": 0,
      "trendingScore": 0,
      "private": false,
      "downloads": 4,
      "tags": [
        "llama",
        "pruna-ai",
        "hqq",
        "region:us"
      ],
      "createdAt": "2025-02-27T19:12:21.000Z",
      "modelId": "PrunaAI/LargeWorldModel-LWM-Text-Chat-1M-HQQ-4bit-smashed"
    }
  ]
}