{
  "items": [
    {
      "_id": "623d93ccdcc4c1fcf81f8679",
      "id": "Jezia/pytorch-pretrained-BigGAN",
      "likes": 2,
      "trendingScore": 0,
      "private": false,
      "downloads": 0,
      "tags": [
        "pytorch",
        "biggan",
        "dataset:ImageNet",
        "license:apache-2.0",
        "region:us"
      ],
      "library_name": "pytorch",
      "createdAt": "2022-03-25T10:05:00.000Z",
      "modelId": "Jezia/pytorch-pretrained-BigGAN"
    },
    {
      "_id": "66b36788785fc670abff44f9",
      "id": "xingguang167/pytorch_pretrained_model",
      "likes": 0,
      "trendingScore": 0,
      "private": false,
      "downloads": 0,
      "tags": [
        "license:other",
        "region:us"
      ],
      "createdAt": "2024-08-07T12:24:40.000Z",
      "modelId": "xingguang167/pytorch_pretrained_model"
    }
  ]
}