{
  "items": [
    {
      "_id": "621ffdc136468d709f17df13",
      "id": "microsoft/trocr-large-printed",
      "likes": 169,
      "trendingScore": 1,
      "private": false,
      "downloads": 153391,
      "tags": [
        "transformers",
        "pytorch",
        "safetensors",
        "vision-encoder-decoder",
        "image-to-text",
        "trocr",
        "arxiv:2109.10282",
        "endpoints_compatible",
        "region:us"
      ],
      "pipeline_tag": "image-to-text",
      "library_name": "transformers",
      "createdAt": "2022-03-02T23:29:05.000Z",
      "modelId": "microsoft/trocr-large-printed"
    },
    {
      "_id": "621ffdc136468d709f17df12",
      "id": "microsoft/trocr-large-handwritten",
      "likes": 127,
      "trendingScore": 0,
      "private": false,
      "downloads": 24894,
      "tags": [
        "transformers",
        "pytorch",
        "vision-encoder-decoder",
        "image-to-text",
        "trocr",
        "arxiv:2109.10282",
        "endpoints_compatible",
        "region:us"
      ],
      "pipeline_tag": "image-to-text",
      "library_name": "transformers",
      "createdAt": "2022-03-02T23:29:05.000Z",
      "modelId": "microsoft/trocr-large-handwritten"
    },
    {
      "_id": "621ffdc136468d709f17df14",
      "id": "microsoft/trocr-large-stage1",
      "likes": 25,
      "trendingScore": 0,
      "private": false,
      "downloads": 12151,
      "tags": [
        "transformers",
        "pytorch",
        "safetensors",
        "vision-encoder-decoder",
        "image-to-text",
        "trocr",
        "arxiv:2109.10282",
        "endpoints_compatible",
        "region:us"
      ],
      "pipeline_tag": "image-to-text",
      "library_name": "transformers",
      "createdAt": "2022-03-02T23:29:05.000Z",
      "modelId": "microsoft/trocr-large-stage1"
    },
    {
      "_id": "6319b68c8b8425c8fe62df1a",
      "id": "microsoft/trocr-large-str",
      "likes": 17,
      "trendingScore": 0,
      "private": false,
      "downloads": 384,
      "tags": [
        "transformers",
        "pytorch",
        "vision-encoder-decoder",
        "image-to-text",
        "trocr",
        "arxiv:2109.10282",
        "endpoints_compatible",
        "region:us"
      ],
      "pipeline_tag": "image-to-text",
      "library_name": "transformers",
      "createdAt": "2022-09-08T09:31:56.000Z",
      "modelId": "microsoft/trocr-large-str"
    }
  ]
}