{
  "items": [
    {
      "_id": "63526d7c7e4cc3135fd0f17c",
      "id": "google/flan-t5-small",
      "likes": 412,
      "trendingScore": 5,
      "private": false,
      "downloads": 478970,
      "tags": [
        "transformers",
        "pytorch",
        "tf",
        "jax",
        "safetensors",
        "t5",
        "text2text-generation",
        "en",
        "fr",
        "ro",
        "de",
        "multilingual",
        "dataset:svakulenk0/qrecc",
        "dataset:taskmaster2",
        "dataset:djaym7/wiki_dialog",
        "dataset:deepmind/code_contests",
        "dataset:lambada",
        "dataset:gsm8k",
        "dataset:aqua_rat",
        "dataset:esnli",
        "dataset:quasc",
        "dataset:qed",
        "arxiv:2210.11416",
        "arxiv:1910.09700",
        "license:apache-2.0",
        "text-generation-inference",
        "endpoints_compatible",
        "region:us"
      ],
      "library_name": "transformers",
      "createdAt": "2022-10-21T09:59:24.000Z",
      "modelId": "google/flan-t5-small"
    },
    {
      "_id": "63531e403199c2612ec4dd3a",
      "id": "dslack/t5-flan-small",
      "likes": 0,
      "trendingScore": 0,
      "private": false,
      "downloads": 2,
      "tags": [
        "transformers",
        "pytorch",
        "t5",
        "text2text-generation",
        "text-generation-inference",
        "endpoints_compatible",
        "region:us"
      ],
      "library_name": "transformers",
      "createdAt": "2022-10-21T22:33:36.000Z",
      "modelId": "dslack/t5-flan-small"
    },
    {
      "_id": "635ec837a81c7f7424a32584",
      "id": "stochastic/flan-t5-small-finetuned-en-to-ro",
      "likes": 0,
      "trendingScore": 0,
      "private": false,
      "downloads": 0,
      "tags": [
        "region:us"
      ],
      "createdAt": "2022-10-30T18:53:43.000Z",
      "modelId": "stochastic/flan-t5-small-finetuned-en-to-ro"
    },
    {
      "_id": "635f2cad0ddaddda0951a931",
      "id": "stochastic/flan-t5-small-finetuned",
      "likes": 0,
      "trendingScore": 0,
      "private": false,
      "downloads": 2,
      "tags": [
        "transformers",
        "pytorch",
        "t5",
        "text2text-generation",
        "text-generation-inference",
        "endpoints_compatible",
        "region:us"
      ],
      "library_name": "transformers",
      "createdAt": "2022-10-31T02:02:21.000Z",
      "modelId": "stochastic/flan-t5-small-finetuned"
    },
    {
      "_id": "6385b051988cb440e7cc1076",
      "id": "Takshshila/flan-t5-small-finetuned-xsum",
      "likes": 0,
      "trendingScore": 0,
      "private": false,
      "downloads": 0,
      "tags": [
        "region:us"
      ],
      "createdAt": "2022-11-29T07:10:09.000Z",
      "modelId": "Takshshila/flan-t5-small-finetuned-xsum"
    },
    {
      "_id": "638a17661e01c7c3979f562f",
      "id": "navjordj/flan-t5-small_en-no",
      "likes": 0,
      "trendingScore": 0,
      "private": false,
      "downloads": 1,
      "tags": [
        "transformers",
        "pytorch",
        "t5",
        "text2text-generation",
        "generated_from_trainer",
        "en",
        "no",
        "dataset:bible_para",
        "license:apache-2.0",
        "model-index",
        "text-generation-inference",
        "endpoints_compatible",
        "region:us"
      ],
      "library_name": "transformers",
      "createdAt": "2022-12-02T15:19:02.000Z",
      "modelId": "navjordj/flan-t5-small_en-no"
    },
    {
      "_id": "6392cfeab52544b7326c8797",
      "id": "shreyasharma/flan-t5-small",
      "likes": 0,
      "trendingScore": 0,
      "private": false,
      "downloads": 0,
      "tags": [
        "region:us"
      ],
      "createdAt": "2022-12-09T06:04:26.000Z",
      "modelId": "shreyasharma/flan-t5-small"
    },
    {
      "_id": "6393322af8b4767ae64689cd",
      "id": "shreyasharma/flant5-small-aa",
      "likes": 0,
      "trendingScore": 0,
      "private": false,
      "downloads": 0,
      "tags": [
        "region:us"
      ],
      "createdAt": "2022-12-09T13:03:38.000Z",
      "modelId": "shreyasharma/flant5-small-aa"
    },
    {
      "_id": "63939d1908a3cd68d704470e",
      "id": "shreyasharma/flant5-smallret-aa",
      "likes": 0,
      "trendingScore": 0,
      "private": false,
      "downloads": 0,
      "tags": [
        "region:us"
      ],
      "createdAt": "2022-12-09T20:39:53.000Z",
      "modelId": "shreyasharma/flant5-smallret-aa"
    },
    {
      "_id": "639cd97f24af4747d8c71849",
      "id": "jtlicardo/flan-t5-small-coref",
      "likes": 1,
      "trendingScore": 0,
      "private": false,
      "downloads": 4,
      "tags": [
        "transformers",
        "pytorch",
        "tensorboard",
        "safetensors",
        "t5",
        "text2text-generation",
        "generated_from_trainer",
        "dataset:winograd_wsc",
        "base_model:google/flan-t5-small",
        "base_model:finetune:google/flan-t5-small",
        "license:apache-2.0",
        "model-index",
        "text-generation-inference",
        "endpoints_compatible",
        "region:us"
      ],
      "library_name": "transformers",
      "createdAt": "2022-12-16T20:47:59.000Z",
      "modelId": "jtlicardo/flan-t5-small-coref"
    },
    {
      "_id": "63b0141f61c6eafc319fb319",
      "id": "mrm8488/flan-t5-small-finetuned-samsum",
      "likes": 1,
      "trendingScore": 0,
      "private": false,
      "downloads": 5,
      "tags": [
        "transformers",
        "pytorch",
        "tensorboard",
        "safetensors",
        "t5",
        "text2text-generation",
        "license:wtfpl",
        "text-generation-inference",
        "endpoints_compatible",
        "region:us"
      ],
      "library_name": "transformers",
      "createdAt": "2022-12-31T10:51:11.000Z",
      "modelId": "mrm8488/flan-t5-small-finetuned-samsum"
    },
    {
      "_id": "63b47a78a25dd8a860b305e5",
      "id": "mrm8488/flan-t5-small-common_gen",
      "likes": 0,
      "trendingScore": 0,
      "private": false,
      "downloads": 1,
      "tags": [
        "transformers",
        "pytorch",
        "tensorboard",
        "t5",
        "text2text-generation",
        "text-generation-inference",
        "endpoints_compatible",
        "region:us"
      ],
      "library_name": "transformers",
      "createdAt": "2023-01-03T18:56:56.000Z",
      "modelId": "mrm8488/flan-t5-small-common_gen"
    },
    {
      "_id": "63b4911ba74bd39bf1f2e0e6",
      "id": "mrm8488/flan-t5-small-finetuned-openai-summarize_from_feedback",
      "likes": 9,
      "trendingScore": 0,
      "private": false,
      "downloads": 26,
      "tags": [
        "transformers",
        "pytorch",
        "tensorboard",
        "t5",
        "text2text-generation",
        "generated_from_trainer",
        "dataset:summarize_from_feedback",
        "license:apache-2.0",
        "model-index",
        "text-generation-inference",
        "endpoints_compatible",
        "region:us"
      ],
      "library_name": "transformers",
      "createdAt": "2023-01-03T20:33:31.000Z",
      "modelId": "mrm8488/flan-t5-small-finetuned-openai-summarize_from_feedback"
    },
    {
      "_id": "63c037e4552b2e8b55235b1e",
      "id": "iliemihai/demo-flan-t5-small-8bit",
      "likes": 0,
      "trendingScore": 0,
      "private": false,
      "downloads": 2,
      "tags": [
        "transformers",
        "pytorch",
        "t5",
        "text2text-generation",
        "text-generation-inference",
        "endpoints_compatible",
        "region:us"
      ],
      "library_name": "transformers",
      "createdAt": "2023-01-12T16:40:04.000Z",
      "modelId": "iliemihai/demo-flan-t5-small-8bit"
    },
    {
      "_id": "63d819545ccb2bccedba2a75",
      "id": "epinnock/flan-t5-small-samsum",
      "likes": 0,
      "trendingScore": 0,
      "private": false,
      "downloads": 1,
      "tags": [
        "transformers",
        "pytorch",
        "tensorboard",
        "t5",
        "text2text-generation",
        "generated_from_trainer",
        "dataset:samsum",
        "license:apache-2.0",
        "text-generation-inference",
        "endpoints_compatible",
        "region:us"
      ],
      "library_name": "transformers",
      "createdAt": "2023-01-30T19:24:04.000Z",
      "modelId": "epinnock/flan-t5-small-samsum"
    },
    {
      "_id": "63d8aaa69df3238d8957705b",
      "id": "epinnock/flan-t5-small-codeparrot-xlcost-text-to-code",
      "likes": 0,
      "trendingScore": 0,
      "private": false,
      "downloads": 1,
      "tags": [
        "transformers",
        "pytorch",
        "tensorboard",
        "t5",
        "text2text-generation",
        "generated_from_trainer",
        "dataset:xlcost-text-to-code",
        "text-generation-inference",
        "endpoints_compatible",
        "region:us"
      ],
      "library_name": "transformers",
      "createdAt": "2023-01-31T05:44:06.000Z",
      "modelId": "epinnock/flan-t5-small-codeparrot-xlcost-text-to-code"
    },
    {
      "_id": "63e219201c0d033a0f99d616",
      "id": "Kelum/Flan_T5_small_section_32_QnA",
      "likes": 0,
      "trendingScore": 0,
      "private": false,
      "downloads": 1,
      "tags": [
        "transformers",
        "pytorch",
        "t5",
        "text2text-generation",
        "text-generation-inference",
        "endpoints_compatible",
        "region:us"
      ],
      "library_name": "transformers",
      "createdAt": "2023-02-07T09:25:52.000Z",
      "modelId": "Kelum/Flan_T5_small_section_32_QnA"
    },
    {
      "_id": "63e5460d3afbf4f1897c98a1",
      "id": "lmqg/flan-t5-small-squad-qg",
      "likes": 1,
      "trendingScore": 0,
      "private": false,
      "downloads": 1,
      "tags": [
        "transformers",
        "pytorch",
        "t5",
        "text2text-generation",
        "question generation",
        "en",
        "dataset:lmqg/qg_squad",
        "arxiv:2210.03992",
        "license:cc-by-4.0",
        "model-index",
        "text-generation-inference",
        "endpoints_compatible",
        "region:us"
      ],
      "pipeline_tag": "text-generation",
      "library_name": "transformers",
      "createdAt": "2023-02-09T19:14:21.000Z",
      "modelId": "lmqg/flan-t5-small-squad-qg"
    },
    {
      "_id": "63e546313afbf4f1897c9ff9",
      "id": "lmqg/flan-t5-small-squad-ae",
      "likes": 0,
      "trendingScore": 0,
      "private": false,
      "downloads": 1,
      "tags": [
        "transformers",
        "pytorch",
        "t5",
        "text2text-generation",
        "answer extraction",
        "en",
        "dataset:lmqg/qg_squad",
        "arxiv:2210.03992",
        "license:cc-by-4.0",
        "model-index",
        "text-generation-inference",
        "endpoints_compatible",
        "region:us"
      ],
      "pipeline_tag": "text-generation",
      "library_name": "transformers",
      "createdAt": "2023-02-09T19:14:57.000Z",
      "modelId": "lmqg/flan-t5-small-squad-ae"
    },
    {
      "_id": "63e60dcd70fa0ed02a447e2b",
      "id": "BlackKakapo/flan-t5-small-ro",
      "likes": 3,
      "trendingScore": 0,
      "private": false,
      "downloads": 3,
      "tags": [
        "transformers",
        "pytorch",
        "safetensors",
        "t5",
        "text2text-generation",
        "ro",
        "license:apache-2.0",
        "text-generation-inference",
        "endpoints_compatible",
        "region:us"
      ],
      "library_name": "transformers",
      "createdAt": "2023-02-10T09:26:37.000Z",
      "modelId": "BlackKakapo/flan-t5-small-ro"
    },
    {
      "_id": "63e64d8926fa42e117f19b31",
      "id": "lmqg/flan-t5-small-squad-qg-ae",
      "likes": 0,
      "trendingScore": 0,
      "private": false,
      "downloads": 1,
      "tags": [
        "transformers",
        "pytorch",
        "t5",
        "text2text-generation",
        "question generation",
        "answer extraction",
        "en",
        "dataset:lmqg/qg_squad",
        "arxiv:2210.03992",
        "license:cc-by-4.0",
        "model-index",
        "text-generation-inference",
        "endpoints_compatible",
        "region:us"
      ],
      "pipeline_tag": "text-generation",
      "library_name": "transformers",
      "createdAt": "2023-02-10T13:58:33.000Z",
      "modelId": "lmqg/flan-t5-small-squad-qg-ae"
    },
    {
      "_id": "63e6a2bd5c3664766ed0fc3d",
      "id": "lmqg/flan-t5-small-squad-qag",
      "likes": 0,
      "trendingScore": 0,
      "private": false,
      "downloads": 0,
      "tags": [
        "transformers",
        "pytorch",
        "t5",
        "text2text-generation",
        "questions and answers generation",
        "en",
        "dataset:lmqg/qag_squad",
        "arxiv:2210.03992",
        "license:cc-by-4.0",
        "model-index",
        "text-generation-inference",
        "endpoints_compatible",
        "region:us"
      ],
      "pipeline_tag": "text-generation",
      "library_name": "transformers",
      "createdAt": "2023-02-10T20:02:05.000Z",
      "modelId": "lmqg/flan-t5-small-squad-qag"
    },
    {
      "_id": "63e8e787902268f7b18b3a27",
      "id": "spacemanidol/flan-t5-small-cnndm",
      "likes": 2,
      "trendingScore": 0,
      "private": false,
      "downloads": 1,
      "tags": [
        "transformers",
        "pytorch",
        "t5",
        "text2text-generation",
        "generated_from_trainer",
        "dataset:cnn_dailymail",
        "license:apache-2.0",
        "model-index",
        "text-generation-inference",
        "endpoints_compatible",
        "region:us"
      ],
      "library_name": "transformers",
      "createdAt": "2023-02-12T13:20:07.000Z",
      "modelId": "spacemanidol/flan-t5-small-cnndm"
    },
    {
      "_id": "63e8e79ac80ff300a0b70578",
      "id": "spacemanidol/flan-t5-small-xsum",
      "likes": 0,
      "trendingScore": 0,
      "private": false,
      "downloads": 4,
      "tags": [
        "transformers",
        "pytorch",
        "t5",
        "text2text-generation",
        "generated_from_trainer",
        "dataset:xsum",
        "license:apache-2.0",
        "model-index",
        "text-generation-inference",
        "endpoints_compatible",
        "region:us"
      ],
      "library_name": "transformers",
      "createdAt": "2023-02-12T13:20:26.000Z",
      "modelId": "spacemanidol/flan-t5-small-xsum"
    },
    {
      "_id": "63e9789f5a632a40349ac5ff",
      "id": "research-backup/flan-t5-small-analogy",
      "likes": 0,
      "trendingScore": 0,
      "private": false,
      "downloads": 1,
      "tags": [
        "transformers",
        "pytorch",
        "t5",
        "text2text-generation",
        "text-generation-inference",
        "endpoints_compatible",
        "region:us"
      ],
      "library_name": "transformers",
      "createdAt": "2023-02-12T23:39:11.000Z",
      "modelId": "research-backup/flan-t5-small-analogy"
    },
    {
      "_id": "63ea51a610b684b2c263ccb3",
      "id": "research-backup/flan-t5-small-analogy-permutation",
      "likes": 0,
      "trendingScore": 0,
      "private": false,
      "downloads": 1,
      "tags": [
        "transformers",
        "pytorch",
        "t5",
        "text2text-generation",
        "text-generation-inference",
        "endpoints_compatible",
        "region:us"
      ],
      "library_name": "transformers",
      "createdAt": "2023-02-13T15:05:10.000Z",
      "modelId": "research-backup/flan-t5-small-analogy-permutation"
    },
    {
      "_id": "63eb5837c6beb750e2cd64eb",
      "id": "Pedrambbk/flan-t5-small-poll-generation",
      "likes": 0,
      "trendingScore": 0,
      "private": false,
      "downloads": 1,
      "tags": [
        "transformers",
        "pytorch",
        "t5",
        "text2text-generation",
        "Question Generation",
        "Poll Generation",
        "en",
        "text-generation-inference",
        "endpoints_compatible",
        "region:us"
      ],
      "library_name": "transformers",
      "createdAt": "2023-02-14T09:45:27.000Z",
      "modelId": "Pedrambbk/flan-t5-small-poll-generation"
    },
    {
      "_id": "63ecb934334237829bdb48d8",
      "id": "research-backup/flan-t5-small-analogy-permutation-domain",
      "likes": 0,
      "trendingScore": 0,
      "private": false,
      "downloads": 1,
      "tags": [
        "transformers",
        "pytorch",
        "t5",
        "text2text-generation",
        "text-generation-inference",
        "endpoints_compatible",
        "region:us"
      ],
      "library_name": "transformers",
      "createdAt": "2023-02-15T10:51:32.000Z",
      "modelId": "research-backup/flan-t5-small-analogy-permutation-domain"
    },
    {
      "_id": "63ee371f6349d1a67066e9d2",
      "id": "spacemanidol/flan-t5-small-6-5-cnndm",
      "likes": 0,
      "trendingScore": 0,
      "private": false,
      "downloads": 1,
      "tags": [
        "transformers",
        "pytorch",
        "t5",
        "text2text-generation",
        "generated_from_trainer",
        "dataset:cnn_dailymail",
        "model-index",
        "text-generation-inference",
        "endpoints_compatible",
        "region:us"
      ],
      "library_name": "transformers",
      "createdAt": "2023-02-16T14:01:03.000Z",
      "modelId": "spacemanidol/flan-t5-small-6-5-cnndm"
    },
    {
      "_id": "63ee45debad664d205683af3",
      "id": "spacemanidol/flan-t5-small-6-4-cnndm",
      "likes": 0,
      "trendingScore": 0,
      "private": false,
      "downloads": 1,
      "tags": [
        "transformers",
        "pytorch",
        "t5",
        "text2text-generation",
        "generated_from_trainer",
        "dataset:cnn_dailymail",
        "model-index",
        "text-generation-inference",
        "endpoints_compatible",
        "region:us"
      ],
      "library_name": "transformers",
      "createdAt": "2023-02-16T15:03:58.000Z",
      "modelId": "spacemanidol/flan-t5-small-6-4-cnndm"
    },
    {
      "_id": "63ee46086349d1a67068621d",
      "id": "spacemanidol/flan-t5-small-6-3-cnndm",
      "likes": 0,
      "trendingScore": 0,
      "private": false,
      "downloads": 1,
      "tags": [
        "transformers",
        "pytorch",
        "t5",
        "text2text-generation",
        "generated_from_trainer",
        "dataset:cnn_dailymail",
        "model-index",
        "text-generation-inference",
        "endpoints_compatible",
        "region:us"
      ],
      "library_name": "transformers",
      "createdAt": "2023-02-16T15:04:40.000Z",
      "modelId": "spacemanidol/flan-t5-small-6-3-cnndm"
    },
    {
      "_id": "63ee5342049599a8df902bac",
      "id": "spacemanidol/flan-t5-small-6-1-cnndm",
      "likes": 0,
      "trendingScore": 0,
      "private": false,
      "downloads": 1,
      "tags": [
        "transformers",
        "pytorch",
        "t5",
        "text2text-generation",
        "generated_from_trainer",
        "dataset:cnn_dailymail",
        "model-index",
        "text-generation-inference",
        "endpoints_compatible",
        "region:us"
      ],
      "library_name": "transformers",
      "createdAt": "2023-02-16T16:01:06.000Z",
      "modelId": "spacemanidol/flan-t5-small-6-1-cnndm"
    },
    {
      "_id": "63ee5346bad664d205699e0c",
      "id": "spacemanidol/flan-t5-small-6-2-cnndm",
      "likes": 0,
      "trendingScore": 0,
      "private": false,
      "downloads": 1,
      "tags": [
        "transformers",
        "pytorch",
        "t5",
        "text2text-generation",
        "generated_from_trainer",
        "dataset:cnn_dailymail",
        "model-index",
        "text-generation-inference",
        "endpoints_compatible",
        "region:us"
      ],
      "library_name": "transformers",
      "createdAt": "2023-02-16T16:01:10.000Z",
      "modelId": "spacemanidol/flan-t5-small-6-2-cnndm"
    },
    {
      "_id": "63ef9ec402c246819b9daace",
      "id": "spacemanidol/flan-t5-small-4-4-cnndm",
      "likes": 0,
      "trendingScore": 0,
      "private": false,
      "downloads": 1,
      "tags": [
        "transformers",
        "pytorch",
        "t5",
        "text2text-generation",
        "generated_from_trainer",
        "dataset:cnn_dailymail",
        "model-index",
        "text-generation-inference",
        "endpoints_compatible",
        "region:us"
      ],
      "library_name": "transformers",
      "createdAt": "2023-02-17T15:35:32.000Z",
      "modelId": "spacemanidol/flan-t5-small-4-4-cnndm"
    },
    {
      "_id": "63ef9ee48da865b7fce1f02d",
      "id": "spacemanidol/flan-t5-small-3-3-cnndm",
      "likes": 0,
      "trendingScore": 0,
      "private": false,
      "downloads": 1,
      "tags": [
        "transformers",
        "pytorch",
        "t5",
        "text2text-generation",
        "generated_from_trainer",
        "dataset:cnn_dailymail",
        "model-index",
        "text-generation-inference",
        "endpoints_compatible",
        "region:us"
      ],
      "library_name": "transformers",
      "createdAt": "2023-02-17T15:36:04.000Z",
      "modelId": "spacemanidol/flan-t5-small-3-3-cnndm"
    },
    {
      "_id": "63ef9f1102c246819b9db054",
      "id": "spacemanidol/flan-t5-small-2-2-cnndm",
      "likes": 0,
      "trendingScore": 0,
      "private": false,
      "downloads": 1,
      "tags": [
        "transformers",
        "pytorch",
        "t5",
        "text2text-generation",
        "generated_from_trainer",
        "dataset:cnn_dailymail",
        "model-index",
        "text-generation-inference",
        "endpoints_compatible",
        "region:us"
      ],
      "library_name": "transformers",
      "createdAt": "2023-02-17T15:36:49.000Z",
      "modelId": "spacemanidol/flan-t5-small-2-2-cnndm"
    },
    {
      "_id": "63ef9f336d27eff92b280b78",
      "id": "spacemanidol/flan-t5-small-1-1-cnndm",
      "likes": 0,
      "trendingScore": 0,
      "private": false,
      "downloads": 1,
      "tags": [
        "transformers",
        "pytorch",
        "t5",
        "text2text-generation",
        "generated_from_trainer",
        "dataset:cnn_dailymail",
        "model-index",
        "text-generation-inference",
        "endpoints_compatible",
        "region:us"
      ],
      "library_name": "transformers",
      "createdAt": "2023-02-17T15:37:23.000Z",
      "modelId": "spacemanidol/flan-t5-small-1-1-cnndm"
    },
    {
      "_id": "63f12fda5b11a9c3ca748e3a",
      "id": "spacemanidol/flan-t5-small-5-6-cnndm",
      "likes": 0,
      "trendingScore": 0,
      "private": false,
      "downloads": 1,
      "tags": [
        "transformers",
        "pytorch",
        "t5",
        "text2text-generation",
        "generated_from_trainer",
        "dataset:cnn_dailymail",
        "model-index",
        "text-generation-inference",
        "endpoints_compatible",
        "region:us"
      ],
      "library_name": "transformers",
      "createdAt": "2023-02-18T20:06:50.000Z",
      "modelId": "spacemanidol/flan-t5-small-5-6-cnndm"
    },
    {
      "_id": "63f12ffacbadc519b85910f9",
      "id": "spacemanidol/flan-t5-small-5-5-cnndm",
      "likes": 0,
      "trendingScore": 0,
      "private": false,
      "downloads": 1,
      "tags": [
        "transformers",
        "pytorch",
        "t5",
        "text2text-generation",
        "generated_from_trainer",
        "dataset:cnn_dailymail",
        "model-index",
        "text-generation-inference",
        "endpoints_compatible",
        "region:us"
      ],
      "library_name": "transformers",
      "createdAt": "2023-02-18T20:07:22.000Z",
      "modelId": "spacemanidol/flan-t5-small-5-5-cnndm"
    },
    {
      "_id": "63f130395b11a9c3ca749e0b",
      "id": "spacemanidol/flan-t5-small-4-6-cnndm",
      "likes": 0,
      "trendingScore": 0,
      "private": false,
      "downloads": 1,
      "tags": [
        "transformers",
        "pytorch",
        "t5",
        "text2text-generation",
        "generated_from_trainer",
        "dataset:cnn_dailymail",
        "model-index",
        "text-generation-inference",
        "endpoints_compatible",
        "region:us"
      ],
      "library_name": "transformers",
      "createdAt": "2023-02-18T20:08:25.000Z",
      "modelId": "spacemanidol/flan-t5-small-4-6-cnndm"
    },
    {
      "_id": "63f1305bcbadc519b859223e",
      "id": "spacemanidol/flan-t5-small-3-6-cnndm",
      "likes": 0,
      "trendingScore": 0,
      "private": false,
      "downloads": 2,
      "tags": [
        "transformers",
        "pytorch",
        "t5",
        "text2text-generation",
        "generated_from_trainer",
        "dataset:cnn_dailymail",
        "model-index",
        "text-generation-inference",
        "endpoints_compatible",
        "region:us"
      ],
      "library_name": "transformers",
      "createdAt": "2023-02-18T20:08:59.000Z",
      "modelId": "spacemanidol/flan-t5-small-3-6-cnndm"
    },
    {
      "_id": "63f13991cbadc519b859a215",
      "id": "alexrink/flan-t5-small-finetuned",
      "likes": 0,
      "trendingScore": 0,
      "private": false,
      "downloads": 2,
      "tags": [
        "transformers",
        "pytorch",
        "tensorboard",
        "t5",
        "text2text-generation",
        "text-generation-inference",
        "endpoints_compatible",
        "region:us"
      ],
      "library_name": "transformers",
      "createdAt": "2023-02-18T20:48:17.000Z",
      "modelId": "alexrink/flan-t5-small-finetuned"
    },
    {
      "_id": "63f229a735a18d35ec664605",
      "id": "spacemanidol/flan-t5-small-2-6-cnndm",
      "likes": 0,
      "trendingScore": 0,
      "private": false,
      "downloads": 1,
      "tags": [
        "transformers",
        "pytorch",
        "t5",
        "text2text-generation",
        "generated_from_trainer",
        "dataset:cnn_dailymail",
        "model-index",
        "text-generation-inference",
        "endpoints_compatible",
        "region:us"
      ],
      "library_name": "transformers",
      "createdAt": "2023-02-19T13:52:39.000Z",
      "modelId": "spacemanidol/flan-t5-small-2-6-cnndm"
    },
    {
      "_id": "63f229c0416e62032b7204cd",
      "id": "spacemanidol/flan-t5-small-1-6-cnndm",
      "likes": 0,
      "trendingScore": 0,
      "private": false,
      "downloads": 1,
      "tags": [
        "transformers",
        "pytorch",
        "t5",
        "text2text-generation",
        "generated_from_trainer",
        "dataset:cnn_dailymail",
        "model-index",
        "text-generation-inference",
        "endpoints_compatible",
        "region:us"
      ],
      "library_name": "transformers",
      "createdAt": "2023-02-19T13:53:04.000Z",
      "modelId": "spacemanidol/flan-t5-small-1-6-cnndm"
    },
    {
      "_id": "63f3ef040bdc4e0839fc5103",
      "id": "research-backup/flan-t5-small-analogy-t-rex",
      "likes": 0,
      "trendingScore": 0,
      "private": false,
      "downloads": 1,
      "tags": [
        "transformers",
        "pytorch",
        "t5",
        "text2text-generation",
        "text-generation-inference",
        "endpoints_compatible",
        "region:us"
      ],
      "library_name": "transformers",
      "createdAt": "2023-02-20T22:07:00.000Z",
      "modelId": "research-backup/flan-t5-small-analogy-t-rex"
    },
    {
      "_id": "63f3f0d1e13a558a4d6bef69",
      "id": "research-backup/flan-t5-small-analogy-conceptnet",
      "likes": 0,
      "trendingScore": 0,
      "private": false,
      "downloads": 1,
      "tags": [
        "transformers",
        "pytorch",
        "t5",
        "text2text-generation",
        "text-generation-inference",
        "endpoints_compatible",
        "region:us"
      ],
      "library_name": "transformers",
      "createdAt": "2023-02-20T22:14:41.000Z",
      "modelId": "research-backup/flan-t5-small-analogy-conceptnet"
    },
    {
      "_id": "63f42452e13a558a4d6ed343",
      "id": "research-backup/flan-t5-small-analogy-nell",
      "likes": 0,
      "trendingScore": 0,
      "private": false,
      "downloads": 1,
      "tags": [
        "transformers",
        "pytorch",
        "t5",
        "text2text-generation",
        "text-generation-inference",
        "endpoints_compatible",
        "region:us"
      ],
      "library_name": "transformers",
      "createdAt": "2023-02-21T01:54:26.000Z",
      "modelId": "research-backup/flan-t5-small-analogy-nell"
    },
    {
      "_id": "63f8fbb862c1f8ed2e4fe5e5",
      "id": "spacemanidol/flan-t5-small-6-1-xsum",
      "likes": 0,
      "trendingScore": 0,
      "private": false,
      "downloads": 1,
      "tags": [
        "transformers",
        "pytorch",
        "t5",
        "text2text-generation",
        "generated_from_trainer",
        "dataset:xsum",
        "model-index",
        "text-generation-inference",
        "endpoints_compatible",
        "region:us"
      ],
      "library_name": "transformers",
      "createdAt": "2023-02-24T18:02:32.000Z",
      "modelId": "spacemanidol/flan-t5-small-6-1-xsum"
    },
    {
      "_id": "63f8fbc262c1f8ed2e4fe697",
      "id": "spacemanidol/flan-t5-small-6-2-xsum",
      "likes": 0,
      "trendingScore": 0,
      "private": false,
      "downloads": 1,
      "tags": [
        "transformers",
        "pytorch",
        "t5",
        "text2text-generation",
        "generated_from_trainer",
        "dataset:xsum",
        "model-index",
        "text-generation-inference",
        "endpoints_compatible",
        "region:us"
      ],
      "library_name": "transformers",
      "createdAt": "2023-02-24T18:02:42.000Z",
      "modelId": "spacemanidol/flan-t5-small-6-2-xsum"
    },
    {
      "_id": "63f8fbcbb9b235a9d2f4a841",
      "id": "spacemanidol/flan-t5-small-6-3-xsum",
      "likes": 0,
      "trendingScore": 0,
      "private": false,
      "downloads": 1,
      "tags": [
        "transformers",
        "pytorch",
        "t5",
        "text2text-generation",
        "generated_from_trainer",
        "dataset:xsum",
        "model-index",
        "text-generation-inference",
        "endpoints_compatible",
        "region:us"
      ],
      "library_name": "transformers",
      "createdAt": "2023-02-24T18:02:51.000Z",
      "modelId": "spacemanidol/flan-t5-small-6-3-xsum"
    }
  ]
}