{
  "items": [
    {
      "_id": "66d626c8559b4669c5aa7daf",
      "id": "huggingface-meta/concorde",
      "likes": 2,
      "trendingScore": 0,
      "private": false,
      "downloads": 2,
      "tags": [
        "diffusers",
        "autotrain",
        "spacerunner",
        "text-to-image",
        "flux",
        "lora",
        "template:sd-lora",
        "base_model:black-forest-labs/FLUX.1-schnell",
        "base_model:adapter:black-forest-labs/FLUX.1-schnell",
        "license:apache-2.0",
        "region:us"
      ],
      "pipeline_tag": "text-to-image",
      "library_name": "diffusers",
      "createdAt": "2024-09-02T20:57:44.000Z",
      "modelId": "huggingface-meta/concorde"
    },
    {
      "_id": "66d643666ff4d3233752fb67",
      "id": "huggingface-meta/concorde-airplane",
      "likes": 0,
      "trendingScore": 0,
      "private": false,
      "downloads": 8,
      "tags": [
        "diffusers",
        "autotrain",
        "spacerunner",
        "text-to-image",
        "flux",
        "lora",
        "template:sd-lora",
        "base_model:black-forest-labs/FLUX.1-dev",
        "base_model:adapter:black-forest-labs/FLUX.1-dev",
        "license:other",
        "region:us"
      ],
      "pipeline_tag": "text-to-image",
      "library_name": "diffusers",
      "createdAt": "2024-09-02T22:59:50.000Z",
      "modelId": "huggingface-meta/concorde-airplane"
    }
  ]
}