{
  "items": [
    {
      "_id": "62d60e945c29ac61fecf2933",
      "id": "naver-clova-ix/donut-base-finetuned-cord-v2",
      "likes": 104,
      "trendingScore": 0,
      "private": false,
      "downloads": 26130,
      "tags": [
        "transformers",
        "pytorch",
        "vision-encoder-decoder",
        "image-to-text",
        "donut",
        "vision",
        "arxiv:2111.15664",
        "license:mit",
        "endpoints_compatible",
        "region:us"
      ],
      "pipeline_tag": "image-to-text",
      "library_name": "transformers",
      "createdAt": "2022-07-19T01:53:24.000Z",
      "modelId": "naver-clova-ix/donut-base-finetuned-cord-v2"
    },
    {
      "_id": "62d6b65d67d25fd8948709de",
      "id": "naver-clova-ix/donut-base",
      "likes": 229,
      "trendingScore": 0,
      "private": false,
      "downloads": 75637,
      "tags": [
        "transformers",
        "pytorch",
        "vision-encoder-decoder",
        "image-to-text",
        "donut",
        "vision",
        "arxiv:2111.15664",
        "license:mit",
        "endpoints_compatible",
        "region:us"
      ],
      "pipeline_tag": "image-to-text",
      "library_name": "transformers",
      "createdAt": "2022-07-19T13:49:17.000Z",
      "modelId": "naver-clova-ix/donut-base"
    },
    {
      "_id": "62d6b6b7f00ba76e7a690d1b",
      "id": "naver-clova-ix/donut-proto",
      "likes": 7,
      "trendingScore": 0,
      "private": false,
      "downloads": 79,
      "tags": [
        "transformers",
        "pytorch",
        "vision-encoder-decoder",
        "image-to-text",
        "donut",
        "vision",
        "arxiv:2111.15664",
        "license:mit",
        "endpoints_compatible",
        "region:us"
      ],
      "pipeline_tag": "image-to-text",
      "library_name": "transformers",
      "createdAt": "2022-07-19T13:50:47.000Z",
      "modelId": "naver-clova-ix/donut-proto"
    },
    {
      "_id": "62d6b7751c1bf309b847354a",
      "id": "naver-clova-ix/donut-base-finetuned-rvlcdip",
      "likes": 16,
      "trendingScore": 0,
      "private": false,
      "downloads": 3129,
      "tags": [
        "transformers",
        "pytorch",
        "vision-encoder-decoder",
        "image-to-text",
        "donut",
        "vision",
        "arxiv:2111.15664",
        "license:mit",
        "endpoints_compatible",
        "region:us"
      ],
      "pipeline_tag": "image-to-text",
      "library_name": "transformers",
      "createdAt": "2022-07-19T13:53:57.000Z",
      "modelId": "naver-clova-ix/donut-base-finetuned-rvlcdip"
    },
    {
      "_id": "62d6b87ef00ba76e7a691e9e",
      "id": "naver-clova-ix/donut-base-finetuned-docvqa",
      "likes": 245,
      "trendingScore": 0,
      "private": false,
      "downloads": 137903,
      "tags": [
        "transformers",
        "pytorch",
        "vision-encoder-decoder",
        "image-to-text",
        "donut",
        "vision",
        "document-question-answering",
        "arxiv:2111.15664",
        "license:mit",
        "endpoints_compatible",
        "region:us"
      ],
      "pipeline_tag": "document-question-answering",
      "library_name": "transformers",
      "createdAt": "2022-07-19T13:58:22.000Z",
      "modelId": "naver-clova-ix/donut-base-finetuned-docvqa"
    },
    {
      "_id": "62d6b93195137b834e380818",
      "id": "naver-clova-ix/donut-base-finetuned-cord-v1-2560",
      "likes": 1,
      "trendingScore": 0,
      "private": false,
      "downloads": 26,
      "tags": [
        "transformers",
        "pytorch",
        "vision-encoder-decoder",
        "image-to-text",
        "donut",
        "vision",
        "arxiv:2111.15664",
        "license:mit",
        "endpoints_compatible",
        "region:us"
      ],
      "pipeline_tag": "image-to-text",
      "library_name": "transformers",
      "createdAt": "2022-07-19T14:01:21.000Z",
      "modelId": "naver-clova-ix/donut-base-finetuned-cord-v1-2560"
    },
    {
      "_id": "62d6ba2095137b834e3810aa",
      "id": "naver-clova-ix/donut-base-finetuned-cord-v1",
      "likes": 0,
      "trendingScore": 0,
      "private": false,
      "downloads": 60,
      "tags": [
        "transformers",
        "pytorch",
        "vision-encoder-decoder",
        "image-to-text",
        "donut",
        "vision",
        "arxiv:2111.15664",
        "license:mit",
        "endpoints_compatible",
        "region:us"
      ],
      "pipeline_tag": "image-to-text",
      "library_name": "transformers",
      "createdAt": "2022-07-19T14:05:20.000Z",
      "modelId": "naver-clova-ix/donut-base-finetuned-cord-v1"
    },
    {
      "_id": "62d6bb20ce7a23f3cd1644c5",
      "id": "naver-clova-ix/donut-base-finetuned-zhtrainticket",
      "likes": 0,
      "trendingScore": 0,
      "private": false,
      "downloads": 142,
      "tags": [
        "transformers",
        "pytorch",
        "vision-encoder-decoder",
        "image-to-text",
        "donut",
        "vision",
        "arxiv:2111.15664",
        "license:mit",
        "endpoints_compatible",
        "region:us"
      ],
      "pipeline_tag": "image-to-text",
      "library_name": "transformers",
      "createdAt": "2022-07-19T14:09:36.000Z",
      "modelId": "naver-clova-ix/donut-base-finetuned-zhtrainticket"
    },
    {
      "_id": "63720a6282f3a86bafe2fe11",
      "id": "naver-clova-ix/donut-base-finetuned-kuzushiji",
      "likes": 1,
      "trendingScore": 0,
      "private": false,
      "downloads": 7,
      "tags": [
        "transformers",
        "pytorch",
        "donut",
        "endpoints_compatible",
        "region:us"
      ],
      "library_name": "transformers",
      "createdAt": "2022-11-14T09:29:06.000Z",
      "modelId": "naver-clova-ix/donut-base-finetuned-kuzushiji"
    }
  ]
}