{
  "items": [
    {
      "_id": "681396dec73f6623c9ba03b0",
      "id": "tiiuae/Falcon-H1-7B-Instruct",
      "likes": 23,
      "trendingScore": 2,
      "private": false,
      "downloads": 3277,
      "tags": [
        "transformers",
        "safetensors",
        "falcon_h1",
        "text-generation",
        "falcon-h1",
        "conversational",
        "ar",
        "cs",
        "de",
        "en",
        "es",
        "fr",
        "hi",
        "it",
        "ja",
        "ko",
        "nl",
        "pl",
        "pt",
        "ro",
        "ru",
        "sv",
        "ur",
        "zh",
        "arxiv:2507.22448",
        "base_model:tiiuae/Falcon-H1-7B-Base",
        "base_model:finetune:tiiuae/Falcon-H1-7B-Base",
        "license:other",
        "autotrain_compatible",
        "endpoints_compatible",
        "region:us"
      ],
      "pipeline_tag": "text-generation",
      "library_name": "transformers",
      "createdAt": "2025-05-01T15:44:30.000Z",
      "modelId": "tiiuae/Falcon-H1-7B-Instruct"
    },
    {
      "_id": "6447714d3411a0902bad9607",
      "id": "tiiuae/falcon-7b-instruct",
      "likes": 1004,
      "trendingScore": 1,
      "private": false,
      "downloads": 132885,
      "tags": [
        "transformers",
        "pytorch",
        "coreml",
        "safetensors",
        "falcon",
        "text-generation",
        "conversational",
        "custom_code",
        "en",
        "dataset:tiiuae/falcon-refinedweb",
        "arxiv:2205.14135",
        "arxiv:1911.02150",
        "arxiv:2005.14165",
        "arxiv:2104.09864",
        "arxiv:2306.01116",
        "license:apache-2.0",
        "autotrain_compatible",
        "text-generation-inference",
        "endpoints_compatible",
        "region:us"
      ],
      "pipeline_tag": "text-generation",
      "library_name": "transformers",
      "createdAt": "2023-04-25T06:21:01.000Z",
      "modelId": "tiiuae/falcon-7b-instruct"
    },
    {
      "_id": "675c0ed22491bff9d52320d8",
      "id": "tiiuae/Falcon3-Mamba-7B-Instruct",
      "likes": 31,
      "trendingScore": 1,
      "private": false,
      "downloads": 20135,
      "tags": [
        "transformers",
        "safetensors",
        "falcon_mamba",
        "text-generation",
        "falcon3",
        "falcon3_mamba",
        "conversational",
        "en",
        "arxiv:2410.05355",
        "base_model:tiiuae/Falcon3-Mamba-7B-Base",
        "base_model:finetune:tiiuae/Falcon3-Mamba-7B-Base",
        "license:other",
        "autotrain_compatible",
        "endpoints_compatible",
        "region:us"
      ],
      "pipeline_tag": "text-generation",
      "library_name": "transformers",
      "createdAt": "2024-12-13T10:39:14.000Z",
      "modelId": "tiiuae/Falcon3-Mamba-7B-Instruct"
    },
    {
      "_id": "6446b0089cb2a8f4a4ef5937",
      "id": "tiiuae/falcon-7b",
      "likes": 1093,
      "trendingScore": 0,
      "private": false,
      "downloads": 76202,
      "tags": [
        "transformers",
        "pytorch",
        "safetensors",
        "falcon",
        "text-generation",
        "custom_code",
        "en",
        "dataset:tiiuae/falcon-refinedweb",
        "arxiv:2205.14135",
        "arxiv:1911.02150",
        "arxiv:2101.00027",
        "arxiv:2005.14165",
        "arxiv:2104.09864",
        "arxiv:2306.01116",
        "license:apache-2.0",
        "autotrain_compatible",
        "text-generation-inference",
        "region:us"
      ],
      "pipeline_tag": "text-generation",
      "library_name": "transformers",
      "createdAt": "2023-04-24T16:36:24.000Z",
      "modelId": "tiiuae/falcon-7b"
    },
    {
      "_id": "644911e1d5d86def91ce19b0",
      "id": "tiiuae/falcon-rw-7b",
      "likes": 17,
      "trendingScore": 0,
      "private": false,
      "downloads": 1148,
      "tags": [
        "transformers",
        "pytorch",
        "safetensors",
        "falcon",
        "text-generation",
        "custom_code",
        "en",
        "dataset:tiiuae/falcon-refinedweb",
        "arxiv:2306.01116",
        "arxiv:2005.14165",
        "arxiv:2108.12409",
        "arxiv:2205.14135",
        "license:apache-2.0",
        "autotrain_compatible",
        "text-generation-inference",
        "region:us"
      ],
      "pipeline_tag": "text-generation",
      "library_name": "transformers",
      "createdAt": "2023-04-26T11:58:25.000Z",
      "modelId": "tiiuae/falcon-rw-7b"
    },
    {
      "_id": "64a57770e80cee25b9f8f6be",
      "id": "abhinavkulkarni/tiiuae-falcon-7b-instruct-w4-g64-awq",
      "likes": 5,
      "trendingScore": 0,
      "private": false,
      "downloads": 17,
      "tags": [
        "transformers",
        "pytorch",
        "RefinedWebModel",
        "text-generation",
        "AWQ",
        "custom_code",
        "license:apache-2.0",
        "autotrain_compatible",
        "text-generation-inference",
        "region:us"
      ],
      "pipeline_tag": "text-generation",
      "library_name": "transformers",
      "createdAt": "2023-07-05T14:00:16.000Z",
      "modelId": "abhinavkulkarni/tiiuae-falcon-7b-instruct-w4-g64-awq"
    },
    {
      "_id": "64eb7198e8dd717fd313f84a",
      "id": "maddes8cht/tiiuae-falcon-7b-gguf",
      "likes": 4,
      "trendingScore": 0,
      "private": false,
      "downloads": 492,
      "tags": [
        "gguf",
        "en",
        "dataset:tiiuae/falcon-refinedweb",
        "arxiv:2205.14135",
        "arxiv:1911.02150",
        "arxiv:2101.00027",
        "arxiv:2005.14165",
        "arxiv:2104.09864",
        "arxiv:2306.01116",
        "license:apache-2.0",
        "region:us"
      ],
      "createdAt": "2023-08-27T15:54:00.000Z",
      "modelId": "maddes8cht/tiiuae-falcon-7b-gguf"
    },
    {
      "_id": "650427fc36bc34312197b27f",
      "id": "maddes8cht/tiiuae-falcon-7b-instruct-gguf",
      "likes": 6,
      "trendingScore": 0,
      "private": false,
      "downloads": 316,
      "tags": [
        "gguf",
        "en",
        "dataset:tiiuae/falcon-refinedweb",
        "arxiv:2205.14135",
        "arxiv:1911.02150",
        "arxiv:2005.14165",
        "arxiv:2104.09864",
        "arxiv:2306.01116",
        "license:apache-2.0",
        "endpoints_compatible",
        "region:us"
      ],
      "createdAt": "2023-09-15T09:46:36.000Z",
      "modelId": "maddes8cht/tiiuae-falcon-7b-instruct-gguf"
    },
    {
      "_id": "6504a7399310ce8c40f12231",
      "id": "gill13/tiiuae-falcon-7b-finetuned-50epocs",
      "likes": 0,
      "trendingScore": 0,
      "private": false,
      "downloads": 0,
      "tags": [
        "license:apache-2.0",
        "region:us"
      ],
      "createdAt": "2023-09-15T18:49:29.000Z",
      "modelId": "gill13/tiiuae-falcon-7b-finetuned-50epocs"
    },
    {
      "_id": "65a968a12f560c70ff8fdeb4",
      "id": "daochf/Lora-Tiiuae-Falcon-7b-QandA_2g_v01-r3-v01",
      "likes": 0,
      "trendingScore": 0,
      "private": false,
      "downloads": 0,
      "tags": [
        "peft",
        "safetensors",
        "arxiv:1910.09700",
        "base_model:tiiuae/falcon-7b",
        "base_model:adapter:tiiuae/falcon-7b",
        "region:us"
      ],
      "library_name": "peft",
      "createdAt": "2024-01-18T18:06:25.000Z",
      "modelId": "daochf/Lora-Tiiuae-Falcon-7b-QandA_2g_v01-r3-v01"
    },
    {
      "_id": "65ad2fb348c718a574dd0483",
      "id": "daochf/Lora-Tiiuae-Falcon-7b-instruct-QandA_2g_v01-r3-v02",
      "likes": 0,
      "trendingScore": 0,
      "private": false,
      "downloads": 0,
      "tags": [
        "peft",
        "safetensors",
        "arxiv:1910.09700",
        "base_model:tiiuae/falcon-7b-instruct",
        "base_model:adapter:tiiuae/falcon-7b-instruct",
        "region:us"
      ],
      "library_name": "peft",
      "createdAt": "2024-01-21T14:52:35.000Z",
      "modelId": "daochf/Lora-Tiiuae-Falcon-7b-instruct-QandA_2g_v01-r3-v02"
    },
    {
      "_id": "65fc6d92019bb652926d3833",
      "id": "MesutUnutur/falcon-7B-instruct-from-tiiuae",
      "likes": 0,
      "trendingScore": 0,
      "private": false,
      "downloads": 2,
      "tags": [
        "transformers",
        "safetensors",
        "bert",
        "feature-extraction",
        "arxiv:1910.09700",
        "endpoints_compatible",
        "region:us"
      ],
      "pipeline_tag": "feature-extraction",
      "library_name": "transformers",
      "createdAt": "2024-03-21T17:25:38.000Z",
      "modelId": "MesutUnutur/falcon-7B-instruct-from-tiiuae"
    },
    {
      "_id": "6603f0b1cfb9b90f959acd0f",
      "id": "acarrillo48/falcon-7b-FAQ-tiiuae",
      "likes": 0,
      "trendingScore": 0,
      "private": false,
      "downloads": 0,
      "tags": [
        "safetensors",
        "region:us"
      ],
      "createdAt": "2024-03-27T10:10:57.000Z",
      "modelId": "acarrillo48/falcon-7b-FAQ-tiiuae"
    },
    {
      "_id": "660d06e5f04ebfca6270af3c",
      "id": "PrunaAI/tiiuae-falcon-7b-instruct-bnb-4bit-smashed",
      "likes": 0,
      "trendingScore": 0,
      "private": false,
      "downloads": 3,
      "tags": [
        "transformers",
        "safetensors",
        "falcon",
        "text-generation",
        "pruna-ai",
        "custom_code",
        "autotrain_compatible",
        "text-generation-inference",
        "endpoints_compatible",
        "4-bit",
        "bitsandbytes",
        "region:us"
      ],
      "pipeline_tag": "text-generation",
      "library_name": "transformers",
      "createdAt": "2024-04-03T07:36:05.000Z",
      "modelId": "PrunaAI/tiiuae-falcon-7b-instruct-bnb-4bit-smashed"
    },
    {
      "_id": "660d0d81edd0abd1ff24ada3",
      "id": "PrunaAI/tiiuae-falcon-7b-instruct-bnb-8bit-smashed",
      "likes": 0,
      "trendingScore": 0,
      "private": false,
      "downloads": 4,
      "tags": [
        "transformers",
        "safetensors",
        "falcon",
        "text-generation",
        "pruna-ai",
        "custom_code",
        "autotrain_compatible",
        "text-generation-inference",
        "endpoints_compatible",
        "8-bit",
        "bitsandbytes",
        "region:us"
      ],
      "pipeline_tag": "text-generation",
      "library_name": "transformers",
      "createdAt": "2024-04-03T08:04:17.000Z",
      "modelId": "PrunaAI/tiiuae-falcon-7b-instruct-bnb-8bit-smashed"
    },
    {
      "_id": "660d1b0b188ee489f0cbcc74",
      "id": "PrunaAI/tiiuae-falcon-7b-bnb-4bit-smashed",
      "likes": 0,
      "trendingScore": 0,
      "private": false,
      "downloads": 3,
      "tags": [
        "transformers",
        "safetensors",
        "falcon",
        "text-generation",
        "pruna-ai",
        "custom_code",
        "autotrain_compatible",
        "text-generation-inference",
        "endpoints_compatible",
        "4-bit",
        "bitsandbytes",
        "region:us"
      ],
      "pipeline_tag": "text-generation",
      "library_name": "transformers",
      "createdAt": "2024-04-03T09:02:03.000Z",
      "modelId": "PrunaAI/tiiuae-falcon-7b-bnb-4bit-smashed"
    },
    {
      "_id": "660d23a0d89cf108573c6a60",
      "id": "PrunaAI/tiiuae-falcon-7b-bnb-8bit-smashed",
      "likes": 0,
      "trendingScore": 0,
      "private": false,
      "downloads": 2,
      "tags": [
        "transformers",
        "safetensors",
        "falcon",
        "text-generation",
        "pruna-ai",
        "custom_code",
        "autotrain_compatible",
        "text-generation-inference",
        "endpoints_compatible",
        "8-bit",
        "bitsandbytes",
        "region:us"
      ],
      "pipeline_tag": "text-generation",
      "library_name": "transformers",
      "createdAt": "2024-04-03T09:38:40.000Z",
      "modelId": "PrunaAI/tiiuae-falcon-7b-bnb-8bit-smashed"
    },
    {
      "_id": "660d2b45febe7c3fee332d4a",
      "id": "PrunaAI/tiiuae-falcon-rw-7b-bnb-4bit-smashed",
      "likes": 0,
      "trendingScore": 0,
      "private": false,
      "downloads": 3,
      "tags": [
        "transformers",
        "safetensors",
        "falcon",
        "text-generation",
        "pruna-ai",
        "custom_code",
        "autotrain_compatible",
        "text-generation-inference",
        "endpoints_compatible",
        "4-bit",
        "bitsandbytes",
        "region:us"
      ],
      "pipeline_tag": "text-generation",
      "library_name": "transformers",
      "createdAt": "2024-04-03T10:11:17.000Z",
      "modelId": "PrunaAI/tiiuae-falcon-rw-7b-bnb-4bit-smashed"
    },
    {
      "_id": "660d3f2f269cc6397c41dbe3",
      "id": "PrunaAI/tiiuae-falcon-rw-7b-bnb-8bit-smashed",
      "likes": 0,
      "trendingScore": 0,
      "private": false,
      "downloads": 2,
      "tags": [
        "transformers",
        "safetensors",
        "falcon",
        "text-generation",
        "pruna-ai",
        "custom_code",
        "autotrain_compatible",
        "text-generation-inference",
        "endpoints_compatible",
        "8-bit",
        "bitsandbytes",
        "region:us"
      ],
      "pipeline_tag": "text-generation",
      "library_name": "transformers",
      "createdAt": "2024-04-03T11:36:15.000Z",
      "modelId": "PrunaAI/tiiuae-falcon-rw-7b-bnb-8bit-smashed"
    },
    {
      "_id": "664ec9b3dd8dce8d08929d2e",
      "id": "Marupudi/dharaneesh-tiiuae-falcon-7b-v2",
      "likes": 0,
      "trendingScore": 0,
      "private": false,
      "downloads": 0,
      "tags": [
        "transformers",
        "safetensors",
        "autotrain",
        "text-generation-inference",
        "text-generation",
        "peft",
        "conversational",
        "license:other",
        "endpoints_compatible",
        "region:us"
      ],
      "pipeline_tag": "text-generation",
      "library_name": "transformers",
      "createdAt": "2024-05-23T04:44:35.000Z",
      "modelId": "Marupudi/dharaneesh-tiiuae-falcon-7b-v2"
    },
    {
      "_id": "664fc0d8d5bea69bcaf2297a",
      "id": "helenai/tiiuae-falcon-7b-instruct-ov",
      "likes": 0,
      "trendingScore": 0,
      "private": false,
      "downloads": 3,
      "tags": [
        "transformers",
        "openvino",
        "falcon",
        "text-generation",
        "custom_code",
        "en",
        "autotrain_compatible",
        "endpoints_compatible",
        "region:us"
      ],
      "pipeline_tag": "text-generation",
      "library_name": "transformers",
      "createdAt": "2024-05-23T22:19:04.000Z",
      "modelId": "helenai/tiiuae-falcon-7b-instruct-ov"
    },
    {
      "_id": "6667309f215b4c38f7c46785",
      "id": "Marupudi/flidharaneesh-tiiuae-falcon-7b-v2",
      "likes": 0,
      "trendingScore": 0,
      "private": false,
      "downloads": 0,
      "tags": [
        "transformers",
        "safetensors",
        "autotrain",
        "text-generation-inference",
        "text-generation",
        "peft",
        "conversational",
        "dataset:Marupudi/parth",
        "base_model:tiiuae/falcon-7b",
        "base_model:finetune:tiiuae/falcon-7b",
        "license:other",
        "endpoints_compatible",
        "region:us"
      ],
      "pipeline_tag": "text-generation",
      "library_name": "transformers",
      "createdAt": "2024-06-10T16:58:07.000Z",
      "modelId": "Marupudi/flidharaneesh-tiiuae-falcon-7b-v2"
    },
    {
      "_id": "666947e8f6e38bb59d623515",
      "id": "Marupudi/fli2dharaneesh-tiiuae-falcon-7b-v2",
      "likes": 0,
      "trendingScore": 0,
      "private": false,
      "downloads": 0,
      "tags": [
        "transformers",
        "safetensors",
        "autotrain",
        "text-generation-inference",
        "text-generation",
        "peft",
        "conversational",
        "dataset:Marupudi/parth2",
        "base_model:tiiuae/falcon-7b",
        "base_model:finetune:tiiuae/falcon-7b",
        "license:other",
        "endpoints_compatible",
        "region:us"
      ],
      "pipeline_tag": "text-generation",
      "library_name": "transformers",
      "createdAt": "2024-06-12T07:02:00.000Z",
      "modelId": "Marupudi/fli2dharaneesh-tiiuae-falcon-7b-v2"
    },
    {
      "_id": "667af44091bd7b3e1ec34d3e",
      "id": "not1010011010/tiiuae-falcon-7b-Aivabot",
      "likes": 0,
      "trendingScore": 0,
      "private": false,
      "downloads": 0,
      "tags": [
        "region:us"
      ],
      "createdAt": "2024-06-25T16:45:52.000Z",
      "modelId": "not1010011010/tiiuae-falcon-7b-Aivabot"
    },
    {
      "_id": "66976d726d173ec738175582",
      "id": "tiiuae/falcon-mamba-7b",
      "likes": 239,
      "trendingScore": 0,
      "private": false,
      "downloads": 21263,
      "tags": [
        "transformers",
        "safetensors",
        "falcon_mamba",
        "text-generation",
        "en",
        "dataset:tiiuae/falcon-refinedweb",
        "dataset:HuggingFaceFW/fineweb-edu",
        "arxiv:2312.00752",
        "arxiv:2410.05355",
        "license:other",
        "model-index",
        "autotrain_compatible",
        "endpoints_compatible",
        "region:us"
      ],
      "pipeline_tag": "text-generation",
      "library_name": "transformers",
      "createdAt": "2024-07-17T07:06:26.000Z",
      "modelId": "tiiuae/falcon-mamba-7b"
    },
    {
      "_id": "66a0fcb12718569dc0cbf814",
      "id": "tiiuae/falcon-mamba-7b-4bit",
      "likes": 11,
      "trendingScore": 0,
      "private": false,
      "downloads": 46,
      "tags": [
        "transformers",
        "safetensors",
        "falcon_mamba",
        "text-generation",
        "en",
        "dataset:tiiuae/falcon-refinedweb",
        "dataset:HuggingFaceFW/fineweb-edu",
        "arxiv:2312.00752",
        "arxiv:2410.05355",
        "base_model:tiiuae/falcon-mamba-7b",
        "base_model:quantized:tiiuae/falcon-mamba-7b",
        "license:other",
        "autotrain_compatible",
        "endpoints_compatible",
        "4-bit",
        "bitsandbytes",
        "region:us"
      ],
      "pipeline_tag": "text-generation",
      "library_name": "transformers",
      "createdAt": "2024-07-24T13:08:01.000Z",
      "modelId": "tiiuae/falcon-mamba-7b-4bit"
    },
    {
      "_id": "66a8a27db812afa43fb0b7ee",
      "id": "tiiuae/falcon-mamba-7b-instruct",
      "likes": 68,
      "trendingScore": 0,
      "private": false,
      "downloads": 29105,
      "tags": [
        "transformers",
        "safetensors",
        "falcon_mamba",
        "text-generation",
        "conversational",
        "en",
        "dataset:tiiuae/falcon-refinedweb",
        "dataset:HuggingFaceFW/fineweb-edu",
        "arxiv:2312.00752",
        "arxiv:2410.05355",
        "base_model:tiiuae/falcon-mamba-7b",
        "base_model:finetune:tiiuae/falcon-mamba-7b",
        "license:other",
        "autotrain_compatible",
        "endpoints_compatible",
        "region:us"
      ],
      "pipeline_tag": "text-generation",
      "library_name": "transformers",
      "createdAt": "2024-07-30T08:21:17.000Z",
      "modelId": "tiiuae/falcon-mamba-7b-instruct"
    },
    {
      "_id": "66b73ae8512dac2ac097e064",
      "id": "tiiuae/falcon-mamba-7b-instruct-4bit",
      "likes": 12,
      "trendingScore": 0,
      "private": false,
      "downloads": 22,
      "tags": [
        "safetensors",
        "falcon_mamba",
        "en",
        "dataset:tiiuae/falcon-refinedweb",
        "dataset:HuggingFaceFW/fineweb-edu",
        "arxiv:2312.00752",
        "arxiv:2410.05355",
        "base_model:tiiuae/falcon-mamba-7b-instruct",
        "base_model:quantized:tiiuae/falcon-mamba-7b-instruct",
        "license:other",
        "4-bit",
        "bitsandbytes",
        "region:us"
      ],
      "createdAt": "2024-08-10T10:03:20.000Z",
      "modelId": "tiiuae/falcon-mamba-7b-instruct-4bit"
    },
    {
      "_id": "66c20543d7a97701386a0d87",
      "id": "tiiuae/falcon-mamba-7b-instruct-Q8_0-GGUF",
      "likes": 5,
      "trendingScore": 0,
      "private": false,
      "downloads": 19,
      "tags": [
        "gguf",
        "en",
        "dataset:tiiuae/falcon-refinedweb",
        "arxiv:2312.00752",
        "arxiv:2410.05355",
        "base_model:tiiuae/falcon-mamba-7b-instruct",
        "base_model:quantized:tiiuae/falcon-mamba-7b-instruct",
        "license:other",
        "endpoints_compatible",
        "region:us",
        "conversational"
      ],
      "createdAt": "2024-08-18T14:29:23.000Z",
      "modelId": "tiiuae/falcon-mamba-7b-instruct-Q8_0-GGUF"
    },
    {
      "_id": "66c20565d1e94636c067a687",
      "id": "tiiuae/falcon-mamba-7b-Q8_0-GGUF",
      "likes": 2,
      "trendingScore": 0,
      "private": false,
      "downloads": 21,
      "tags": [
        "gguf",
        "en",
        "dataset:tiiuae/falcon-refinedweb",
        "arxiv:2312.00752",
        "arxiv:2410.05355",
        "base_model:tiiuae/falcon-mamba-7b",
        "base_model:quantized:tiiuae/falcon-mamba-7b",
        "license:other",
        "endpoints_compatible",
        "region:us"
      ],
      "createdAt": "2024-08-18T14:29:57.000Z",
      "modelId": "tiiuae/falcon-mamba-7b-Q8_0-GGUF"
    },
    {
      "_id": "66c3553a2777c05070d96b45",
      "id": "tiiuae/falcon-mamba-7b-F16-GGUF",
      "likes": 1,
      "trendingScore": 0,
      "private": false,
      "downloads": 34,
      "tags": [
        "gguf",
        "en",
        "dataset:tiiuae/falcon-refinedweb",
        "arxiv:2312.00752",
        "arxiv:2410.05355",
        "base_model:tiiuae/falcon-mamba-7b",
        "base_model:quantized:tiiuae/falcon-mamba-7b",
        "license:other",
        "endpoints_compatible",
        "region:us"
      ],
      "createdAt": "2024-08-19T14:22:50.000Z",
      "modelId": "tiiuae/falcon-mamba-7b-F16-GGUF"
    },
    {
      "_id": "66c35558fa92c9e00a177fd1",
      "id": "tiiuae/falcon-mamba-7b-BF16-GGUF",
      "likes": 2,
      "trendingScore": 0,
      "private": false,
      "downloads": 16,
      "tags": [
        "gguf",
        "en",
        "dataset:tiiuae/falcon-refinedweb",
        "arxiv:2312.00752",
        "arxiv:2410.05355",
        "base_model:tiiuae/falcon-mamba-7b",
        "base_model:quantized:tiiuae/falcon-mamba-7b",
        "license:other",
        "endpoints_compatible",
        "region:us"
      ],
      "createdAt": "2024-08-19T14:23:20.000Z",
      "modelId": "tiiuae/falcon-mamba-7b-BF16-GGUF"
    },
    {
      "_id": "66c3567dc55655c71554389e",
      "id": "tiiuae/falcon-mamba-7b-instruct-F16-GGUF",
      "likes": 2,
      "trendingScore": 0,
      "private": false,
      "downloads": 39,
      "tags": [
        "gguf",
        "en",
        "dataset:tiiuae/falcon-refinedweb",
        "arxiv:2312.00752",
        "arxiv:2410.05355",
        "base_model:tiiuae/falcon-mamba-7b-instruct",
        "base_model:quantized:tiiuae/falcon-mamba-7b-instruct",
        "license:other",
        "endpoints_compatible",
        "region:us",
        "conversational"
      ],
      "createdAt": "2024-08-19T14:28:13.000Z",
      "modelId": "tiiuae/falcon-mamba-7b-instruct-F16-GGUF"
    },
    {
      "_id": "66c357df7be2e673899eecea",
      "id": "tiiuae/falcon-mamba-7b-instruct-BF16-GGUF",
      "likes": 1,
      "trendingScore": 0,
      "private": false,
      "downloads": 21,
      "tags": [
        "gguf",
        "en",
        "dataset:tiiuae/falcon-refinedweb",
        "arxiv:2312.00752",
        "arxiv:2410.05355",
        "base_model:tiiuae/falcon-mamba-7b-instruct",
        "base_model:quantized:tiiuae/falcon-mamba-7b-instruct",
        "license:other",
        "endpoints_compatible",
        "region:us",
        "conversational"
      ],
      "createdAt": "2024-08-19T14:34:07.000Z",
      "modelId": "tiiuae/falcon-mamba-7b-instruct-BF16-GGUF"
    },
    {
      "_id": "66c3784fa474a917fcb47b1a",
      "id": "tiiuae/falcon-mamba-7b-Q4_K_M-GGUF",
      "likes": 1,
      "trendingScore": 0,
      "private": false,
      "downloads": 21,
      "tags": [
        "gguf",
        "en",
        "dataset:tiiuae/falcon-refinedweb",
        "arxiv:2312.00752",
        "arxiv:2410.05355",
        "base_model:tiiuae/falcon-mamba-7b",
        "base_model:quantized:tiiuae/falcon-mamba-7b",
        "license:other",
        "endpoints_compatible",
        "region:us"
      ],
      "createdAt": "2024-08-19T16:52:31.000Z",
      "modelId": "tiiuae/falcon-mamba-7b-Q4_K_M-GGUF"
    },
    {
      "_id": "66c3786aa03b764ca93018ce",
      "id": "tiiuae/falcon-mamba-7b-instruct-Q4_K_M-GGUF",
      "likes": 5,
      "trendingScore": 0,
      "private": false,
      "downloads": 5435,
      "tags": [
        "gguf",
        "en",
        "dataset:tiiuae/falcon-refinedweb",
        "arxiv:2312.00752",
        "arxiv:2410.05355",
        "base_model:tiiuae/falcon-mamba-7b-instruct",
        "base_model:quantized:tiiuae/falcon-mamba-7b-instruct",
        "license:other",
        "endpoints_compatible",
        "region:us",
        "conversational"
      ],
      "createdAt": "2024-08-19T16:52:58.000Z",
      "modelId": "tiiuae/falcon-mamba-7b-instruct-Q4_K_M-GGUF"
    },
    {
      "_id": "66ece6077627468462bb4e81",
      "id": "RichardErkhov/tiiuae_-_falcon-mamba-7b-instruct-gguf",
      "likes": 0,
      "trendingScore": 0,
      "private": false,
      "downloads": 18,
      "tags": [
        "gguf",
        "arxiv:2312.00752",
        "endpoints_compatible",
        "region:us",
        "conversational"
      ],
      "createdAt": "2024-09-20T03:03:35.000Z",
      "modelId": "RichardErkhov/tiiuae_-_falcon-mamba-7b-instruct-gguf"
    },
    {
      "_id": "66ecf4282e68abec682cf077",
      "id": "RichardErkhov/tiiuae_-_falcon-mamba-7b-gguf",
      "likes": 0,
      "trendingScore": 0,
      "private": false,
      "downloads": 2,
      "tags": [
        "gguf",
        "arxiv:2312.00752",
        "endpoints_compatible",
        "region:us"
      ],
      "createdAt": "2024-09-20T04:03:52.000Z",
      "modelId": "RichardErkhov/tiiuae_-_falcon-mamba-7b-gguf"
    },
    {
      "_id": "6703e5ef6fd3c9b6f63745fb",
      "id": "tiiuae/falcon-mamba-7b-pre-decay",
      "likes": 3,
      "trendingScore": 0,
      "private": false,
      "downloads": 8,
      "tags": [
        "safetensors",
        "falcon_mamba",
        "en",
        "dataset:tiiuae/falcon-refinedweb",
        "dataset:HuggingFaceFW/fineweb-edu",
        "arxiv:2410.05355",
        "arxiv:2312.00752",
        "license:other",
        "region:us"
      ],
      "createdAt": "2024-10-07T13:45:19.000Z",
      "modelId": "tiiuae/falcon-mamba-7b-pre-decay"
    },
    {
      "_id": "670b7593b43c083cccb1b5e9",
      "id": "RichardErkhov/tiiuae_-_falcon-7b-instruct-gguf",
      "likes": 0,
      "trendingScore": 0,
      "private": false,
      "downloads": 5,
      "tags": [
        "gguf",
        "arxiv:2205.14135",
        "arxiv:1911.02150",
        "arxiv:2005.14165",
        "arxiv:2104.09864",
        "arxiv:2306.01116",
        "endpoints_compatible",
        "region:us",
        "conversational"
      ],
      "createdAt": "2024-10-13T07:24:03.000Z",
      "modelId": "RichardErkhov/tiiuae_-_falcon-7b-instruct-gguf"
    },
    {
      "_id": "670b99cf0ddd44635ad2130e",
      "id": "RichardErkhov/tiiuae_-_falcon-7b-gguf",
      "likes": 0,
      "trendingScore": 0,
      "private": false,
      "downloads": 22,
      "tags": [
        "gguf",
        "arxiv:2205.14135",
        "arxiv:1911.02150",
        "arxiv:2101.00027",
        "arxiv:2005.14165",
        "arxiv:2104.09864",
        "arxiv:2306.01116",
        "endpoints_compatible",
        "region:us"
      ],
      "createdAt": "2024-10-13T09:58:39.000Z",
      "modelId": "RichardErkhov/tiiuae_-_falcon-7b-gguf"
    },
    {
      "_id": "67128a80ae2407d6e82753e4",
      "id": "RichardErkhov/tiiuae_-_falcon-7b-instruct-4bits",
      "likes": 0,
      "trendingScore": 0,
      "private": false,
      "downloads": 3,
      "tags": [
        "safetensors",
        "falcon",
        "custom_code",
        "arxiv:2205.14135",
        "arxiv:1911.02150",
        "arxiv:2005.14165",
        "arxiv:2104.09864",
        "arxiv:2306.01116",
        "4-bit",
        "bitsandbytes",
        "region:us"
      ],
      "createdAt": "2024-10-18T16:19:12.000Z",
      "modelId": "RichardErkhov/tiiuae_-_falcon-7b-instruct-4bits"
    },
    {
      "_id": "67128bfc318960a900f96323",
      "id": "RichardErkhov/tiiuae_-_falcon-7b-instruct-8bits",
      "likes": 0,
      "trendingScore": 0,
      "private": false,
      "downloads": 2,
      "tags": [
        "safetensors",
        "falcon",
        "custom_code",
        "arxiv:2205.14135",
        "arxiv:1911.02150",
        "arxiv:2005.14165",
        "arxiv:2104.09864",
        "arxiv:2306.01116",
        "8-bit",
        "bitsandbytes",
        "region:us"
      ],
      "createdAt": "2024-10-18T16:25:32.000Z",
      "modelId": "RichardErkhov/tiiuae_-_falcon-7b-instruct-8bits"
    },
    {
      "_id": "672ce44b5e8dfb9588ec5756",
      "id": "DevQuasar/tiiuae.falcon-7b-GGUF",
      "likes": 0,
      "trendingScore": 0,
      "private": false,
      "downloads": 24,
      "tags": [
        "gguf",
        "text-generation",
        "base_model:tiiuae/falcon-7b",
        "base_model:quantized:tiiuae/falcon-7b",
        "endpoints_compatible",
        "region:us"
      ],
      "pipeline_tag": "text-generation",
      "createdAt": "2024-11-07T16:01:15.000Z",
      "modelId": "DevQuasar/tiiuae.falcon-7b-GGUF"
    },
    {
      "_id": "6735e32fb403886c21eee8aa",
      "id": "tiiuae/Falcon3-7B-Base-1.58bit",
      "likes": 2,
      "trendingScore": 0,
      "private": false,
      "downloads": 34,
      "tags": [
        "transformers",
        "safetensors",
        "llama",
        "text-generation",
        "bitnet",
        "falcon3",
        "arxiv:2402.17764",
        "base_model:tiiuae/Falcon3-7B-Base",
        "base_model:quantized:tiiuae/Falcon3-7B-Base",
        "autotrain_compatible",
        "text-generation-inference",
        "endpoints_compatible",
        "8-bit",
        "region:us"
      ],
      "pipeline_tag": "text-generation",
      "library_name": "transformers",
      "createdAt": "2024-11-14T11:46:55.000Z",
      "modelId": "tiiuae/Falcon3-7B-Base-1.58bit"
    },
    {
      "_id": "673f00359650116f044133ac",
      "id": "tiiuae/Falcon3-7B-Base",
      "likes": 33,
      "trendingScore": 0,
      "private": false,
      "downloads": 10316,
      "tags": [
        "transformers",
        "safetensors",
        "llama",
        "text-generation",
        "falcon3",
        "en",
        "fr",
        "es",
        "pt",
        "license:other",
        "autotrain_compatible",
        "text-generation-inference",
        "endpoints_compatible",
        "region:us"
      ],
      "pipeline_tag": "text-generation",
      "library_name": "transformers",
      "createdAt": "2024-11-21T09:41:09.000Z",
      "modelId": "tiiuae/Falcon3-7B-Base"
    },
    {
      "_id": "674826e91439b985e4d45b6b",
      "id": "tiiuae/Falcon3-7B-Instruct-1.58bit",
      "likes": 15,
      "trendingScore": 0,
      "private": false,
      "downloads": 2363,
      "tags": [
        "transformers",
        "safetensors",
        "llama",
        "text-generation",
        "bitnet",
        "falcon3",
        "conversational",
        "arxiv:2402.17764",
        "base_model:tiiuae/Falcon3-7B-Instruct",
        "base_model:quantized:tiiuae/Falcon3-7B-Instruct",
        "license:other",
        "autotrain_compatible",
        "text-generation-inference",
        "endpoints_compatible",
        "8-bit",
        "region:us"
      ],
      "pipeline_tag": "text-generation",
      "library_name": "transformers",
      "createdAt": "2024-11-28T08:16:41.000Z",
      "modelId": "tiiuae/Falcon3-7B-Instruct-1.58bit"
    },
    {
      "_id": "6749937f2e62a1fc6eaf15d2",
      "id": "tiiuae/Falcon3-7B-Instruct",
      "likes": 72,
      "trendingScore": 0,
      "private": false,
      "downloads": 30472,
      "tags": [
        "transformers",
        "safetensors",
        "llama",
        "text-generation",
        "falcon3",
        "conversational",
        "en",
        "fr",
        "es",
        "pt",
        "base_model:tiiuae/Falcon3-7B-Base",
        "base_model:finetune:tiiuae/Falcon3-7B-Base",
        "license:other",
        "autotrain_compatible",
        "text-generation-inference",
        "endpoints_compatible",
        "region:us"
      ],
      "pipeline_tag": "text-generation",
      "library_name": "transformers",
      "createdAt": "2024-11-29T10:12:15.000Z",
      "modelId": "tiiuae/Falcon3-7B-Instruct"
    },
    {
      "_id": "67598f5da6af16550a3d69d2",
      "id": "tiiuae/Falcon3-Mamba-7B-Base",
      "likes": 23,
      "trendingScore": 0,
      "private": false,
      "downloads": 159,
      "tags": [
        "transformers",
        "safetensors",
        "falcon_mamba",
        "text-generation",
        "falcon3",
        "falcon3_mamba",
        "en",
        "arxiv:2410.05355",
        "license:other",
        "autotrain_compatible",
        "endpoints_compatible",
        "region:us"
      ],
      "pipeline_tag": "text-generation",
      "library_name": "transformers",
      "createdAt": "2024-12-11T13:10:53.000Z",
      "modelId": "tiiuae/Falcon3-Mamba-7B-Base"
    },
    {
      "_id": "675d4c8ec4dc0430aa84cfaf",
      "id": "tiiuae/Falcon3-7B-Instruct-GPTQ-Int8",
      "likes": 0,
      "trendingScore": 0,
      "private": false,
      "downloads": 8,
      "tags": [
        "safetensors",
        "llama",
        "falcon3",
        "en",
        "fr",
        "es",
        "pt",
        "base_model:tiiuae/Falcon3-7B-Instruct",
        "base_model:quantized:tiiuae/Falcon3-7B-Instruct",
        "license:other",
        "8-bit",
        "gptq",
        "region:us"
      ],
      "createdAt": "2024-12-14T09:14:54.000Z",
      "modelId": "tiiuae/Falcon3-7B-Instruct-GPTQ-Int8"
    }
  ]
}