{
  "items": [
    {
      "_id": "621ffdc036468d709f174364",
      "id": "FacebookAI/xlm-roberta-base",
      "likes": 713,
      "trendingScore": 4,
      "private": false,
      "downloads": 9634931,
      "tags": [
        "transformers",
        "pytorch",
        "tf",
        "jax",
        "onnx",
        "safetensors",
        "xlm-roberta",
        "fill-mask",
        "exbert",
        "multilingual",
        "af",
        "am",
        "ar",
        "as",
        "az",
        "be",
        "bg",
        "bn",
        "br",
        "bs",
        "ca",
        "cs",
        "cy",
        "da",
        "de",
        "el",
        "en",
        "eo",
        "es",
        "et",
        "eu",
        "fa",
        "fi",
        "fr",
        "fy",
        "ga",
        "gd",
        "gl",
        "gu",
        "ha",
        "he",
        "hi",
        "hr",
        "hu",
        "hy",
        "id",
        "is",
        "it",
        "ja",
        "jv",
        "ka",
        "kk",
        "km",
        "kn",
        "ko",
        "ku",
        "ky",
        "la",
        "lo",
        "lt",
        "lv",
        "mg",
        "mk",
        "ml",
        "mn",
        "mr",
        "ms",
        "my",
        "ne",
        "nl",
        "no",
        "om",
        "or",
        "pa",
        "pl",
        "ps",
        "pt",
        "ro",
        "ru",
        "sa",
        "sd",
        "si",
        "sk",
        "sl",
        "so",
        "sq",
        "sr",
        "su",
        "sv",
        "sw",
        "ta",
        "te",
        "th",
        "tl",
        "tr",
        "ug",
        "uk",
        "ur",
        "uz",
        "vi",
        "xh",
        "yi",
        "zh",
        "arxiv:1911.02116",
        "license:mit",
        "autotrain_compatible",
        "endpoints_compatible",
        "region:us"
      ],
      "pipeline_tag": "fill-mask",
      "library_name": "transformers",
      "createdAt": "2022-03-02T23:29:04.000Z",
      "modelId": "FacebookAI/xlm-roberta-base"
    },
    {
      "_id": "621ffdc036468d709f174369",
      "id": "FacebookAI/xlm-roberta-large",
      "likes": 460,
      "trendingScore": 1,
      "private": false,
      "downloads": 4160894,
      "tags": [
        "transformers",
        "pytorch",
        "tf",
        "jax",
        "onnx",
        "safetensors",
        "xlm-roberta",
        "fill-mask",
        "exbert",
        "multilingual",
        "af",
        "am",
        "ar",
        "as",
        "az",
        "be",
        "bg",
        "bn",
        "br",
        "bs",
        "ca",
        "cs",
        "cy",
        "da",
        "de",
        "el",
        "en",
        "eo",
        "es",
        "et",
        "eu",
        "fa",
        "fi",
        "fr",
        "fy",
        "ga",
        "gd",
        "gl",
        "gu",
        "ha",
        "he",
        "hi",
        "hr",
        "hu",
        "hy",
        "id",
        "is",
        "it",
        "ja",
        "jv",
        "ka",
        "kk",
        "km",
        "kn",
        "ko",
        "ku",
        "ky",
        "la",
        "lo",
        "lt",
        "lv",
        "mg",
        "mk",
        "ml",
        "mn",
        "mr",
        "ms",
        "my",
        "ne",
        "nl",
        "no",
        "om",
        "or",
        "pa",
        "pl",
        "ps",
        "pt",
        "ro",
        "ru",
        "sa",
        "sd",
        "si",
        "sk",
        "sl",
        "so",
        "sq",
        "sr",
        "su",
        "sv",
        "sw",
        "ta",
        "te",
        "th",
        "tl",
        "tr",
        "ug",
        "uk",
        "ur",
        "uz",
        "vi",
        "xh",
        "yi",
        "zh",
        "arxiv:1911.02116",
        "license:mit",
        "autotrain_compatible",
        "endpoints_compatible",
        "region:us"
      ],
      "pipeline_tag": "fill-mask",
      "library_name": "transformers",
      "createdAt": "2022-03-02T23:29:04.000Z",
      "modelId": "FacebookAI/xlm-roberta-large"
    },
    {
      "_id": "621ffdc036468d709f174365",
      "id": "FacebookAI/xlm-roberta-large-finetuned-conll02-dutch",
      "likes": 4,
      "trendingScore": 0,
      "private": false,
      "downloads": 386,
      "tags": [
        "transformers",
        "pytorch",
        "rust",
        "xlm-roberta",
        "fill-mask",
        "multilingual",
        "af",
        "am",
        "ar",
        "as",
        "az",
        "be",
        "bg",
        "bn",
        "br",
        "bs",
        "ca",
        "cs",
        "cy",
        "da",
        "de",
        "el",
        "en",
        "eo",
        "es",
        "et",
        "eu",
        "fa",
        "fi",
        "fr",
        "fy",
        "ga",
        "gd",
        "gl",
        "gu",
        "ha",
        "he",
        "hi",
        "hr",
        "hu",
        "hy",
        "id",
        "is",
        "it",
        "ja",
        "jv",
        "ka",
        "kk",
        "km",
        "kn",
        "ko",
        "ku",
        "ky",
        "la",
        "lo",
        "lt",
        "lv",
        "mg",
        "mk",
        "ml",
        "mn",
        "mr",
        "ms",
        "my",
        "ne",
        "nl",
        "no",
        "om",
        "or",
        "pa",
        "pl",
        "ps",
        "pt",
        "ro",
        "ru",
        "sa",
        "sd",
        "si",
        "sk",
        "sl",
        "so",
        "sq",
        "sr",
        "su",
        "sv",
        "sw",
        "ta",
        "te",
        "th",
        "tl",
        "tr",
        "ug",
        "uk",
        "ur",
        "uz",
        "vi",
        "xh",
        "yi",
        "zh",
        "arxiv:1911.02116",
        "arxiv:1910.09700",
        "autotrain_compatible",
        "endpoints_compatible",
        "region:us"
      ],
      "pipeline_tag": "fill-mask",
      "library_name": "transformers",
      "createdAt": "2022-03-02T23:29:04.000Z",
      "modelId": "FacebookAI/xlm-roberta-large-finetuned-conll02-dutch"
    },
    {
      "_id": "621ffdc036468d709f174366",
      "id": "FacebookAI/xlm-roberta-large-finetuned-conll02-spanish",
      "likes": 2,
      "trendingScore": 0,
      "private": false,
      "downloads": 884,
      "tags": [
        "transformers",
        "pytorch",
        "rust",
        "safetensors",
        "xlm-roberta",
        "fill-mask",
        "multilingual",
        "af",
        "am",
        "ar",
        "as",
        "az",
        "be",
        "bg",
        "bn",
        "br",
        "bs",
        "ca",
        "cs",
        "cy",
        "da",
        "de",
        "el",
        "en",
        "eo",
        "es",
        "et",
        "eu",
        "fa",
        "fi",
        "fr",
        "fy",
        "ga",
        "gd",
        "gl",
        "gu",
        "ha",
        "he",
        "hi",
        "hr",
        "hu",
        "hy",
        "id",
        "is",
        "it",
        "ja",
        "jv",
        "ka",
        "kk",
        "km",
        "kn",
        "ko",
        "ku",
        "ky",
        "la",
        "lo",
        "lt",
        "lv",
        "mg",
        "mk",
        "ml",
        "mn",
        "mr",
        "ms",
        "my",
        "ne",
        "nl",
        "no",
        "om",
        "or",
        "pa",
        "pl",
        "ps",
        "pt",
        "ro",
        "ru",
        "sa",
        "sd",
        "si",
        "sk",
        "sl",
        "so",
        "sq",
        "sr",
        "su",
        "sv",
        "sw",
        "ta",
        "te",
        "th",
        "tl",
        "tr",
        "ug",
        "uk",
        "ur",
        "uz",
        "vi",
        "xh",
        "yi",
        "zh",
        "arxiv:1911.02116",
        "arxiv:1910.09700",
        "autotrain_compatible",
        "endpoints_compatible",
        "region:us"
      ],
      "pipeline_tag": "fill-mask",
      "library_name": "transformers",
      "createdAt": "2022-03-02T23:29:04.000Z",
      "modelId": "FacebookAI/xlm-roberta-large-finetuned-conll02-spanish"
    },
    {
      "_id": "621ffdc036468d709f174367",
      "id": "FacebookAI/xlm-roberta-large-finetuned-conll03-english",
      "likes": 172,
      "trendingScore": 0,
      "private": false,
      "downloads": 111831,
      "tags": [
        "transformers",
        "pytorch",
        "rust",
        "onnx",
        "safetensors",
        "xlm-roberta",
        "token-classification",
        "multilingual",
        "af",
        "am",
        "ar",
        "as",
        "az",
        "be",
        "bg",
        "bn",
        "br",
        "bs",
        "ca",
        "cs",
        "cy",
        "da",
        "de",
        "el",
        "en",
        "eo",
        "es",
        "et",
        "eu",
        "fa",
        "fi",
        "fr",
        "fy",
        "ga",
        "gd",
        "gl",
        "gu",
        "ha",
        "he",
        "hi",
        "hr",
        "hu",
        "hy",
        "id",
        "is",
        "it",
        "ja",
        "jv",
        "ka",
        "kk",
        "km",
        "kn",
        "ko",
        "ku",
        "ky",
        "la",
        "lo",
        "lt",
        "lv",
        "mg",
        "mk",
        "ml",
        "mn",
        "mr",
        "ms",
        "my",
        "ne",
        "nl",
        "no",
        "om",
        "or",
        "pa",
        "pl",
        "ps",
        "pt",
        "ro",
        "ru",
        "sa",
        "sd",
        "si",
        "sk",
        "sl",
        "so",
        "sq",
        "sr",
        "su",
        "sv",
        "sw",
        "ta",
        "te",
        "th",
        "tl",
        "tr",
        "ug",
        "uk",
        "ur",
        "uz",
        "vi",
        "xh",
        "yi",
        "zh",
        "arxiv:1911.02116",
        "arxiv:2008.03415",
        "arxiv:1910.09700",
        "autotrain_compatible",
        "endpoints_compatible",
        "region:us"
      ],
      "pipeline_tag": "token-classification",
      "library_name": "transformers",
      "createdAt": "2022-03-02T23:29:04.000Z",
      "modelId": "FacebookAI/xlm-roberta-large-finetuned-conll03-english"
    },
    {
      "_id": "621ffdc036468d709f174368",
      "id": "FacebookAI/xlm-roberta-large-finetuned-conll03-german",
      "likes": 13,
      "trendingScore": 0,
      "private": false,
      "downloads": 281131,
      "tags": [
        "transformers",
        "pytorch",
        "rust",
        "onnx",
        "xlm-roberta",
        "token-classification",
        "multilingual",
        "af",
        "am",
        "ar",
        "as",
        "az",
        "be",
        "bg",
        "bn",
        "br",
        "bs",
        "ca",
        "cs",
        "cy",
        "da",
        "de",
        "el",
        "en",
        "eo",
        "es",
        "et",
        "eu",
        "fa",
        "fi",
        "fr",
        "fy",
        "ga",
        "gd",
        "gl",
        "gu",
        "ha",
        "he",
        "hi",
        "hr",
        "hu",
        "hy",
        "id",
        "is",
        "it",
        "ja",
        "jv",
        "ka",
        "kk",
        "km",
        "kn",
        "ko",
        "ku",
        "ky",
        "la",
        "lo",
        "lt",
        "lv",
        "mg",
        "mk",
        "ml",
        "mn",
        "mr",
        "ms",
        "my",
        "ne",
        "nl",
        "no",
        "om",
        "or",
        "pa",
        "pl",
        "ps",
        "pt",
        "ro",
        "ru",
        "sa",
        "sd",
        "si",
        "sk",
        "sl",
        "so",
        "sq",
        "sr",
        "su",
        "sv",
        "sw",
        "ta",
        "te",
        "th",
        "tl",
        "tr",
        "ug",
        "uk",
        "ur",
        "uz",
        "vi",
        "xh",
        "yi",
        "zh",
        "arxiv:1911.02116",
        "arxiv:1910.09700",
        "autotrain_compatible",
        "endpoints_compatible",
        "region:us"
      ],
      "pipeline_tag": "token-classification",
      "library_name": "transformers",
      "createdAt": "2022-03-02T23:29:04.000Z",
      "modelId": "FacebookAI/xlm-roberta-large-finetuned-conll03-german"
    },
    {
      "_id": "65b8d9e615b981c756677414",
      "id": "juan-glez29/ideology-FacebookAI-xlm-roberta-large",
      "likes": 0,
      "trendingScore": 0,
      "private": false,
      "downloads": 4,
      "tags": [
        "transformers",
        "safetensors",
        "roberta",
        "text-classification",
        "license:apache-2.0",
        "autotrain_compatible",
        "endpoints_compatible",
        "region:us"
      ],
      "pipeline_tag": "text-classification",
      "library_name": "transformers",
      "createdAt": "2024-01-30T11:13:42.000Z",
      "modelId": "juan-glez29/ideology-FacebookAI-xlm-roberta-large"
    },
    {
      "_id": "65f090464b0b4771dbb687fe",
      "id": "daze-unlv/FacebookAI-xlm-roberta-base",
      "likes": 0,
      "trendingScore": 0,
      "private": false,
      "downloads": 0,
      "tags": [
        "transformers",
        "tensorboard",
        "safetensors",
        "xlm-roberta",
        "multiple-choice",
        "generated_from_trainer",
        "base_model:FacebookAI/xlm-roberta-base",
        "base_model:finetune:FacebookAI/xlm-roberta-base",
        "license:mit",
        "endpoints_compatible",
        "region:us"
      ],
      "pipeline_tag": "multiple-choice",
      "library_name": "transformers",
      "createdAt": "2024-03-12T17:26:30.000Z",
      "modelId": "daze-unlv/FacebookAI-xlm-roberta-base"
    },
    {
      "_id": "67333622c7b41d8609d5fb85",
      "id": "Carick/FacebookAI-xlm-roberta-base-fine-tuned-term-typing",
      "likes": 0,
      "trendingScore": 0,
      "private": false,
      "downloads": 4,
      "tags": [
        "transformers",
        "safetensors",
        "xlm-roberta",
        "text-classification",
        "generated_from_trainer",
        "base_model:FacebookAI/xlm-roberta-base",
        "base_model:finetune:FacebookAI/xlm-roberta-base",
        "license:mit",
        "autotrain_compatible",
        "endpoints_compatible",
        "region:us"
      ],
      "pipeline_tag": "text-classification",
      "library_name": "transformers",
      "createdAt": "2024-11-12T11:04:02.000Z",
      "modelId": "Carick/FacebookAI-xlm-roberta-base-fine-tuned-term-typing"
    },
    {
      "_id": "67d720b397767f4925e44da4",
      "id": "Sukanyan/FacebookAI_xlm-roberta-large",
      "likes": 0,
      "trendingScore": 0,
      "private": false,
      "downloads": 5,
      "tags": [
        "transformers",
        "safetensors",
        "xlm-roberta",
        "text-classification",
        "generated_from_trainer",
        "base_model:FacebookAI/xlm-roberta-large",
        "base_model:finetune:FacebookAI/xlm-roberta-large",
        "license:mit",
        "autotrain_compatible",
        "endpoints_compatible",
        "region:us"
      ],
      "pipeline_tag": "text-classification",
      "library_name": "transformers",
      "createdAt": "2025-03-16T19:04:19.000Z",
      "modelId": "Sukanyan/FacebookAI_xlm-roberta-large"
    },
    {
      "_id": "682f88095b600598751ffac7",
      "id": "Ewel/FacebookAI_xlm_roberta_base",
      "likes": 0,
      "trendingScore": 0,
      "private": false,
      "downloads": 5,
      "tags": [
        "pytorch",
        "tf",
        "jax",
        "onnx",
        "safetensors",
        "xlm-roberta",
        "exbert",
        "multilingual",
        "af",
        "am",
        "ar",
        "as",
        "az",
        "be",
        "bg",
        "bn",
        "br",
        "bs",
        "ca",
        "cs",
        "cy",
        "da",
        "de",
        "el",
        "en",
        "eo",
        "es",
        "et",
        "eu",
        "fa",
        "fi",
        "fr",
        "fy",
        "ga",
        "gd",
        "gl",
        "gu",
        "ha",
        "he",
        "hi",
        "hr",
        "hu",
        "hy",
        "id",
        "is",
        "it",
        "ja",
        "jv",
        "ka",
        "kk",
        "km",
        "kn",
        "ko",
        "ku",
        "ky",
        "la",
        "lo",
        "lt",
        "lv",
        "mg",
        "mk",
        "ml",
        "mn",
        "mr",
        "ms",
        "my",
        "ne",
        "nl",
        "no",
        "om",
        "or",
        "pa",
        "pl",
        "ps",
        "pt",
        "ro",
        "ru",
        "sa",
        "sd",
        "si",
        "sk",
        "sl",
        "so",
        "sq",
        "sr",
        "su",
        "sv",
        "sw",
        "ta",
        "te",
        "th",
        "tl",
        "tr",
        "ug",
        "uk",
        "ur",
        "uz",
        "vi",
        "xh",
        "yi",
        "zh",
        "arxiv:1911.02116",
        "license:mit",
        "region:us"
      ],
      "createdAt": "2025-05-22T20:24:41.000Z",
      "modelId": "Ewel/FacebookAI_xlm_roberta_base"
    },
    {
      "_id": "683575ca6cf009790a04bf60",
      "id": "Sukanyan/FacebookAI_xlm-roberta-base",
      "likes": 0,
      "trendingScore": 0,
      "private": false,
      "downloads": 5,
      "tags": [
        "safetensors",
        "xlm-roberta",
        "region:us"
      ],
      "createdAt": "2025-05-27T08:20:26.000Z",
      "modelId": "Sukanyan/FacebookAI_xlm-roberta-base"
    }
  ]
}