{
  "items": [
    {
      "_id": "621ffdc036468d709f174435",
      "id": "ARATHI/electra-small-discriminator-fintuned-cola",
      "likes": 0,
      "trendingScore": 0,
      "private": false,
      "downloads": 0,
      "tags": [
        "region:us"
      ],
      "createdAt": "2022-03-02T23:29:04.000Z",
      "modelId": "ARATHI/electra-small-discriminator-fintuned-cola"
    },
    {
      "_id": "621ffdc036468d709f174f57",
      "id": "cinmodel/electra-small-japanese-discriminator",
      "likes": 1,
      "trendingScore": 0,
      "private": false,
      "downloads": 84,
      "tags": [
        "transformers",
        "pytorch",
        "electra",
        "pretraining",
        "ja",
        "license:apache-2.0",
        "endpoints_compatible",
        "region:us"
      ],
      "library_name": "transformers",
      "createdAt": "2022-03-02T23:29:04.000Z",
      "modelId": "cinmodel/electra-small-japanese-discriminator"
    },
    {
      "_id": "621ffdc036468d709f17625c",
      "id": "KBLab/electra-small-swedish-cased-discriminator",
      "likes": 0,
      "trendingScore": 0,
      "private": false,
      "downloads": 3,
      "tags": [
        "transformers",
        "pytorch",
        "tf",
        "electra",
        "pretraining",
        "endpoints_compatible",
        "region:us"
      ],
      "library_name": "transformers",
      "createdAt": "2022-03-02T23:29:04.000Z",
      "modelId": "KBLab/electra-small-swedish-cased-discriminator"
    },
    {
      "_id": "621ffdc036468d709f1766c3",
      "id": "Luisa/chinese-electra-180g-small-discriminator",
      "likes": 0,
      "trendingScore": 0,
      "private": false,
      "downloads": 0,
      "tags": [
        "region:us"
      ],
      "createdAt": "2022-03-02T23:29:04.000Z",
      "modelId": "Luisa/chinese-electra-180g-small-discriminator"
    },
    {
      "_id": "621ffdc036468d709f176e3e",
      "id": "Palak/google_electra-small-discriminator_squad",
      "likes": 0,
      "trendingScore": 0,
      "private": false,
      "downloads": 3,
      "tags": [
        "transformers",
        "pytorch",
        "electra",
        "question-answering",
        "generated_from_trainer",
        "dataset:squad",
        "license:apache-2.0",
        "endpoints_compatible",
        "region:us"
      ],
      "pipeline_tag": "question-answering",
      "library_name": "transformers",
      "createdAt": "2022-03-02T23:29:04.000Z",
      "modelId": "Palak/google_electra-small-discriminator_squad"
    },
    {
      "_id": "621ffdc136468d709f17a4c3",
      "id": "dbmdz/electra-small-turkish-cased-discriminator",
      "likes": 2,
      "trendingScore": 0,
      "private": false,
      "downloads": 41,
      "tags": [
        "transformers",
        "pytorch",
        "tf",
        "safetensors",
        "electra",
        "pretraining",
        "tr",
        "license:mit",
        "endpoints_compatible",
        "region:us"
      ],
      "library_name": "transformers",
      "createdAt": "2022-03-02T23:29:05.000Z",
      "modelId": "dbmdz/electra-small-turkish-cased-discriminator"
    },
    {
      "_id": "621ffdc136468d709f17a4d2",
      "id": "dbsamu/electra-small-discriminator-finetuned-ner",
      "likes": 1,
      "trendingScore": 0,
      "private": false,
      "downloads": 11,
      "tags": [
        "transformers",
        "pytorch",
        "tensorboard",
        "electra",
        "token-classification",
        "generated_from_trainer",
        "dataset:wikiann",
        "license:apache-2.0",
        "model-index",
        "autotrain_compatible",
        "endpoints_compatible",
        "region:us"
      ],
      "pipeline_tag": "token-classification",
      "library_name": "transformers",
      "createdAt": "2022-03-02T23:29:05.000Z",
      "modelId": "dbsamu/electra-small-discriminator-finetuned-ner"
    },
    {
      "_id": "621ffdc136468d709f17ab45",
      "id": "okanvk/med-electra-small-30k-discriminator",
      "likes": 0,
      "trendingScore": 0,
      "private": false,
      "downloads": 2,
      "tags": [
        "transformers",
        "pytorch",
        "electra",
        "pretraining",
        "endpoints_compatible",
        "region:us"
      ],
      "library_name": "transformers",
      "createdAt": "2022-03-02T23:29:05.000Z",
      "modelId": "okanvk/med-electra-small-30k-discriminator"
    },
    {
      "_id": "621ffdc136468d709f17ab46",
      "id": "okanvk/med-electra-small-64k-discriminator",
      "likes": 0,
      "trendingScore": 0,
      "private": false,
      "downloads": 2,
      "tags": [
        "transformers",
        "pytorch",
        "electra",
        "pretraining",
        "endpoints_compatible",
        "region:us"
      ],
      "library_name": "transformers",
      "createdAt": "2022-03-02T23:29:05.000Z",
      "modelId": "okanvk/med-electra-small-64k-discriminator"
    },
    {
      "_id": "621ffdc136468d709f17ab47",
      "id": "okanvk/med-electra-small-discriminator",
      "likes": 0,
      "trendingScore": 0,
      "private": false,
      "downloads": 1,
      "tags": [
        "transformers",
        "pytorch",
        "electra",
        "pretraining",
        "endpoints_compatible",
        "region:us"
      ],
      "library_name": "transformers",
      "createdAt": "2022-03-02T23:29:05.000Z",
      "modelId": "okanvk/med-electra-small-discriminator"
    },
    {
      "_id": "621ffdc136468d709f17b2dd",
      "id": "fspanda/electra-medical-small-discriminator",
      "likes": 0,
      "trendingScore": 0,
      "private": false,
      "downloads": 2,
      "tags": [
        "transformers",
        "pytorch",
        "electra",
        "pretraining",
        "endpoints_compatible",
        "region:us"
      ],
      "library_name": "transformers",
      "createdAt": "2022-03-02T23:29:05.000Z",
      "modelId": "fspanda/electra-medical-small-discriminator"
    },
    {
      "_id": "621ffdc136468d709f17b621",
      "id": "google/electra-small-discriminator",
      "likes": 33,
      "trendingScore": 0,
      "private": false,
      "downloads": 1539697,
      "tags": [
        "transformers",
        "pytorch",
        "tf",
        "jax",
        "electra",
        "pretraining",
        "en",
        "arxiv:1406.2661",
        "license:apache-2.0",
        "endpoints_compatible",
        "region:us"
      ],
      "library_name": "transformers",
      "createdAt": "2022-03-02T23:29:05.000Z",
      "modelId": "google/electra-small-discriminator"
    },
    {
      "_id": "621ffdc136468d709f17b910",
      "id": "hankzhong/electra-small-discriminator-finetuned-squad",
      "likes": 0,
      "trendingScore": 0,
      "private": false,
      "downloads": 2,
      "tags": [
        "transformers",
        "pytorch",
        "tensorboard",
        "electra",
        "question-answering",
        "generated_from_trainer",
        "dataset:squad",
        "license:apache-2.0",
        "endpoints_compatible",
        "region:us"
      ],
      "pipeline_tag": "question-answering",
      "library_name": "transformers",
      "createdAt": "2022-03-02T23:29:05.000Z",
      "modelId": "hankzhong/electra-small-discriminator-finetuned-squad"
    },
    {
      "_id": "621ffdc136468d709f17baa1",
      "id": "hfl/chinese-electra-180g-small-discriminator",
      "likes": 26,
      "trendingScore": 0,
      "private": false,
      "downloads": 497,
      "tags": [
        "transformers",
        "pytorch",
        "tf",
        "electra",
        "pretraining",
        "zh",
        "arxiv:2004.13922",
        "license:apache-2.0",
        "endpoints_compatible",
        "region:us"
      ],
      "library_name": "transformers",
      "createdAt": "2022-03-02T23:29:05.000Z",
      "modelId": "hfl/chinese-electra-180g-small-discriminator"
    },
    {
      "_id": "621ffdc136468d709f17baa2",
      "id": "hfl/chinese-electra-180g-small-ex-discriminator",
      "likes": 8,
      "trendingScore": 0,
      "private": false,
      "downloads": 4329,
      "tags": [
        "transformers",
        "pytorch",
        "tf",
        "electra",
        "zh",
        "arxiv:2004.13922",
        "license:apache-2.0",
        "endpoints_compatible",
        "region:us"
      ],
      "library_name": "transformers",
      "createdAt": "2022-03-02T23:29:05.000Z",
      "modelId": "hfl/chinese-electra-180g-small-ex-discriminator"
    },
    {
      "_id": "621ffdc136468d709f17baa9",
      "id": "hfl/chinese-electra-small-discriminator",
      "likes": 2,
      "trendingScore": 0,
      "private": false,
      "downloads": 82,
      "tags": [
        "transformers",
        "pytorch",
        "tf",
        "electra",
        "zh",
        "arxiv:2004.13922",
        "license:apache-2.0",
        "endpoints_compatible",
        "region:us"
      ],
      "library_name": "transformers",
      "createdAt": "2022-03-02T23:29:05.000Z",
      "modelId": "hfl/chinese-electra-small-discriminator"
    },
    {
      "_id": "621ffdc136468d709f17baaa",
      "id": "hfl/chinese-electra-small-ex-discriminator",
      "likes": 3,
      "trendingScore": 0,
      "private": false,
      "downloads": 6,
      "tags": [
        "transformers",
        "pytorch",
        "tf",
        "zh",
        "arxiv:2004.13922",
        "license:apache-2.0",
        "endpoints_compatible",
        "region:us"
      ],
      "library_name": "transformers",
      "createdAt": "2022-03-02T23:29:05.000Z",
      "modelId": "hfl/chinese-electra-small-ex-discriminator"
    },
    {
      "_id": "621ffdc136468d709f17bab1",
      "id": "hfl/chinese-legal-electra-small-discriminator",
      "likes": 1,
      "trendingScore": 0,
      "private": false,
      "downloads": 6,
      "tags": [
        "transformers",
        "pytorch",
        "tf",
        "electra",
        "pretraining",
        "zh",
        "arxiv:2004.13922",
        "license:apache-2.0",
        "endpoints_compatible",
        "region:us"
      ],
      "library_name": "transformers",
      "createdAt": "2022-03-02T23:29:05.000Z",
      "modelId": "hfl/chinese-legal-electra-small-discriminator"
    },
    {
      "_id": "621ffdc136468d709f17c712",
      "id": "husnu/electra-small-turkish-uncased-discriminator-finetuned_lr-2e-05_epochs-3",
      "likes": 0,
      "trendingScore": 0,
      "private": false,
      "downloads": 3,
      "tags": [
        "transformers",
        "pytorch",
        "tensorboard",
        "electra",
        "question-answering",
        "generated_from_trainer",
        "dataset:squad",
        "endpoints_compatible",
        "region:us"
      ],
      "pipeline_tag": "question-answering",
      "library_name": "transformers",
      "createdAt": "2022-03-02T23:29:05.000Z",
      "modelId": "husnu/electra-small-turkish-uncased-discriminator-finetuned_lr-2e-05_epochs-3"
    },
    {
      "_id": "621ffdc136468d709f17c713",
      "id": "husnu/electra-small-turkish-uncased-discriminator-finetuned_lr-2e-05_epochs-6",
      "likes": 0,
      "trendingScore": 0,
      "private": false,
      "downloads": 3,
      "tags": [
        "transformers",
        "pytorch",
        "tensorboard",
        "electra",
        "question-answering",
        "generated_from_trainer",
        "dataset:tsquad",
        "endpoints_compatible",
        "region:us"
      ],
      "pipeline_tag": "question-answering",
      "library_name": "transformers",
      "createdAt": "2022-03-02T23:29:05.000Z",
      "modelId": "husnu/electra-small-turkish-uncased-discriminator-finetuned_lr-2e-05_epochs-6"
    },
    {
      "_id": "621ffdc136468d709f17c714",
      "id": "husnu/electra-small-turkish-uncased-discriminator",
      "likes": 0,
      "trendingScore": 0,
      "private": false,
      "downloads": 3,
      "tags": [
        "transformers",
        "pytorch",
        "tensorboard",
        "electra",
        "question-answering",
        "generated_from_trainer",
        "dataset:squad",
        "endpoints_compatible",
        "region:us"
      ],
      "pipeline_tag": "question-answering",
      "library_name": "transformers",
      "createdAt": "2022-03-02T23:29:05.000Z",
      "modelId": "husnu/electra-small-turkish-uncased-discriminator"
    },
    {
      "_id": "621ffdc136468d709f17c9c4",
      "id": "izumi-lab/electra-small-japanese-discriminator",
      "likes": 0,
      "trendingScore": 0,
      "private": false,
      "downloads": 3,
      "tags": [
        "transformers",
        "pytorch",
        "electra",
        "pretraining",
        "ja",
        "dataset:wikipedia",
        "arxiv:2003.10555",
        "license:cc-by-sa-4.0",
        "endpoints_compatible",
        "region:us"
      ],
      "library_name": "transformers",
      "createdAt": "2022-03-02T23:29:05.000Z",
      "modelId": "izumi-lab/electra-small-japanese-discriminator"
    },
    {
      "_id": "621ffdc136468d709f17c9c5",
      "id": "izumi-lab/electra-small-japanese-fin-discriminator",
      "likes": 0,
      "trendingScore": 0,
      "private": false,
      "downloads": 5,
      "tags": [
        "transformers",
        "pytorch",
        "electra",
        "pretraining",
        "finance",
        "ja",
        "arxiv:2003.10555",
        "license:cc-by-sa-4.0",
        "endpoints_compatible",
        "region:us"
      ],
      "library_name": "transformers",
      "createdAt": "2022-03-02T23:29:05.000Z",
      "modelId": "izumi-lab/electra-small-japanese-fin-discriminator"
    },
    {
      "_id": "621ffdc136468d709f17c9c8",
      "id": "izumi-lab/electra-small-paper-japanese-discriminator",
      "likes": 1,
      "trendingScore": 0,
      "private": false,
      "downloads": 3,
      "tags": [
        "transformers",
        "pytorch",
        "electra",
        "pretraining",
        "ja",
        "dataset:wikipedia",
        "arxiv:2003.10555",
        "license:cc-by-sa-4.0",
        "endpoints_compatible",
        "region:us"
      ],
      "library_name": "transformers",
      "createdAt": "2022-03-02T23:29:05.000Z",
      "modelId": "izumi-lab/electra-small-paper-japanese-discriminator"
    },
    {
      "_id": "621ffdc136468d709f17c9c9",
      "id": "izumi-lab/electra-small-paper-japanese-fin-discriminator",
      "likes": 0,
      "trendingScore": 0,
      "private": false,
      "downloads": 6,
      "tags": [
        "transformers",
        "pytorch",
        "electra",
        "pretraining",
        "finance",
        "ja",
        "arxiv:2003.10555",
        "license:cc-by-sa-4.0",
        "endpoints_compatible",
        "region:us"
      ],
      "library_name": "transformers",
      "createdAt": "2022-03-02T23:29:05.000Z",
      "modelId": "izumi-lab/electra-small-paper-japanese-fin-discriminator"
    },
    {
      "_id": "621ffdc136468d709f17cad2",
      "id": "jcblaise/electra-tagalog-small-cased-discriminator",
      "likes": 0,
      "trendingScore": 0,
      "private": false,
      "downloads": 5,
      "tags": [
        "transformers",
        "pytorch",
        "electra",
        "pretraining",
        "tagalog",
        "filipino",
        "tl",
        "license:gpl-3.0",
        "region:us"
      ],
      "library_name": "transformers",
      "createdAt": "2022-03-02T23:29:05.000Z",
      "modelId": "jcblaise/electra-tagalog-small-cased-discriminator"
    },
    {
      "_id": "621ffdc136468d709f17cad4",
      "id": "jcblaise/electra-tagalog-small-uncased-discriminator-newsphnli",
      "likes": 0,
      "trendingScore": 0,
      "private": false,
      "downloads": 2,
      "tags": [
        "transformers",
        "pytorch",
        "tf",
        "electra",
        "text-classification",
        "autotrain_compatible",
        "endpoints_compatible",
        "region:us"
      ],
      "pipeline_tag": "text-classification",
      "library_name": "transformers",
      "createdAt": "2022-03-02T23:29:05.000Z",
      "modelId": "jcblaise/electra-tagalog-small-uncased-discriminator-newsphnli"
    },
    {
      "_id": "621ffdc136468d709f17cad5",
      "id": "jcblaise/electra-tagalog-small-uncased-discriminator",
      "likes": 0,
      "trendingScore": 0,
      "private": false,
      "downloads": 5,
      "tags": [
        "transformers",
        "pytorch",
        "electra",
        "pretraining",
        "tagalog",
        "filipino",
        "tl",
        "license:gpl-3.0",
        "region:us"
      ],
      "library_name": "transformers",
      "createdAt": "2022-03-02T23:29:05.000Z",
      "modelId": "jcblaise/electra-tagalog-small-uncased-discriminator"
    },
    {
      "_id": "621ffdc136468d709f17cf22",
      "id": "junnyu/electra_small_discriminator",
      "likes": 0,
      "trendingScore": 0,
      "private": false,
      "downloads": 2,
      "tags": [
        "transformers",
        "pytorch",
        "electra",
        "pretraining",
        "en",
        "dataset:openwebtext",
        "license:mit",
        "endpoints_compatible",
        "region:us"
      ],
      "library_name": "transformers",
      "createdAt": "2022-03-02T23:29:05.000Z",
      "modelId": "junnyu/electra_small_discriminator"
    },
    {
      "_id": "621ffdc136468d709f17d37d",
      "id": "krevas/finance-electra-small-discriminator",
      "likes": 0,
      "trendingScore": 0,
      "private": false,
      "downloads": 2,
      "tags": [
        "transformers",
        "pytorch",
        "electra",
        "pretraining",
        "endpoints_compatible",
        "region:us"
      ],
      "library_name": "transformers",
      "createdAt": "2022-03-02T23:29:05.000Z",
      "modelId": "krevas/finance-electra-small-discriminator"
    },
    {
      "_id": "621ffdc136468d709f17d925",
      "id": "loodos/electra-small-turkish-cased-discriminator",
      "likes": 0,
      "trendingScore": 0,
      "private": false,
      "downloads": 5,
      "tags": [
        "transformers",
        "pytorch",
        "tf",
        "electra",
        "pretraining",
        "tr",
        "endpoints_compatible",
        "region:us"
      ],
      "library_name": "transformers",
      "createdAt": "2022-03-02T23:29:05.000Z",
      "modelId": "loodos/electra-small-turkish-cased-discriminator"
    },
    {
      "_id": "621ffdc136468d709f17d926",
      "id": "loodos/electra-small-turkish-uncased-discriminator",
      "likes": 0,
      "trendingScore": 0,
      "private": false,
      "downloads": 4,
      "tags": [
        "transformers",
        "pytorch",
        "tf",
        "electra",
        "pretraining",
        "tr",
        "endpoints_compatible",
        "region:us"
      ],
      "library_name": "transformers",
      "createdAt": "2022-03-02T23:29:05.000Z",
      "modelId": "loodos/electra-small-turkish-uncased-discriminator"
    },
    {
      "_id": "621ffdc136468d709f180137",
      "id": "sarnikowski/electra-small-discriminator-da-256-cased",
      "likes": 0,
      "trendingScore": 0,
      "private": false,
      "downloads": 68,
      "tags": [
        "transformers",
        "pytorch",
        "tf",
        "electra",
        "pretraining",
        "da",
        "arxiv:2003.10555",
        "license:cc-by-4.0",
        "endpoints_compatible",
        "region:us"
      ],
      "library_name": "transformers",
      "createdAt": "2022-03-02T23:29:05.000Z",
      "modelId": "sarnikowski/electra-small-discriminator-da-256-cased"
    },
    {
      "_id": "621ffdc136468d709f180f48",
      "id": "tkwoo/electra-small-discriminator",
      "likes": 0,
      "trendingScore": 0,
      "private": false,
      "downloads": 5,
      "tags": [
        "transformers",
        "pytorch",
        "electra",
        "pretraining",
        "endpoints_compatible",
        "region:us"
      ],
      "library_name": "transformers",
      "createdAt": "2022-03-02T23:29:05.000Z",
      "modelId": "tkwoo/electra-small-discriminator"
    },
    {
      "_id": "621ffdc136468d709f180f90",
      "id": "toastynews/electra-hongkongese-small-discriminator",
      "likes": 3,
      "trendingScore": 0,
      "private": false,
      "downloads": 2,
      "tags": [
        "transformers",
        "pytorch",
        "tf",
        "electra",
        "pretraining",
        "yue",
        "license:apache-2.0",
        "endpoints_compatible",
        "region:us"
      ],
      "library_name": "transformers",
      "createdAt": "2022-03-02T23:29:05.000Z",
      "modelId": "toastynews/electra-hongkongese-small-discriminator"
    },
    {
      "_id": "62383a456dadcce9c72df127",
      "id": "Yaxin/electra-small-discriminator-yelp-mlm",
      "likes": 0,
      "trendingScore": 0,
      "private": false,
      "downloads": 2,
      "tags": [
        "transformers",
        "pytorch",
        "electra",
        "fill-mask",
        "generated_from_trainer",
        "dataset:yelp_review_full",
        "license:apache-2.0",
        "model-index",
        "autotrain_compatible",
        "endpoints_compatible",
        "region:us"
      ],
      "pipeline_tag": "fill-mask",
      "library_name": "transformers",
      "createdAt": "2022-03-21T08:41:41.000Z",
      "modelId": "Yaxin/electra-small-discriminator-yelp-mlm"
    },
    {
      "_id": "6254e59b777c5f644a416071",
      "id": "chiba/electra-small-japanese-discriminator_test",
      "likes": 0,
      "trendingScore": 0,
      "private": false,
      "downloads": 3,
      "tags": [
        "transformers",
        "pytorch",
        "electra",
        "question-answering",
        "endpoints_compatible",
        "region:us"
      ],
      "pipeline_tag": "question-answering",
      "library_name": "transformers",
      "createdAt": "2022-04-12T02:36:11.000Z",
      "modelId": "chiba/electra-small-japanese-discriminator_test"
    },
    {
      "_id": "62616b1b6dae705b25673cbd",
      "id": "Intel/electra-small-discriminator-mrpc",
      "likes": 0,
      "trendingScore": 0,
      "private": false,
      "downloads": 10,
      "tags": [
        "transformers",
        "pytorch",
        "electra",
        "text-classification",
        "generated_from_trainer",
        "en",
        "dataset:glue",
        "license:apache-2.0",
        "model-index",
        "autotrain_compatible",
        "endpoints_compatible",
        "region:us"
      ],
      "pipeline_tag": "text-classification",
      "library_name": "transformers",
      "createdAt": "2022-04-21T14:32:59.000Z",
      "modelId": "Intel/electra-small-discriminator-mrpc"
    },
    {
      "_id": "62616bb640e04009e81248b3",
      "id": "Intel/electra-small-discriminator-mrpc-int8-static-inc",
      "likes": 0,
      "trendingScore": 0,
      "private": false,
      "downloads": 6,
      "tags": [
        "transformers",
        "pytorch",
        "onnx",
        "electra",
        "text-classification",
        "text-classfication",
        "int8",
        "Intel\u00ae Neural Compressor",
        "PostTrainingStatic",
        "en",
        "dataset:glue",
        "license:mit",
        "model-index",
        "autotrain_compatible",
        "endpoints_compatible",
        "region:us"
      ],
      "pipeline_tag": "text-classification",
      "library_name": "transformers",
      "createdAt": "2022-04-21T14:35:34.000Z",
      "modelId": "Intel/electra-small-discriminator-mrpc-int8-static-inc"
    },
    {
      "_id": "6269f103a6a7bba9e46eaa44",
      "id": "bdickson/electra-small-discriminator-finetuned-squad",
      "likes": 0,
      "trendingScore": 0,
      "private": false,
      "downloads": 4,
      "tags": [
        "transformers",
        "pytorch",
        "tensorboard",
        "electra",
        "question-answering",
        "endpoints_compatible",
        "region:us"
      ],
      "pipeline_tag": "question-answering",
      "library_name": "transformers",
      "createdAt": "2022-04-28T01:42:27.000Z",
      "modelId": "bdickson/electra-small-discriminator-finetuned-squad"
    },
    {
      "_id": "626a31464909b521e1f35da1",
      "id": "bdickson/electra-small-discriminator-finetuned-squad-finetuned-squad",
      "likes": 0,
      "trendingScore": 0,
      "private": false,
      "downloads": 1,
      "tags": [
        "transformers",
        "pytorch",
        "electra",
        "question-answering",
        "generated_from_trainer",
        "dataset:squad",
        "endpoints_compatible",
        "region:us"
      ],
      "pipeline_tag": "question-answering",
      "library_name": "transformers",
      "createdAt": "2022-04-28T06:16:38.000Z",
      "modelId": "bdickson/electra-small-discriminator-finetuned-squad-finetuned-squad"
    },
    {
      "_id": "629f7e783fa7e9d614e39c3f",
      "id": "KB/electra-small-swedish-cased-discriminator",
      "likes": 0,
      "trendingScore": 0,
      "private": false,
      "downloads": 13,
      "tags": [
        "transformers",
        "pytorch",
        "tf",
        "electra",
        "pretraining",
        "endpoints_compatible",
        "region:us"
      ],
      "library_name": "transformers",
      "createdAt": "2022-06-07T16:36:08.000Z",
      "modelId": "KB/electra-small-swedish-cased-discriminator"
    },
    {
      "_id": "6308854a1dd1e3075d968cf9",
      "id": "rangacharysrinivasan/electra-small-discriminator-finetuned-squad",
      "likes": 0,
      "trendingScore": 0,
      "private": false,
      "downloads": 2,
      "tags": [
        "transformers",
        "pytorch",
        "electra",
        "question-answering",
        "generated_from_trainer",
        "dataset:squad",
        "license:apache-2.0",
        "endpoints_compatible",
        "region:us"
      ],
      "pipeline_tag": "question-answering",
      "library_name": "transformers",
      "createdAt": "2022-08-26T08:33:14.000Z",
      "modelId": "rangacharysrinivasan/electra-small-discriminator-finetuned-squad"
    },
    {
      "_id": "631aa86fafa82edaf7221e69",
      "id": "kit-nlp/electra-small-japanese-discriminator-cyberbullying",
      "likes": 2,
      "trendingScore": 0,
      "private": false,
      "downloads": 9,
      "tags": [
        "transformers",
        "pytorch",
        "electra",
        "text-classification",
        "ja",
        "license:cc-by-sa-4.0",
        "autotrain_compatible",
        "endpoints_compatible",
        "region:us"
      ],
      "pipeline_tag": "text-classification",
      "library_name": "transformers",
      "createdAt": "2022-09-09T02:43:59.000Z",
      "modelId": "kit-nlp/electra-small-japanese-discriminator-cyberbullying"
    },
    {
      "_id": "6326cb59a28c096b45a84bfa",
      "id": "vvincentt/electra-small-discriminator",
      "likes": 0,
      "trendingScore": 0,
      "private": false,
      "downloads": 1,
      "tags": [
        "transformers",
        "pytorch",
        "tensorboard",
        "electra",
        "question-answering",
        "endpoints_compatible",
        "region:us"
      ],
      "pipeline_tag": "question-answering",
      "library_name": "transformers",
      "createdAt": "2022-09-18T07:40:09.000Z",
      "modelId": "vvincentt/electra-small-discriminator"
    },
    {
      "_id": "6368b05872256c3757d1e1be",
      "id": "kit-nlp/electra-small-japanese-discriminator-irony",
      "likes": 0,
      "trendingScore": 0,
      "private": false,
      "downloads": 13,
      "tags": [
        "transformers",
        "pytorch",
        "electra",
        "text-classification",
        "ja",
        "license:cc-by-sa-4.0",
        "autotrain_compatible",
        "endpoints_compatible",
        "region:us"
      ],
      "pipeline_tag": "text-classification",
      "library_name": "transformers",
      "createdAt": "2022-11-07T07:14:32.000Z",
      "modelId": "kit-nlp/electra-small-japanese-discriminator-irony"
    },
    {
      "_id": "636ded9ddddcc01da65dc1e6",
      "id": "mesolitica/electra-small-discriminator-bahasa-cased",
      "likes": 0,
      "trendingScore": 0,
      "private": false,
      "downloads": 1,
      "tags": [
        "transformers",
        "pytorch",
        "electra",
        "pretraining",
        "endpoints_compatible",
        "region:us"
      ],
      "library_name": "transformers",
      "createdAt": "2022-11-11T06:37:17.000Z",
      "modelId": "mesolitica/electra-small-discriminator-bahasa-cased"
    },
    {
      "_id": "6380a948e77aaf04aeeb397e",
      "id": "emcheng/electra-small-discriminator-finetuned-qqp",
      "likes": 0,
      "trendingScore": 0,
      "private": false,
      "downloads": 0,
      "tags": [
        "region:us"
      ],
      "createdAt": "2022-11-25T11:38:48.000Z",
      "modelId": "emcheng/electra-small-discriminator-finetuned-qqp"
    },
    {
      "_id": "63891fcc8a5dbe2f3dca024c",
      "id": "dferndz/electra-small-discriminator-squad",
      "likes": 0,
      "trendingScore": 0,
      "private": false,
      "downloads": 1,
      "tags": [
        "transformers",
        "pytorch",
        "electra",
        "question-answering",
        "endpoints_compatible",
        "region:us"
      ],
      "pipeline_tag": "question-answering",
      "library_name": "transformers",
      "createdAt": "2022-12-01T21:42:36.000Z",
      "modelId": "dferndz/electra-small-discriminator-squad"
    },
    {
      "_id": "638f03e8f6de4b9e7e131ece",
      "id": "Mahak/electra_small_discriminator_mnli",
      "likes": 0,
      "trendingScore": 0,
      "private": false,
      "downloads": 1,
      "tags": [
        "transformers",
        "pytorch",
        "electra",
        "text-classification",
        "autotrain_compatible",
        "endpoints_compatible",
        "region:us"
      ],
      "pipeline_tag": "text-classification",
      "library_name": "transformers",
      "createdAt": "2022-12-06T08:57:12.000Z",
      "modelId": "Mahak/electra_small_discriminator_mnli"
    }
  ]
}