{
  "items": [
    {
      "_id": "621ffdc136468d709f17a363",
      "id": "danielrama/QuestionAnswering",
      "likes": 0,
      "trendingScore": 0,
      "private": false,
      "downloads": 0,
      "tags": [
        "region:us"
      ],
      "createdAt": "2022-03-02T23:29:05.000Z",
      "modelId": "danielrama/QuestionAnswering"
    },
    {
      "_id": "621ffdc136468d709f17a6b1",
      "id": "dhikri/question_answering_glue",
      "likes": 1,
      "trendingScore": 0,
      "private": false,
      "downloads": 1,
      "tags": [
        "transformers",
        "pytorch",
        "distilbert",
        "text-classification",
        "autotrain_compatible",
        "endpoints_compatible",
        "region:us"
      ],
      "pipeline_tag": "text-classification",
      "library_name": "transformers",
      "createdAt": "2022-03-02T23:29:05.000Z",
      "modelId": "dhikri/question_answering_glue"
    },
    {
      "_id": "621ffdc136468d709f17e054",
      "id": "mmoradi/Robust-Biomed-RoBERTa-QuestionAnswering",
      "likes": 1,
      "trendingScore": 0,
      "private": false,
      "downloads": 2,
      "tags": [
        "transformers",
        "pytorch",
        "jax",
        "roberta",
        "feature-extraction",
        "endpoints_compatible",
        "region:us"
      ],
      "pipeline_tag": "feature-extraction",
      "library_name": "transformers",
      "createdAt": "2022-03-02T23:29:05.000Z",
      "modelId": "mmoradi/Robust-Biomed-RoBERTa-QuestionAnswering"
    },
    {
      "_id": "621ffdc136468d709f17ef3d",
      "id": "ponmari/Question-Answering",
      "likes": 0,
      "trendingScore": 0,
      "private": false,
      "downloads": 2,
      "tags": [
        "transformers",
        "pytorch",
        "longformer",
        "question-answering",
        "endpoints_compatible",
        "region:us"
      ],
      "pipeline_tag": "question-answering",
      "library_name": "transformers",
      "createdAt": "2022-03-02T23:29:05.000Z",
      "modelId": "ponmari/Question-Answering"
    },
    {
      "_id": "621ffdc136468d709f1801e4",
      "id": "schauhan/question-answering",
      "likes": 0,
      "trendingScore": 0,
      "private": false,
      "downloads": 0,
      "tags": [
        "region:us"
      ],
      "createdAt": "2022-03-02T23:29:05.000Z",
      "modelId": "schauhan/question-answering"
    },
    {
      "_id": "621ffdc136468d709f18153c",
      "id": "voidful/question-answering-zh",
      "likes": 0,
      "trendingScore": 0,
      "private": false,
      "downloads": 3,
      "tags": [
        "transformers",
        "pytorch",
        "jax",
        "safetensors",
        "bert",
        "question-answering",
        "endpoints_compatible",
        "region:us"
      ],
      "pipeline_tag": "question-answering",
      "library_name": "transformers",
      "createdAt": "2022-03-02T23:29:05.000Z",
      "modelId": "voidful/question-answering-zh"
    },
    {
      "_id": "621ffdc136468d709f181a61",
      "id": "yechen/question-answering-chinese",
      "likes": 1,
      "trendingScore": 0,
      "private": false,
      "downloads": 2,
      "tags": [
        "transformers",
        "pytorch",
        "tf",
        "jax",
        "bert",
        "question-answering",
        "zh",
        "endpoints_compatible",
        "region:us"
      ],
      "pipeline_tag": "question-answering",
      "library_name": "transformers",
      "createdAt": "2022-03-02T23:29:05.000Z",
      "modelId": "yechen/question-answering-chinese"
    },
    {
      "_id": "623d396dea641de43f9bdaba",
      "id": "vumichien/question-answering-bigbird-roberta-base",
      "likes": 0,
      "trendingScore": 0,
      "private": false,
      "downloads": 3,
      "tags": [
        "transformers",
        "pytorch",
        "big_bird",
        "question-answering",
        "endpoints_compatible",
        "region:us"
      ],
      "pipeline_tag": "question-answering",
      "library_name": "transformers",
      "createdAt": "2022-03-25T03:39:25.000Z",
      "modelId": "vumichien/question-answering-bigbird-roberta-base"
    },
    {
      "_id": "6278f06f17c069c72a11ad03",
      "id": "hardikdharmik/hindi_questionanswering_roberta",
      "likes": 0,
      "trendingScore": 0,
      "private": false,
      "downloads": 0,
      "tags": [
        "license:other",
        "region:us"
      ],
      "createdAt": "2022-05-09T10:43:59.000Z",
      "modelId": "hardikdharmik/hindi_questionanswering_roberta"
    },
    {
      "_id": "62d9464139a1c86eec6eb2dc",
      "id": "LDY/Question-Answering-Ican",
      "likes": 0,
      "trendingScore": 0,
      "private": false,
      "downloads": 1,
      "tags": [
        "transformers",
        "pytorch",
        "bert",
        "question-answering",
        "license:afl-3.0",
        "endpoints_compatible",
        "region:us"
      ],
      "pipeline_tag": "question-answering",
      "library_name": "transformers",
      "createdAt": "2022-07-21T12:27:45.000Z",
      "modelId": "LDY/Question-Answering-Ican"
    },
    {
      "_id": "6322397b3007fcbf29303984",
      "id": "Gladiaio/question-answering_deepset_xlm-roberta-base-squad2_onnx",
      "likes": 0,
      "trendingScore": 0,
      "private": false,
      "downloads": 0,
      "tags": [
        "region:us"
      ],
      "createdAt": "2022-09-14T20:28:43.000Z",
      "modelId": "Gladiaio/question-answering_deepset_xlm-roberta-base-squad2_onnx"
    },
    {
      "_id": "63223c0c48b40e273b5f4433",
      "id": "Gladiaio/question-answering_deepset_xlm-roberta-base-squad2_tensorrt",
      "likes": 0,
      "trendingScore": 0,
      "private": false,
      "downloads": 0,
      "tags": [
        "region:us"
      ],
      "createdAt": "2022-09-14T20:39:40.000Z",
      "modelId": "Gladiaio/question-answering_deepset_xlm-roberta-base-squad2_tensorrt"
    },
    {
      "_id": "633e717f65b7b224dff6818d",
      "id": "HankyStyle/Question-Answering-for-Argriculture",
      "likes": 0,
      "trendingScore": 0,
      "private": false,
      "downloads": 1,
      "tags": [
        "transformers",
        "pytorch",
        "bert",
        "question-answering",
        "zh",
        "dataset:ArgricultureQA",
        "model-index",
        "endpoints_compatible",
        "region:us"
      ],
      "pipeline_tag": "question-answering",
      "library_name": "transformers",
      "createdAt": "2022-10-06T06:11:11.000Z",
      "modelId": "HankyStyle/Question-Answering-for-Argriculture"
    },
    {
      "_id": "634f00508d0f051a4506987c",
      "id": "consciousAI/question-answering-roberta-base-s",
      "likes": 3,
      "trendingScore": 0,
      "private": false,
      "downloads": 4,
      "tags": [
        "transformers",
        "pytorch",
        "roberta",
        "question-answering",
        "Question Answering",
        "license:apache-2.0",
        "endpoints_compatible",
        "region:us"
      ],
      "pipeline_tag": "question-answering",
      "library_name": "transformers",
      "createdAt": "2022-10-18T19:36:48.000Z",
      "modelId": "consciousAI/question-answering-roberta-base-s"
    },
    {
      "_id": "635bc5de1a1cf10f9e58250d",
      "id": "consciousAI/question-answering-generative-t5-v1-base-s-q-c",
      "likes": 6,
      "trendingScore": 0,
      "private": false,
      "downloads": 19,
      "tags": [
        "transformers",
        "pytorch",
        "tensorboard",
        "safetensors",
        "t5",
        "text2text-generation",
        "Question Answering",
        "text-generation-inference",
        "endpoints_compatible",
        "region:us"
      ],
      "library_name": "transformers",
      "createdAt": "2022-10-28T12:06:54.000Z",
      "modelId": "consciousAI/question-answering-generative-t5-v1-base-s-q-c"
    },
    {
      "_id": "637bbb21be63f60f4ffdf269",
      "id": "consciousAI/question-answering-roberta-base-s-v2",
      "likes": 12,
      "trendingScore": 0,
      "private": false,
      "downloads": 2487,
      "tags": [
        "transformers",
        "pytorch",
        "safetensors",
        "roberta",
        "question-answering",
        "Question Answering",
        "license:apache-2.0",
        "endpoints_compatible",
        "region:us"
      ],
      "pipeline_tag": "question-answering",
      "library_name": "transformers",
      "createdAt": "2022-11-21T17:53:37.000Z",
      "modelId": "consciousAI/question-answering-roberta-base-s-v2"
    },
    {
      "_id": "637ef963b7db85b6f497fcae",
      "id": "jasoneden/BLOOM-560-QuestionAnswering-CDC-Covid19-Tuned",
      "likes": 1,
      "trendingScore": 0,
      "private": false,
      "downloads": 2,
      "tags": [
        "transformers",
        "pytorch",
        "bloom",
        "question-answering",
        "generated_from_trainer",
        "dataset:dataset",
        "license:bigscience-bloom-rail-1.0",
        "text-generation-inference",
        "endpoints_compatible",
        "region:us"
      ],
      "pipeline_tag": "question-answering",
      "library_name": "transformers",
      "createdAt": "2022-11-24T04:56:03.000Z",
      "modelId": "jasoneden/BLOOM-560-QuestionAnswering-CDC-Covid19-Tuned"
    },
    {
      "_id": "63857ee6dfffab482404b525",
      "id": "learnstuff/yesno_questionanswering",
      "likes": 0,
      "trendingScore": 0,
      "private": false,
      "downloads": 0,
      "tags": [
        "region:us"
      ],
      "createdAt": "2022-11-29T03:39:18.000Z",
      "modelId": "learnstuff/yesno_questionanswering"
    },
    {
      "_id": "63ae07e7554f7aa0804f8ec9",
      "id": "abdalrahmanshahrour/questionanswering-v2",
      "likes": 0,
      "trendingScore": 0,
      "private": false,
      "downloads": 2,
      "tags": [
        "transformers",
        "pytorch",
        "bert",
        "question-answering",
        "en",
        "dataset:squad",
        "license:apache-2.0",
        "model-index",
        "endpoints_compatible",
        "region:us"
      ],
      "pipeline_tag": "question-answering",
      "library_name": "transformers",
      "createdAt": "2022-12-29T21:34:31.000Z",
      "modelId": "abdalrahmanshahrour/questionanswering-v2"
    },
    {
      "_id": "63ae08098b50b36a189f7159",
      "id": "abdalrahmanshahrour/questionanswering-v7",
      "likes": 1,
      "trendingScore": 0,
      "private": false,
      "downloads": 2,
      "tags": [
        "transformers",
        "pytorch",
        "distilbert",
        "question-answering",
        "en",
        "dataset:squad",
        "license:apache-2.0",
        "model-index",
        "endpoints_compatible",
        "region:us"
      ],
      "pipeline_tag": "question-answering",
      "library_name": "transformers",
      "createdAt": "2022-12-29T21:35:05.000Z",
      "modelId": "abdalrahmanshahrour/questionanswering-v7"
    },
    {
      "_id": "63ae08134b62092fb09b0b02",
      "id": "abdalrahmanshahrour/questionanswering-v8",
      "likes": 1,
      "trendingScore": 0,
      "private": false,
      "downloads": 2,
      "tags": [
        "transformers",
        "pytorch",
        "distilbert",
        "question-answering",
        "en",
        "dataset:squad",
        "license:apache-2.0",
        "model-index",
        "endpoints_compatible",
        "region:us"
      ],
      "pipeline_tag": "question-answering",
      "library_name": "transformers",
      "createdAt": "2022-12-29T21:35:15.000Z",
      "modelId": "abdalrahmanshahrour/questionanswering-v8"
    },
    {
      "_id": "63ae081b554f7aa0804f90ee",
      "id": "abdalrahmanshahrour/questionanswering-v1",
      "likes": 1,
      "trendingScore": 0,
      "private": false,
      "downloads": 2,
      "tags": [
        "transformers",
        "pytorch",
        "distilbert",
        "question-answering",
        "en",
        "dataset:squad",
        "license:apache-2.0",
        "model-index",
        "endpoints_compatible",
        "region:us"
      ],
      "pipeline_tag": "question-answering",
      "library_name": "transformers",
      "createdAt": "2022-12-29T21:35:23.000Z",
      "modelId": "abdalrahmanshahrour/questionanswering-v1"
    },
    {
      "_id": "63ae0828ba0c1d4a9a05a7f5",
      "id": "abdalrahmanshahrour/questionanswering-v5",
      "likes": 1,
      "trendingScore": 0,
      "private": false,
      "downloads": 2,
      "tags": [
        "transformers",
        "pytorch",
        "distilbert",
        "question-answering",
        "en",
        "dataset:squad",
        "license:apache-2.0",
        "model-index",
        "endpoints_compatible",
        "region:us"
      ],
      "pipeline_tag": "question-answering",
      "library_name": "transformers",
      "createdAt": "2022-12-29T21:35:36.000Z",
      "modelId": "abdalrahmanshahrour/questionanswering-v5"
    },
    {
      "_id": "63ae08338b50b36a189f732a",
      "id": "abdalrahmanshahrour/questionanswering-v3",
      "likes": 1,
      "trendingScore": 0,
      "private": false,
      "downloads": 2,
      "tags": [
        "transformers",
        "pytorch",
        "bert",
        "question-answering",
        "en",
        "dataset:squad",
        "license:apache-2.0",
        "model-index",
        "endpoints_compatible",
        "region:us"
      ],
      "pipeline_tag": "question-answering",
      "library_name": "transformers",
      "createdAt": "2022-12-29T21:35:47.000Z",
      "modelId": "abdalrahmanshahrour/questionanswering-v3"
    },
    {
      "_id": "63ae08358b50b36a189f733b",
      "id": "abdalrahmanshahrour/questionanswering-v4",
      "likes": 1,
      "trendingScore": 0,
      "private": false,
      "downloads": 2,
      "tags": [
        "transformers",
        "pytorch",
        "distilbert",
        "question-answering",
        "en",
        "dataset:squad",
        "license:apache-2.0",
        "model-index",
        "endpoints_compatible",
        "region:us"
      ],
      "pipeline_tag": "question-answering",
      "library_name": "transformers",
      "createdAt": "2022-12-29T21:35:49.000Z",
      "modelId": "abdalrahmanshahrour/questionanswering-v4"
    },
    {
      "_id": "63b9950c593e237fc373216a",
      "id": "MMars/Question_Answering_AraBERT_xtreme_ar",
      "likes": 0,
      "trendingScore": 0,
      "private": false,
      "downloads": 8,
      "tags": [
        "transformers",
        "pytorch",
        "bert",
        "question-answering",
        "ar",
        "dataset:xtreme",
        "endpoints_compatible",
        "region:us"
      ],
      "pipeline_tag": "question-answering",
      "library_name": "transformers",
      "createdAt": "2023-01-07T15:51:40.000Z",
      "modelId": "MMars/Question_Answering_AraBERT_xtreme_ar"
    },
    {
      "_id": "63d163ac119416cdbe165d32",
      "id": "StatsGary/questionanswering-distilbert-squad",
      "likes": 0,
      "trendingScore": 0,
      "private": false,
      "downloads": 1,
      "tags": [
        "transformers",
        "pytorch",
        "distilbert",
        "question-answering",
        "generated_from_trainer",
        "dataset:squad",
        "license:apache-2.0",
        "endpoints_compatible",
        "region:us"
      ],
      "pipeline_tag": "question-answering",
      "library_name": "transformers",
      "createdAt": "2023-01-25T17:15:24.000Z",
      "modelId": "StatsGary/questionanswering-distilbert-squad"
    },
    {
      "_id": "63e93e0b919e2797bb7a81a4",
      "id": "ruba12/Question_Answering_Budget_Tune_BioM_ELECTRA",
      "likes": 0,
      "trendingScore": 0,
      "private": false,
      "downloads": 1,
      "tags": [
        "transformers",
        "pytorch",
        "tensorboard",
        "electra",
        "question-answering",
        "endpoints_compatible",
        "region:us"
      ],
      "pipeline_tag": "question-answering",
      "library_name": "transformers",
      "createdAt": "2023-02-12T19:29:15.000Z",
      "modelId": "ruba12/Question_Answering_Budget_Tune_BioM_ELECTRA"
    },
    {
      "_id": "63ea04685f1ca7d7ef4a2ab1",
      "id": "ruba12/Question_Answering_Budget_Tune_BioM_ELECTRA_fullm",
      "likes": 0,
      "trendingScore": 0,
      "private": false,
      "downloads": 43,
      "tags": [
        "transformers",
        "pytorch",
        "tensorboard",
        "electra",
        "question-answering",
        "endpoints_compatible",
        "region:us"
      ],
      "pipeline_tag": "question-answering",
      "library_name": "transformers",
      "createdAt": "2023-02-13T09:35:36.000Z",
      "modelId": "ruba12/Question_Answering_Budget_Tune_BioM_ELECTRA_fullm"
    },
    {
      "_id": "63ea0640073286a5ab497108",
      "id": "ruba12/Question_Answering_Budget_Tune_BioM_ELECTRA_onem",
      "likes": 0,
      "trendingScore": 0,
      "private": false,
      "downloads": 31,
      "tags": [
        "transformers",
        "pytorch",
        "tensorboard",
        "electra",
        "question-answering",
        "endpoints_compatible",
        "region:us"
      ],
      "pipeline_tag": "question-answering",
      "library_name": "transformers",
      "createdAt": "2023-02-13T09:43:28.000Z",
      "modelId": "ruba12/Question_Answering_Budget_Tune_BioM_ELECTRA_onem"
    },
    {
      "_id": "63f16245cbadc519b85b879b",
      "id": "Shushant/questionansweringmodel",
      "likes": 0,
      "trendingScore": 0,
      "private": false,
      "downloads": 2,
      "tags": [
        "transformers",
        "pytorch",
        "tensorboard",
        "bert",
        "question-answering",
        "generated_from_trainer",
        "dataset:squad",
        "license:mit",
        "endpoints_compatible",
        "region:us"
      ],
      "pipeline_tag": "question-answering",
      "library_name": "transformers",
      "createdAt": "2023-02-18T23:41:57.000Z",
      "modelId": "Shushant/questionansweringmodel"
    },
    {
      "_id": "640941a10c61e808afa7593d",
      "id": "chiapudding/question-answering-2",
      "likes": 0,
      "trendingScore": 0,
      "private": false,
      "downloads": 0,
      "tags": [
        "region:us"
      ],
      "createdAt": "2023-03-09T02:17:05.000Z",
      "modelId": "chiapudding/question-answering-2"
    },
    {
      "_id": "6447ff323e498d6691949988",
      "id": "Wanidatws/QuestionAnswering",
      "likes": 0,
      "trendingScore": 0,
      "private": false,
      "downloads": 0,
      "tags": [
        "region:us"
      ],
      "createdAt": "2023-04-25T16:26:26.000Z",
      "modelId": "Wanidatws/QuestionAnswering"
    },
    {
      "_id": "6459337ec5d0d57ba423b4e7",
      "id": "Hansollll/Question_Answering",
      "likes": 0,
      "trendingScore": 0,
      "private": false,
      "downloads": 1,
      "tags": [
        "transformers",
        "pytorch",
        "tensorboard",
        "distilbert",
        "question-answering",
        "endpoints_compatible",
        "region:us"
      ],
      "pipeline_tag": "question-answering",
      "library_name": "transformers",
      "createdAt": "2023-05-08T17:38:06.000Z",
      "modelId": "Hansollll/Question_Answering"
    },
    {
      "_id": "6470cd691f0e7ee7fb1d15f3",
      "id": "jonastokoliu/question_answering_finetune",
      "likes": 0,
      "trendingScore": 0,
      "private": false,
      "downloads": 1,
      "tags": [
        "transformers",
        "pytorch",
        "tensorboard",
        "bert",
        "question-answering",
        "endpoints_compatible",
        "region:us"
      ],
      "pipeline_tag": "question-answering",
      "library_name": "transformers",
      "createdAt": "2023-05-26T15:16:57.000Z",
      "modelId": "jonastokoliu/question_answering_finetune"
    },
    {
      "_id": "6485da7ac7f19728a4a1a12b",
      "id": "ducatte/question_answering",
      "likes": 0,
      "trendingScore": 0,
      "private": false,
      "downloads": 0,
      "tags": [
        "region:us"
      ],
      "createdAt": "2023-06-11T14:30:18.000Z",
      "modelId": "ducatte/question_answering"
    },
    {
      "_id": "6488b45541ce22b04bf2a8e4",
      "id": "Th3BossC/QuestionAnsweringModel",
      "likes": 0,
      "trendingScore": 0,
      "private": false,
      "downloads": 3,
      "tags": [
        "transformers",
        "pytorch",
        "roberta",
        "question-answering",
        "endpoints_compatible",
        "region:us"
      ],
      "pipeline_tag": "question-answering",
      "library_name": "transformers",
      "createdAt": "2023-06-13T18:24:21.000Z",
      "modelId": "Th3BossC/QuestionAnsweringModel"
    },
    {
      "_id": "648f2416d469965a66c5de8c",
      "id": "yewsam1277/question-answering-bahasa-malaysia",
      "likes": 0,
      "trendingScore": 0,
      "private": false,
      "downloads": 3,
      "tags": [
        "transformers",
        "distilbert",
        "question-answering",
        "ms",
        "dataset:wikipedia",
        "dataset:squad_v2",
        "license:apache-2.0",
        "endpoints_compatible",
        "region:us"
      ],
      "pipeline_tag": "question-answering",
      "library_name": "transformers",
      "createdAt": "2023-06-18T15:34:46.000Z",
      "modelId": "yewsam1277/question-answering-bahasa-malaysia"
    },
    {
      "_id": "64980cd964682dfdfce1aff3",
      "id": "VilohitT/question_answering_majorproject",
      "likes": 0,
      "trendingScore": 0,
      "private": false,
      "downloads": 0,
      "tags": [
        "peft",
        "region:us"
      ],
      "library_name": "peft",
      "createdAt": "2023-06-25T09:46:01.000Z",
      "modelId": "VilohitT/question_answering_majorproject"
    },
    {
      "_id": "64983761bdbb3c3333ecb345",
      "id": "VilohitT/question_answering_majorproject_2nd",
      "likes": 0,
      "trendingScore": 0,
      "private": false,
      "downloads": 0,
      "tags": [
        "peft",
        "region:us"
      ],
      "library_name": "peft",
      "createdAt": "2023-06-25T12:47:29.000Z",
      "modelId": "VilohitT/question_answering_majorproject_2nd"
    },
    {
      "_id": "649cae5b7cac47026d070483",
      "id": "parsi-ai-nlpclass/QuestionAnsweringNlpHW4",
      "likes": 0,
      "trendingScore": 0,
      "private": false,
      "downloads": 2,
      "tags": [
        "transformers",
        "pytorch",
        "roberta",
        "question-answering",
        "endpoints_compatible",
        "region:us"
      ],
      "pipeline_tag": "question-answering",
      "library_name": "transformers",
      "createdAt": "2023-06-28T22:04:11.000Z",
      "modelId": "parsi-ai-nlpclass/QuestionAnsweringNlpHW4"
    },
    {
      "_id": "649f631f83476d0912213edc",
      "id": "shafieiali42/question-answering-fine-tuned",
      "likes": 0,
      "trendingScore": 0,
      "private": false,
      "downloads": 1,
      "tags": [
        "transformers",
        "pytorch",
        "bert",
        "question-answering",
        "endpoints_compatible",
        "region:us"
      ],
      "pipeline_tag": "question-answering",
      "library_name": "transformers",
      "createdAt": "2023-06-30T23:19:59.000Z",
      "modelId": "shafieiali42/question-answering-fine-tuned"
    },
    {
      "_id": "64a731b5c34b44e2ceb1fb3a",
      "id": "am-infoweb/question-answering-roberta-anu-SQuAD-v2",
      "likes": 0,
      "trendingScore": 0,
      "private": false,
      "downloads": 4,
      "tags": [
        "transformers",
        "pytorch",
        "safetensors",
        "roberta",
        "question-answering",
        "Question Answering",
        "license:apache-2.0",
        "endpoints_compatible",
        "region:us"
      ],
      "pipeline_tag": "question-answering",
      "library_name": "transformers",
      "createdAt": "2023-07-06T21:27:17.000Z",
      "modelId": "am-infoweb/question-answering-roberta-anu-SQuAD-v2"
    },
    {
      "_id": "64dcada9f9a4443304eb33df",
      "id": "Vardan-verma/Question_Answering_model_finetuned_on_bert",
      "likes": 2,
      "trendingScore": 0,
      "private": false,
      "downloads": 3,
      "tags": [
        "transformers",
        "pytorch",
        "bert",
        "question-answering",
        "endpoints_compatible",
        "region:us"
      ],
      "pipeline_tag": "question-answering",
      "library_name": "transformers",
      "createdAt": "2023-08-16T11:06:17.000Z",
      "modelId": "Vardan-verma/Question_Answering_model_finetuned_on_bert"
    },
    {
      "_id": "64e2d77b24809d7fa0eb39a4",
      "id": "hendrimardani/question_answer_ind",
      "likes": 0,
      "trendingScore": 0,
      "private": false,
      "downloads": 1,
      "tags": [
        "transformers",
        "pytorch",
        "bert",
        "question-answering",
        "generated_from_trainer",
        "base_model:indolem/indobert-base-uncased",
        "base_model:finetune:indolem/indobert-base-uncased",
        "license:mit",
        "endpoints_compatible",
        "region:us"
      ],
      "pipeline_tag": "question-answering",
      "library_name": "transformers",
      "createdAt": "2023-08-21T03:18:19.000Z",
      "modelId": "hendrimardani/question_answer_ind"
    },
    {
      "_id": "64e30c16c82940fdbb8fa5a8",
      "id": "jethrowang/question_answering_model",
      "likes": 0,
      "trendingScore": 0,
      "private": false,
      "downloads": 1,
      "tags": [
        "transformers",
        "pytorch",
        "distilbert",
        "question-answering",
        "generated_from_trainer",
        "dataset:squad",
        "license:apache-2.0",
        "endpoints_compatible",
        "region:us"
      ],
      "pipeline_tag": "question-answering",
      "library_name": "transformers",
      "createdAt": "2023-08-21T07:02:46.000Z",
      "modelId": "jethrowang/question_answering_model"
    },
    {
      "_id": "64e34707864e78652ee5f4f8",
      "id": "windy1/QuestionAnswering",
      "likes": 0,
      "trendingScore": 0,
      "private": false,
      "downloads": 0,
      "tags": [
        "region:us"
      ],
      "createdAt": "2023-08-21T11:14:15.000Z",
      "modelId": "windy1/QuestionAnswering"
    },
    {
      "_id": "64e34c7b3e2e10350494bb88",
      "id": "TunahanGokcimen/Question-Answering-Bert-base-cased-squad2",
      "likes": 0,
      "trendingScore": 0,
      "private": false,
      "downloads": 2,
      "tags": [
        "transformers",
        "pytorch",
        "tensorboard",
        "safetensors",
        "bert",
        "question-answering",
        "generated_from_trainer",
        "dataset:home_appliances_qn_a_dataset",
        "base_model:deepset/bert-base-cased-squad2",
        "base_model:finetune:deepset/bert-base-cased-squad2",
        "license:cc-by-4.0",
        "endpoints_compatible",
        "region:us"
      ],
      "pipeline_tag": "question-answering",
      "library_name": "transformers",
      "createdAt": "2023-08-21T11:37:31.000Z",
      "modelId": "TunahanGokcimen/Question-Answering-Bert-base-cased-squad2"
    },
    {
      "_id": "64e37307a7db302647f50a52",
      "id": "TunahanGokcimen/Question-Answering-CamemBERT",
      "likes": 0,
      "trendingScore": 0,
      "private": false,
      "downloads": 1,
      "tags": [
        "transformers",
        "pytorch",
        "tensorboard",
        "roberta",
        "question-answering",
        "generated_from_trainer",
        "dataset:home_appliances_qn_a_dataset",
        "base_model:deepset/roberta-base-squad2",
        "base_model:finetune:deepset/roberta-base-squad2",
        "license:cc-by-4.0",
        "endpoints_compatible",
        "region:us"
      ],
      "pipeline_tag": "question-answering",
      "library_name": "transformers",
      "createdAt": "2023-08-21T14:21:59.000Z",
      "modelId": "TunahanGokcimen/Question-Answering-CamemBERT"
    },
    {
      "_id": "64e37dcd417214c59cc40a29",
      "id": "TunahanGokcimen/Question-Answering-ELECTRA",
      "likes": 0,
      "trendingScore": 0,
      "private": false,
      "downloads": 1,
      "tags": [
        "transformers",
        "pytorch",
        "tensorboard",
        "electra",
        "question-answering",
        "generated_from_trainer",
        "dataset:home_appliances_qn_a_dataset",
        "base_model:bhadresh-savani/electra-base-squad2",
        "base_model:finetune:bhadresh-savani/electra-base-squad2",
        "license:cc-by-4.0",
        "endpoints_compatible",
        "region:us"
      ],
      "pipeline_tag": "question-answering",
      "library_name": "transformers",
      "createdAt": "2023-08-21T15:07:57.000Z",
      "modelId": "TunahanGokcimen/Question-Answering-ELECTRA"
    }
  ]
}