{
  "items": [
    {
      "_id": "669420c11b082600cf42c7b4",
      "id": "dleemiller/word-llama-l2-supercat",
      "likes": 92,
      "trendingScore": 0,
      "private": false,
      "downloads": 0,
      "tags": [
        "en",
        "license:mit",
        "region:us"
      ],
      "createdAt": "2024-07-14T19:02:25.000Z",
      "modelId": "dleemiller/word-llama-l2-supercat"
    },
    {
      "_id": "66b90327557f5c6270ca4fc1",
      "id": "dleemiller/wordllama-l3-supercat",
      "likes": 20,
      "trendingScore": 0,
      "private": false,
      "downloads": 0,
      "tags": [
        "region:us"
      ],
      "createdAt": "2024-08-11T18:29:59.000Z",
      "modelId": "dleemiller/wordllama-l3-supercat"
    }
  ]
}