{
  "items": [
    {
      "_id": "662ccf1f6ec23fcde09ce891",
      "id": "Mihaiii/Ivysaur",
      "likes": 0,
      "trendingScore": 0,
      "private": false,
      "downloads": 618,
      "tags": [
        "sentence-transformers",
        "onnx",
        "safetensors",
        "bert",
        "feature-extraction",
        "sentence-similarity",
        "gte",
        "mteb",
        "dataset:Mihaiii/qa-assistant",
        "base_model:TaylorAI/gte-tiny",
        "base_model:quantized:TaylorAI/gte-tiny",
        "license:mit",
        "model-index",
        "autotrain_compatible",
        "text-embeddings-inference",
        "endpoints_compatible",
        "region:us"
      ],
      "pipeline_tag": "sentence-similarity",
      "library_name": "sentence-transformers",
      "createdAt": "2024-04-27T10:10:39.000Z",
      "modelId": "Mihaiii/Ivysaur"
    }
  ]
}