{
  "items": [
    {
      "_id": "647021a4bc42f4b002391e18",
      "id": "raulangelj/huggingface_sentiment_analysis",
      "likes": 0,
      "trendingScore": 0,
      "private": false,
      "downloads": 14,
      "tags": [
        "transformers",
        "pytorch",
        "tensorboard",
        "safetensors",
        "bert",
        "text-classification",
        "generated_from_trainer",
        "base_model:dccuchile/bert-base-spanish-wwm-cased",
        "base_model:finetune:dccuchile/bert-base-spanish-wwm-cased",
        "autotrain_compatible",
        "endpoints_compatible",
        "region:us"
      ],
      "pipeline_tag": "text-classification",
      "library_name": "transformers",
      "createdAt": "2023-05-26T03:04:04.000Z",
      "modelId": "raulangelj/huggingface_sentiment_analysis"
    }
  ]
}