{
  "items": [
    {
      "_id": "6258519fd47cce537ee380dc",
      "id": "google/long-t5-local-base",
      "likes": 15,
      "trendingScore": 0,
      "private": false,
      "downloads": 2038,
      "tags": [
        "transformers",
        "pytorch",
        "jax",
        "safetensors",
        "longt5",
        "text2text-generation",
        "en",
        "arxiv:2112.07916",
        "arxiv:1912.08777",
        "arxiv:1910.10683",
        "license:apache-2.0",
        "endpoints_compatible",
        "region:us"
      ],
      "library_name": "transformers",
      "createdAt": "2022-04-14T16:53:51.000Z",
      "modelId": "google/long-t5-local-base"
    },
    {
      "_id": "62585ce1f9efec154fc576d6",
      "id": "google/long-t5-local-large",
      "likes": 5,
      "trendingScore": 0,
      "private": false,
      "downloads": 211,
      "tags": [
        "transformers",
        "pytorch",
        "jax",
        "longt5",
        "text2text-generation",
        "en",
        "arxiv:2112.07916",
        "arxiv:1912.08777",
        "arxiv:1910.10683",
        "license:apache-2.0",
        "endpoints_compatible",
        "region:us"
      ],
      "library_name": "transformers",
      "createdAt": "2022-04-14T17:41:53.000Z",
      "modelId": "google/long-t5-local-large"
    }
  ]
}