{
  "items": [
    {
      "_id": "684b4e1b8be4990a31ab07f0",
      "id": "Mossie96/all-mpnet-base-v2_distilled_4_layers",
      "likes": 0,
      "trendingScore": 0,
      "private": false,
      "downloads": 2,
      "tags": [
        "safetensors",
        "mpnet",
        "region:us"
      ],
      "createdAt": "2025-06-12T22:00:59.000Z",
      "modelId": "Mossie96/all-mpnet-base-v2_distilled_4_layers"
    },
    {
      "_id": "684efaed08642dfb5f3fe363",
      "id": "Mossie96/all-mpnet-base-v2_distilled_3_layers_1-5-10",
      "likes": 0,
      "trendingScore": 0,
      "private": false,
      "downloads": 2,
      "tags": [
        "sentence-transformers",
        "safetensors",
        "mpnet",
        "sentence-similarity",
        "feature-extraction",
        "generated_from_trainer",
        "dataset_size:9014210",
        "loss:MSELoss",
        "arxiv:1908.10084",
        "arxiv:2004.09813",
        "base_model:sentence-transformers/all-mpnet-base-v2",
        "base_model:finetune:sentence-transformers/all-mpnet-base-v2",
        "model-index",
        "autotrain_compatible",
        "endpoints_compatible",
        "region:us"
      ],
      "pipeline_tag": "sentence-similarity",
      "library_name": "sentence-transformers",
      "createdAt": "2025-06-15T16:55:09.000Z",
      "modelId": "Mossie96/all-mpnet-base-v2_distilled_3_layers_1-5-10"
    }
  ]
}