{
  "items": [
    {
      "_id": "6352be38507b679c3c5f2943",
      "id": "google/flan-t5-xl",
      "likes": 517,
      "trendingScore": 1,
      "private": false,
      "downloads": 382483,
      "tags": [
        "transformers",
        "pytorch",
        "tf",
        "jax",
        "safetensors",
        "t5",
        "text2text-generation",
        "en",
        "fr",
        "ro",
        "de",
        "multilingual",
        "dataset:svakulenk0/qrecc",
        "dataset:taskmaster2",
        "dataset:djaym7/wiki_dialog",
        "dataset:deepmind/code_contests",
        "dataset:lambada",
        "dataset:gsm8k",
        "dataset:aqua_rat",
        "dataset:esnli",
        "dataset:quasc",
        "dataset:qed",
        "arxiv:2210.11416",
        "arxiv:1910.09700",
        "license:apache-2.0",
        "text-generation-inference",
        "endpoints_compatible",
        "region:us"
      ],
      "library_name": "transformers",
      "createdAt": "2022-10-21T15:43:52.000Z",
      "modelId": "google/flan-t5-xl"
    },
    {
      "_id": "64c99a05120a85440b1880e7",
      "id": "retrieval-bar/google_flan-t5-xl_mbe_no_passage",
      "likes": 0,
      "trendingScore": 0,
      "private": false,
      "downloads": 2,
      "tags": [
        "peft",
        "region:us"
      ],
      "library_name": "peft",
      "createdAt": "2023-08-01T23:49:25.000Z",
      "modelId": "retrieval-bar/google_flan-t5-xl_mbe_no_passage"
    },
    {
      "_id": "64cac61a0bf3949c69f388c7",
      "id": "retrieval-bar/google_flan-t5-xl_mbe_hl_passage",
      "likes": 0,
      "trendingScore": 0,
      "private": false,
      "downloads": 1,
      "tags": [
        "peft",
        "region:us"
      ],
      "library_name": "peft",
      "createdAt": "2023-08-02T21:09:46.000Z",
      "modelId": "retrieval-bar/google_flan-t5-xl_mbe_hl_passage"
    },
    {
      "_id": "64ef70f8150c655bebac59b1",
      "id": "davidadamczyk/davidadamczyk_weather_negative_positive_google_flan-t5-xl_LORA_SEQ_2_SEQ_LM",
      "likes": 0,
      "trendingScore": 0,
      "private": false,
      "downloads": 0,
      "tags": [
        "region:us"
      ],
      "createdAt": "2023-08-30T16:40:24.000Z",
      "modelId": "davidadamczyk/davidadamczyk_weather_negative_positive_google_flan-t5-xl_LORA_SEQ_2_SEQ_LM"
    },
    {
      "_id": "6530ca70425290890836b448",
      "id": "lorahub/flan_t5_xl-wiki_qa_found_on_google",
      "likes": 0,
      "trendingScore": 0,
      "private": false,
      "downloads": 0,
      "tags": [
        "peft",
        "region:us"
      ],
      "library_name": "peft",
      "createdAt": "2023-10-19T06:19:28.000Z",
      "modelId": "lorahub/flan_t5_xl-wiki_qa_found_on_google"
    },
    {
      "_id": "66e38fbb9ba64b3944ad05cc",
      "id": "alvations/google-flan-t5-xl-reset",
      "likes": 0,
      "trendingScore": 0,
      "private": false,
      "downloads": 2,
      "tags": [
        "transformers",
        "safetensors",
        "t5",
        "text2text-generation",
        "arxiv:1910.09700",
        "text-generation-inference",
        "endpoints_compatible",
        "region:us"
      ],
      "library_name": "transformers",
      "createdAt": "2024-09-13T01:04:59.000Z",
      "modelId": "alvations/google-flan-t5-xl-reset"
    }
  ]
}