{
  "items": [
    {
      "_id": "681396dec73f6623c9ba03b0",
      "id": "tiiuae/Falcon-H1-7B-Instruct",
      "likes": 23,
      "trendingScore": 2,
      "private": false,
      "downloads": 3277,
      "tags": [
        "transformers",
        "safetensors",
        "falcon_h1",
        "text-generation",
        "falcon-h1",
        "conversational",
        "ar",
        "cs",
        "de",
        "en",
        "es",
        "fr",
        "hi",
        "it",
        "ja",
        "ko",
        "nl",
        "pl",
        "pt",
        "ro",
        "ru",
        "sv",
        "ur",
        "zh",
        "arxiv:2507.22448",
        "base_model:tiiuae/Falcon-H1-7B-Base",
        "base_model:finetune:tiiuae/Falcon-H1-7B-Base",
        "license:other",
        "autotrain_compatible",
        "endpoints_compatible",
        "region:us"
      ],
      "pipeline_tag": "text-generation",
      "library_name": "transformers",
      "createdAt": "2025-05-01T15:44:30.000Z",
      "modelId": "tiiuae/Falcon-H1-7B-Instruct"
    },
    {
      "_id": "6447714d3411a0902bad9607",
      "id": "tiiuae/falcon-7b-instruct",
      "likes": 1004,
      "trendingScore": 1,
      "private": false,
      "downloads": 132885,
      "tags": [
        "transformers",
        "pytorch",
        "coreml",
        "safetensors",
        "falcon",
        "text-generation",
        "conversational",
        "custom_code",
        "en",
        "dataset:tiiuae/falcon-refinedweb",
        "arxiv:2205.14135",
        "arxiv:1911.02150",
        "arxiv:2005.14165",
        "arxiv:2104.09864",
        "arxiv:2306.01116",
        "license:apache-2.0",
        "autotrain_compatible",
        "text-generation-inference",
        "endpoints_compatible",
        "region:us"
      ],
      "pipeline_tag": "text-generation",
      "library_name": "transformers",
      "createdAt": "2023-04-25T06:21:01.000Z",
      "modelId": "tiiuae/falcon-7b-instruct"
    },
    {
      "_id": "64e6d3f8ccfe005d2b009631",
      "id": "monsterapi/falcon-7b-python-code-instructions-18k-alpaca",
      "likes": 1,
      "trendingScore": 1,
      "private": false,
      "downloads": 4,
      "tags": [
        "peft",
        "falcon",
        "falcon-7b",
        "code",
        "code instruct",
        "instruct code",
        "code alpaca",
        "python code",
        "code copilot",
        "copilot",
        "python coding assistant",
        "coding assistant",
        "dataset:iamtarun/python_code_instructions_18k_alpaca",
        "base_model:tiiuae/falcon-7b",
        "base_model:adapter:tiiuae/falcon-7b",
        "license:apache-2.0",
        "region:us"
      ],
      "library_name": "peft",
      "createdAt": "2023-08-24T03:52:24.000Z",
      "modelId": "monsterapi/falcon-7b-python-code-instructions-18k-alpaca"
    },
    {
      "_id": "675c0ed22491bff9d52320d8",
      "id": "tiiuae/Falcon3-Mamba-7B-Instruct",
      "likes": 31,
      "trendingScore": 1,
      "private": false,
      "downloads": 20135,
      "tags": [
        "transformers",
        "safetensors",
        "falcon_mamba",
        "text-generation",
        "falcon3",
        "falcon3_mamba",
        "conversational",
        "en",
        "arxiv:2410.05355",
        "base_model:tiiuae/Falcon3-Mamba-7B-Base",
        "base_model:finetune:tiiuae/Falcon3-Mamba-7B-Base",
        "license:other",
        "autotrain_compatible",
        "endpoints_compatible",
        "region:us"
      ],
      "pipeline_tag": "text-generation",
      "library_name": "transformers",
      "createdAt": "2024-12-13T10:39:14.000Z",
      "modelId": "tiiuae/Falcon3-Mamba-7B-Instruct"
    },
    {
      "_id": "6470ee0a806c7d87fa1b9c2b",
      "id": "CleverShovel/falcon-7b-instruct-sharded-bf16",
      "likes": 3,
      "trendingScore": 0,
      "private": false,
      "downloads": 13,
      "tags": [
        "transformers",
        "pytorch",
        "RefinedWebModel",
        "text-generation",
        "custom_code",
        "autotrain_compatible",
        "text-generation-inference",
        "endpoints_compatible",
        "region:us"
      ],
      "pipeline_tag": "text-generation",
      "library_name": "transformers",
      "createdAt": "2023-05-26T17:36:10.000Z",
      "modelId": "CleverShovel/falcon-7b-instruct-sharded-bf16"
    },
    {
      "_id": "6471c74483da304b49d85a2f",
      "id": "TheBloke/Falcon-7B-Instruct-GPTQ",
      "likes": 67,
      "trendingScore": 0,
      "private": false,
      "downloads": 314,
      "tags": [
        "transformers",
        "safetensors",
        "RefinedWebModel",
        "text-generation",
        "custom_code",
        "en",
        "dataset:tiiuae/falcon-refinedweb",
        "arxiv:2205.14135",
        "arxiv:1911.02150",
        "arxiv:2005.14165",
        "arxiv:2104.09864",
        "license:apache-2.0",
        "autotrain_compatible",
        "text-generation-inference",
        "4-bit",
        "gptq",
        "region:us"
      ],
      "pipeline_tag": "text-generation",
      "library_name": "transformers",
      "createdAt": "2023-05-27T09:03:00.000Z",
      "modelId": "TheBloke/Falcon-7B-Instruct-GPTQ"
    },
    {
      "_id": "64721603c27f74a0eba170f2",
      "id": "Yhyu13/falcon-7b-instruct-autogptq",
      "likes": 1,
      "trendingScore": 0,
      "private": false,
      "downloads": 13,
      "tags": [
        "transformers",
        "pytorch",
        "RefinedWebModel",
        "text-generation",
        "custom_code",
        "license:apache-2.0",
        "autotrain_compatible",
        "text-generation-inference",
        "endpoints_compatible",
        "region:us"
      ],
      "pipeline_tag": "text-generation",
      "library_name": "transformers",
      "createdAt": "2023-05-27T14:38:59.000Z",
      "modelId": "Yhyu13/falcon-7b-instruct-autogptq"
    },
    {
      "_id": "647b4aa06dbad6ab057a2dd5",
      "id": "sai1881/falcon-7b-Instruction-Trained-3layers",
      "likes": 0,
      "trendingScore": 0,
      "private": false,
      "downloads": 0,
      "tags": [
        "region:us"
      ],
      "createdAt": "2023-06-03T14:13:52.000Z",
      "modelId": "sai1881/falcon-7b-Instruction-Trained-3layers"
    },
    {
      "_id": "647d08c883c62f324927c410",
      "id": "legendhasit/falcon-7b-instruct-8bit",
      "likes": 0,
      "trendingScore": 0,
      "private": false,
      "downloads": 13,
      "tags": [
        "transformers",
        "pytorch",
        "RefinedWebModel",
        "text-generation",
        "custom_code",
        "autotrain_compatible",
        "text-generation-inference",
        "endpoints_compatible",
        "8-bit",
        "region:us"
      ],
      "pipeline_tag": "text-generation",
      "library_name": "transformers",
      "createdAt": "2023-06-04T21:57:28.000Z",
      "modelId": "legendhasit/falcon-7b-instruct-8bit"
    },
    {
      "_id": "647fa439db6dca2bd24bddfa",
      "id": "4bit/falcon-7b-instruct-GPTQ",
      "likes": 4,
      "trendingScore": 0,
      "private": false,
      "downloads": 15,
      "tags": [
        "transformers",
        "RefinedWebModel",
        "text-generation",
        "custom_code",
        "en",
        "dataset:tiiuae/falcon-refinedweb",
        "arxiv:2205.14135",
        "arxiv:1911.02150",
        "arxiv:2005.14165",
        "arxiv:2104.09864",
        "license:apache-2.0",
        "autotrain_compatible",
        "region:us"
      ],
      "pipeline_tag": "text-generation",
      "library_name": "transformers",
      "createdAt": "2023-06-06T21:25:13.000Z",
      "modelId": "4bit/falcon-7b-instruct-GPTQ"
    },
    {
      "_id": "647fe75fcbb8294ed80f9051",
      "id": "limcheekin/falcon-7b-instruct-ct2",
      "likes": 1,
      "trendingScore": 0,
      "private": false,
      "downloads": 0,
      "tags": [
        "transformers",
        "ctranslate2",
        "falcon-7b-instruct",
        "quantization",
        "int8",
        "en",
        "license:apache-2.0",
        "endpoints_compatible",
        "region:us"
      ],
      "library_name": "transformers",
      "createdAt": "2023-06-07T02:11:43.000Z",
      "modelId": "limcheekin/falcon-7b-instruct-ct2"
    },
    {
      "_id": "648009421637c1c0e6f7150e",
      "id": "Tidzo/falcon-7b-instruct-chat-esg",
      "likes": 0,
      "trendingScore": 0,
      "private": false,
      "downloads": 0,
      "tags": [
        "peft",
        "region:us"
      ],
      "library_name": "peft",
      "createdAt": "2023-06-07T04:36:18.000Z",
      "modelId": "Tidzo/falcon-7b-instruct-chat-esg"
    },
    {
      "_id": "648031c415bde163f4b12757",
      "id": "michaelfeil/ct2fast-falcon-7b-instruct",
      "likes": 1,
      "trendingScore": 0,
      "private": false,
      "downloads": 4,
      "tags": [
        "transformers",
        "ctranslate2",
        "int8",
        "float16",
        "en",
        "dataset:tiiuae/falcon-refinedweb",
        "arxiv:2205.14135",
        "arxiv:1911.02150",
        "arxiv:2005.14165",
        "arxiv:2104.09864",
        "arxiv:2306.01116",
        "license:apache-2.0",
        "endpoints_compatible",
        "region:us"
      ],
      "library_name": "transformers",
      "createdAt": "2023-06-07T07:29:08.000Z",
      "modelId": "michaelfeil/ct2fast-falcon-7b-instruct"
    },
    {
      "_id": "6480b73440facadc5570f87f",
      "id": "mk7exe/Falcon-7B-instruct-ehs",
      "likes": 0,
      "trendingScore": 0,
      "private": false,
      "downloads": 0,
      "tags": [
        "peft",
        "region:us"
      ],
      "library_name": "peft",
      "createdAt": "2023-06-07T16:58:28.000Z",
      "modelId": "mk7exe/Falcon-7B-instruct-ehs"
    },
    {
      "_id": "6481b001722e358ebf866bbb",
      "id": "patrick11434/falcon-7b-instruct-finetuning",
      "likes": 0,
      "trendingScore": 0,
      "private": false,
      "downloads": 0,
      "tags": [
        "region:us"
      ],
      "createdAt": "2023-06-08T10:40:01.000Z",
      "modelId": "patrick11434/falcon-7b-instruct-finetuning"
    },
    {
      "_id": "64827afc2e73ce18ad38e929",
      "id": "vilsonrodrigues/falcon-7b-instruct-sharded",
      "likes": 26,
      "trendingScore": 0,
      "private": false,
      "downloads": 3936,
      "tags": [
        "transformers",
        "safetensors",
        "falcon",
        "text-generation",
        "custom_code",
        "en",
        "dataset:tiiuae/falcon-refinedweb",
        "arxiv:2205.14135",
        "arxiv:1911.02150",
        "arxiv:2005.14165",
        "arxiv:2104.09864",
        "arxiv:2306.01116",
        "license:apache-2.0",
        "autotrain_compatible",
        "text-generation-inference",
        "endpoints_compatible",
        "region:us"
      ],
      "pipeline_tag": "text-generation",
      "library_name": "transformers",
      "createdAt": "2023-06-09T01:06:04.000Z",
      "modelId": "vilsonrodrigues/falcon-7b-instruct-sharded"
    },
    {
      "_id": "648296a601de428ee8adfd78",
      "id": "rmihaylov/falcon-7b-instruct-GPTQ",
      "likes": 0,
      "trendingScore": 0,
      "private": false,
      "downloads": 12,
      "tags": [
        "transformers",
        "RefinedWebModel",
        "text-generation",
        "custom_code",
        "license:apache-2.0",
        "autotrain_compatible",
        "region:us"
      ],
      "pipeline_tag": "text-generation",
      "library_name": "transformers",
      "createdAt": "2023-06-09T03:04:06.000Z",
      "modelId": "rmihaylov/falcon-7b-instruct-GPTQ"
    },
    {
      "_id": "64839abe56b47e991e8e9f91",
      "id": "MultiAI/falcon-7b-instruct-peft-remote_pilot",
      "likes": 0,
      "trendingScore": 0,
      "private": false,
      "downloads": 0,
      "tags": [
        "peft",
        "region:us"
      ],
      "library_name": "peft",
      "createdAt": "2023-06-09T21:33:50.000Z",
      "modelId": "MultiAI/falcon-7b-instruct-peft-remote_pilot"
    },
    {
      "_id": "6486b784f19b9b0096ffc934",
      "id": "Lajonbot/falcon-7b-instruct-pl-lora",
      "likes": 0,
      "trendingScore": 0,
      "private": false,
      "downloads": 0,
      "tags": [
        "tensorboard",
        "pl",
        "dataset:Lajonbot/alpaca-dolly-chrisociepa-instruction-only-polish",
        "license:openrail",
        "region:us"
      ],
      "createdAt": "2023-06-12T06:13:24.000Z",
      "modelId": "Lajonbot/falcon-7b-instruct-pl-lora"
    },
    {
      "_id": "64881a054512fec4572746d4",
      "id": "Yby5142/Falcon-7b-Instruct-Steve_Jobs",
      "likes": 0,
      "trendingScore": 0,
      "private": false,
      "downloads": 2,
      "tags": [
        "peft",
        "region:us"
      ],
      "library_name": "peft",
      "createdAt": "2023-06-13T07:25:57.000Z",
      "modelId": "Yby5142/Falcon-7b-Instruct-Steve_Jobs"
    },
    {
      "_id": "64882db4508d0656d43d7470",
      "id": "Sayantan97/falcon-7b-instruct-4bit-lora",
      "likes": 1,
      "trendingScore": 0,
      "private": false,
      "downloads": 0,
      "tags": [
        "region:us"
      ],
      "createdAt": "2023-06-13T08:49:56.000Z",
      "modelId": "Sayantan97/falcon-7b-instruct-4bit-lora"
    },
    {
      "_id": "64886bd6e41a8a9fa2a2f0ab",
      "id": "Mursel/falcon-7b-instruct-finetuned",
      "likes": 0,
      "trendingScore": 0,
      "private": false,
      "downloads": 0,
      "tags": [
        "peft",
        "region:us"
      ],
      "library_name": "peft",
      "createdAt": "2023-06-13T13:15:02.000Z",
      "modelId": "Mursel/falcon-7b-instruct-finetuned"
    },
    {
      "_id": "64898422658cf96af858dcfa",
      "id": "mzbac/falcon-7b-instruct-grammar",
      "likes": 0,
      "trendingScore": 0,
      "private": false,
      "downloads": 13,
      "tags": [
        "transformers",
        "pytorch",
        "RefinedWebModel",
        "text-generation",
        "custom_code",
        "autotrain_compatible",
        "text-generation-inference",
        "endpoints_compatible",
        "region:us"
      ],
      "pipeline_tag": "text-generation",
      "library_name": "transformers",
      "createdAt": "2023-06-14T09:10:58.000Z",
      "modelId": "mzbac/falcon-7b-instruct-grammar"
    },
    {
      "_id": "648c7232d8e5a8b50bfd8822",
      "id": "steveglover/falcon-7b-instruct-qlora-support-bot-faq",
      "likes": 0,
      "trendingScore": 0,
      "private": false,
      "downloads": 0,
      "tags": [
        "region:us"
      ],
      "createdAt": "2023-06-16T14:31:14.000Z",
      "modelId": "steveglover/falcon-7b-instruct-qlora-support-bot-faq"
    },
    {
      "_id": "648c769ccd6e5f72682fb1d4",
      "id": "scholarly360/contracts-redlining-falcon-7b-instruct",
      "likes": 0,
      "trendingScore": 0,
      "private": false,
      "downloads": 0,
      "tags": [
        "peft",
        "region:us"
      ],
      "library_name": "peft",
      "createdAt": "2023-06-16T14:50:04.000Z",
      "modelId": "scholarly360/contracts-redlining-falcon-7b-instruct"
    },
    {
      "_id": "648e9fd3c92367eecabb3d4a",
      "id": "inarikami/falcon-7b-instruct-8bit",
      "likes": 0,
      "trendingScore": 0,
      "private": false,
      "downloads": 15,
      "tags": [
        "transformers",
        "pytorch",
        "RefinedWebModel",
        "text-generation",
        "custom_code",
        "autotrain_compatible",
        "text-generation-inference",
        "endpoints_compatible",
        "region:us"
      ],
      "pipeline_tag": "text-generation",
      "library_name": "transformers",
      "createdAt": "2023-06-18T06:10:27.000Z",
      "modelId": "inarikami/falcon-7b-instruct-8bit"
    },
    {
      "_id": "648f7bf7af9c843f3e05c54e",
      "id": "hseokool/falcon-7b-instruct-230617-02",
      "likes": 0,
      "trendingScore": 0,
      "private": false,
      "downloads": 0,
      "tags": [
        "peft",
        "region:us"
      ],
      "library_name": "peft",
      "createdAt": "2023-06-18T21:49:43.000Z",
      "modelId": "hseokool/falcon-7b-instruct-230617-02"
    },
    {
      "_id": "64903d3c6339fb8cc3e447cc",
      "id": "pcuenq/falcon-7b-instruct",
      "likes": 0,
      "trendingScore": 0,
      "private": false,
      "downloads": 13,
      "tags": [
        "transformers",
        "pytorch",
        "coreml",
        "RefinedWebModel",
        "text-generation",
        "custom_code",
        "en",
        "dataset:tiiuae/falcon-refinedweb",
        "arxiv:2205.14135",
        "arxiv:1911.02150",
        "arxiv:2005.14165",
        "arxiv:2104.09864",
        "arxiv:2306.01116",
        "license:apache-2.0",
        "autotrain_compatible",
        "text-generation-inference",
        "endpoints_compatible",
        "region:us"
      ],
      "pipeline_tag": "text-generation",
      "library_name": "transformers",
      "createdAt": "2023-06-19T11:34:20.000Z",
      "modelId": "pcuenq/falcon-7b-instruct"
    },
    {
      "_id": "649045826cd1b9a50acbfb96",
      "id": "aiknight87/falcon-7b-instruct-tuned-dolly-500",
      "likes": 0,
      "trendingScore": 0,
      "private": false,
      "downloads": 41,
      "tags": [
        "peft",
        "RefinedWebModel",
        "custom_code",
        "4-bit",
        "region:us"
      ],
      "library_name": "peft",
      "createdAt": "2023-06-19T12:09:38.000Z",
      "modelId": "aiknight87/falcon-7b-instruct-tuned-dolly-500"
    },
    {
      "_id": "6490517e9b15594829b09bdd",
      "id": "abranzyck/falcon-7b-instruct-qlora-support-bot-faq",
      "likes": 0,
      "trendingScore": 0,
      "private": false,
      "downloads": 0,
      "tags": [
        "region:us"
      ],
      "createdAt": "2023-06-19T13:00:46.000Z",
      "modelId": "abranzyck/falcon-7b-instruct-qlora-support-bot-faq"
    },
    {
      "_id": "649162143dccfa5f758a93fb",
      "id": "aimona/falcon-7b-instruct",
      "likes": 0,
      "trendingScore": 0,
      "private": false,
      "downloads": 0,
      "tags": [
        "region:us"
      ],
      "createdAt": "2023-06-20T08:23:48.000Z",
      "modelId": "aimona/falcon-7b-instruct"
    },
    {
      "_id": "6491998ae49080189677511c",
      "id": "steveglover/falcon-7b-instruct-telco-chat",
      "likes": 1,
      "trendingScore": 0,
      "private": false,
      "downloads": 0,
      "tags": [
        "transformers",
        "conversational",
        "endpoints_compatible",
        "region:us"
      ],
      "pipeline_tag": "text-generation",
      "library_name": "transformers",
      "createdAt": "2023-06-20T12:20:26.000Z",
      "modelId": "steveglover/falcon-7b-instruct-telco-chat"
    },
    {
      "_id": "64922d0386e165b3e245a34a",
      "id": "mikeleske/falcon-7b-instruct-german-oasst1-top1",
      "likes": 0,
      "trendingScore": 0,
      "private": false,
      "downloads": 0,
      "tags": [
        "region:us"
      ],
      "createdAt": "2023-06-20T22:49:39.000Z",
      "modelId": "mikeleske/falcon-7b-instruct-german-oasst1-top1"
    },
    {
      "_id": "6492fbe70a1b4c70ee6871f8",
      "id": "TheBloke/Falcon-7B-Instruct-GGML",
      "likes": 41,
      "trendingScore": 0,
      "private": false,
      "downloads": 18,
      "tags": [
        "transformers",
        "falcon",
        "en",
        "dataset:tiiuae/falcon-refinedweb",
        "arxiv:2205.14135",
        "arxiv:1911.02150",
        "arxiv:2005.14165",
        "arxiv:2104.09864",
        "arxiv:2306.01116",
        "license:apache-2.0",
        "region:us"
      ],
      "library_name": "transformers",
      "createdAt": "2023-06-21T13:32:23.000Z",
      "modelId": "TheBloke/Falcon-7B-Instruct-GGML"
    },
    {
      "_id": "6493d12ffcf8cc3eefe4d5b2",
      "id": "Tidzo/falcon-7b-esg-instruct",
      "likes": 0,
      "trendingScore": 0,
      "private": false,
      "downloads": 0,
      "tags": [
        "peft",
        "climate",
        "text-generation",
        "en",
        "dataset:tiiuae/falcon-refinedweb",
        "license:apache-2.0",
        "endpoints_compatible",
        "region:us"
      ],
      "pipeline_tag": "text-generation",
      "library_name": "peft",
      "createdAt": "2023-06-22T04:42:23.000Z",
      "modelId": "Tidzo/falcon-7b-esg-instruct"
    },
    {
      "_id": "6493f492b73b13b91233408b",
      "id": "Trisert/falcon-7b-instruct-sharded",
      "likes": 0,
      "trendingScore": 0,
      "private": false,
      "downloads": 15,
      "tags": [
        "transformers",
        "pytorch",
        "RefinedWebModel",
        "text-generation",
        "custom_code",
        "autotrain_compatible",
        "text-generation-inference",
        "endpoints_compatible",
        "region:us"
      ],
      "pipeline_tag": "text-generation",
      "library_name": "transformers",
      "createdAt": "2023-06-22T07:13:22.000Z",
      "modelId": "Trisert/falcon-7b-instruct-sharded"
    },
    {
      "_id": "649433fadb91e468f4d4f886",
      "id": "shivam001/falcon-7b-instructdei",
      "likes": 0,
      "trendingScore": 0,
      "private": false,
      "downloads": 0,
      "tags": [
        "region:us"
      ],
      "createdAt": "2023-06-22T11:43:54.000Z",
      "modelId": "shivam001/falcon-7b-instructdei"
    },
    {
      "_id": "64945278eb440bfc0dfce58d",
      "id": "abranzyck/falcon-7b-instruct-qlora-telco-req",
      "likes": 0,
      "trendingScore": 0,
      "private": false,
      "downloads": 0,
      "tags": [
        "region:us"
      ],
      "createdAt": "2023-06-22T13:54:00.000Z",
      "modelId": "abranzyck/falcon-7b-instruct-qlora-telco-req"
    },
    {
      "_id": "6495af0a164bfdfd6448b2b4",
      "id": "jc7k/falcon-7b-instruct-qlora-oasst-guanaco",
      "likes": 0,
      "trendingScore": 0,
      "private": false,
      "downloads": 1,
      "tags": [
        "peft",
        "region:us"
      ],
      "library_name": "peft",
      "createdAt": "2023-06-23T14:41:14.000Z",
      "modelId": "jc7k/falcon-7b-instruct-qlora-oasst-guanaco"
    },
    {
      "_id": "6496083825b6d0ef5578eadb",
      "id": "mrm8488/falcon-7b-ft-self_instruct",
      "likes": 0,
      "trendingScore": 0,
      "private": false,
      "downloads": 0,
      "tags": [
        "tensorboard",
        "generated_from_trainer",
        "region:us"
      ],
      "createdAt": "2023-06-23T21:01:44.000Z",
      "modelId": "mrm8488/falcon-7b-ft-self_instruct"
    },
    {
      "_id": "64995bfe1dad7babc7abe22a",
      "id": "steveglover/falcon-7b-instruct-qlora-telco-req",
      "likes": 0,
      "trendingScore": 0,
      "private": false,
      "downloads": 0,
      "tags": [
        "region:us"
      ],
      "createdAt": "2023-06-26T09:35:58.000Z",
      "modelId": "steveglover/falcon-7b-instruct-qlora-telco-req"
    },
    {
      "_id": "64996af3a3f227b05cbe4dd2",
      "id": "mrm8488/falcon-7b-ft-instruct",
      "likes": 0,
      "trendingScore": 0,
      "private": false,
      "downloads": 0,
      "tags": [
        "tensorboard",
        "region:us"
      ],
      "createdAt": "2023-06-26T10:39:47.000Z",
      "modelId": "mrm8488/falcon-7b-ft-instruct"
    },
    {
      "_id": "649a0bd8de0fb7f3f493f2c8",
      "id": "DanielSc4/falcon-7b-instruct-FT-LoRA-8bit-test1",
      "likes": 0,
      "trendingScore": 0,
      "private": false,
      "downloads": 0,
      "tags": [
        "generated_from_trainer",
        "license:apache-2.0",
        "region:us"
      ],
      "createdAt": "2023-06-26T22:06:16.000Z",
      "modelId": "DanielSc4/falcon-7b-instruct-FT-LoRA-8bit-test1"
    },
    {
      "_id": "649ade9c4ef5643506b697db",
      "id": "steveglover/falcon-7b-instruct-telco-texttonest",
      "likes": 0,
      "trendingScore": 0,
      "private": false,
      "downloads": 41,
      "tags": [
        "adapter-transformers",
        "RefinedWebModel",
        "text-generation",
        "en",
        "region:us"
      ],
      "pipeline_tag": "text-generation",
      "library_name": "adapter-transformers",
      "createdAt": "2023-06-27T13:05:32.000Z",
      "modelId": "steveglover/falcon-7b-instruct-telco-texttonest"
    },
    {
      "_id": "649af82200f8bbeefb8651d2",
      "id": "jialii/falcon-7b-instruct",
      "likes": 1,
      "trendingScore": 0,
      "private": false,
      "downloads": 13,
      "tags": [
        "transformers",
        "pytorch",
        "coreml",
        "RefinedWebModel",
        "text-generation",
        "custom_code",
        "en",
        "dataset:tiiuae/falcon-refinedweb",
        "arxiv:2205.14135",
        "arxiv:1911.02150",
        "arxiv:2005.14165",
        "arxiv:2104.09864",
        "arxiv:2306.01116",
        "license:apache-2.0",
        "autotrain_compatible",
        "text-generation-inference",
        "endpoints_compatible",
        "region:us"
      ],
      "pipeline_tag": "text-generation",
      "library_name": "transformers",
      "createdAt": "2023-06-27T14:54:26.000Z",
      "modelId": "jialii/falcon-7b-instruct"
    },
    {
      "_id": "649afa4900f8bbeefb868b70",
      "id": "goendalf666/falcon-7b-sql-instruction-lora",
      "likes": 1,
      "trendingScore": 0,
      "private": false,
      "downloads": 0,
      "tags": [
        "region:us"
      ],
      "createdAt": "2023-06-27T15:03:37.000Z",
      "modelId": "goendalf666/falcon-7b-sql-instruction-lora"
    },
    {
      "_id": "649afc2514b0ce45dabca229",
      "id": "Suratss/falcon-7b-instructdei",
      "likes": 0,
      "trendingScore": 0,
      "private": false,
      "downloads": 0,
      "tags": [
        "region:us"
      ],
      "createdAt": "2023-06-27T15:11:33.000Z",
      "modelId": "Suratss/falcon-7b-instructdei"
    },
    {
      "_id": "649d20687bc1f09aee22a93c",
      "id": "DanielSc4/falcon-7b-instruct-RL-LoRA-8bit-test1",
      "likes": 0,
      "trendingScore": 0,
      "private": false,
      "downloads": 0,
      "tags": [
        "region:us"
      ],
      "createdAt": "2023-06-29T06:10:48.000Z",
      "modelId": "DanielSc4/falcon-7b-instruct-RL-LoRA-8bit-test1"
    },
    {
      "_id": "649d4f9b9813ca2ced153d82",
      "id": "oplatek/falcon-7b-instruct-multi_woz_22-t2t",
      "likes": 0,
      "trendingScore": 0,
      "private": false,
      "downloads": 15,
      "tags": [
        "transformers",
        "pytorch",
        "RefinedWebModel",
        "text-generation",
        "custom_code",
        "autotrain_compatible",
        "text-generation-inference",
        "endpoints_compatible",
        "region:us"
      ],
      "pipeline_tag": "text-generation",
      "library_name": "transformers",
      "createdAt": "2023-06-29T09:32:11.000Z",
      "modelId": "oplatek/falcon-7b-instruct-multi_woz_22-t2t"
    },
    {
      "_id": "649f179b850cf8798525394e",
      "id": "DioulaD/falcon-7b-instruct-qlora-ge-dq-v2",
      "likes": 0,
      "trendingScore": 0,
      "private": false,
      "downloads": 43,
      "tags": [
        "peft",
        "RefinedWebModel",
        "text-generation",
        "custom_code",
        "4-bit",
        "region:us"
      ],
      "pipeline_tag": "text-generation",
      "library_name": "peft",
      "createdAt": "2023-06-30T17:57:47.000Z",
      "modelId": "DioulaD/falcon-7b-instruct-qlora-ge-dq-v2"
    }
  ]
}