{
  "items": [
    {
      "_id": "621ffdc136468d709f1808bf",
      "id": "sshleifer/distilbart-cnn-12-3",
      "likes": 4,
      "trendingScore": 0,
      "private": false,
      "downloads": 85,
      "tags": [
        "transformers",
        "pytorch",
        "jax",
        "bart",
        "text2text-generation",
        "summarization",
        "en",
        "dataset:cnn_dailymail",
        "dataset:xsum",
        "license:apache-2.0",
        "endpoints_compatible",
        "region:us"
      ],
      "pipeline_tag": "summarization",
      "library_name": "transformers",
      "createdAt": "2022-03-02T23:29:05.000Z",
      "modelId": "sshleifer/distilbart-cnn-12-3"
    },
    {
      "_id": "621ffdc136468d709f1808c0",
      "id": "sshleifer/distilbart-cnn-12-6",
      "likes": 293,
      "trendingScore": 0,
      "private": false,
      "downloads": 1870494,
      "tags": [
        "transformers",
        "pytorch",
        "jax",
        "rust",
        "bart",
        "text2text-generation",
        "summarization",
        "en",
        "dataset:cnn_dailymail",
        "dataset:xsum",
        "license:apache-2.0",
        "endpoints_compatible",
        "region:us"
      ],
      "pipeline_tag": "summarization",
      "library_name": "transformers",
      "createdAt": "2022-03-02T23:29:05.000Z",
      "modelId": "sshleifer/distilbart-cnn-12-6"
    },
    {
      "_id": "621ffdc136468d709f1808c1",
      "id": "sshleifer/distilbart-cnn-6-6",
      "likes": 31,
      "trendingScore": 0,
      "private": false,
      "downloads": 36040,
      "tags": [
        "transformers",
        "pytorch",
        "jax",
        "rust",
        "bart",
        "text2text-generation",
        "summarization",
        "en",
        "dataset:cnn_dailymail",
        "dataset:xsum",
        "license:apache-2.0",
        "endpoints_compatible",
        "region:us"
      ],
      "pipeline_tag": "summarization",
      "library_name": "transformers",
      "createdAt": "2022-03-02T23:29:05.000Z",
      "modelId": "sshleifer/distilbart-cnn-6-6"
    },
    {
      "_id": "621ffdc136468d709f1808c2",
      "id": "sshleifer/distilbart-xsum-1-1",
      "likes": 0,
      "trendingScore": 0,
      "private": false,
      "downloads": 2010,
      "tags": [
        "transformers",
        "pytorch",
        "tf",
        "jax",
        "bart",
        "text2text-generation",
        "summarization",
        "en",
        "dataset:cnn_dailymail",
        "dataset:xsum",
        "license:apache-2.0",
        "endpoints_compatible",
        "region:us"
      ],
      "pipeline_tag": "summarization",
      "library_name": "transformers",
      "createdAt": "2022-03-02T23:29:05.000Z",
      "modelId": "sshleifer/distilbart-xsum-1-1"
    },
    {
      "_id": "621ffdc136468d709f1808c3",
      "id": "sshleifer/distilbart-xsum-12-1",
      "likes": 7,
      "trendingScore": 0,
      "private": false,
      "downloads": 1235,
      "tags": [
        "transformers",
        "pytorch",
        "jax",
        "bart",
        "text2text-generation",
        "summarization",
        "en",
        "dataset:cnn_dailymail",
        "dataset:xsum",
        "license:apache-2.0",
        "endpoints_compatible",
        "region:us"
      ],
      "pipeline_tag": "summarization",
      "library_name": "transformers",
      "createdAt": "2022-03-02T23:29:05.000Z",
      "modelId": "sshleifer/distilbart-xsum-12-1"
    },
    {
      "_id": "621ffdc136468d709f1808c4",
      "id": "sshleifer/distilbart-xsum-12-3",
      "likes": 11,
      "trendingScore": 0,
      "private": false,
      "downloads": 1091,
      "tags": [
        "transformers",
        "pytorch",
        "jax",
        "bart",
        "text2text-generation",
        "summarization",
        "en",
        "dataset:cnn_dailymail",
        "dataset:xsum",
        "license:apache-2.0",
        "endpoints_compatible",
        "region:us"
      ],
      "pipeline_tag": "summarization",
      "library_name": "transformers",
      "createdAt": "2022-03-02T23:29:05.000Z",
      "modelId": "sshleifer/distilbart-xsum-12-3"
    },
    {
      "_id": "621ffdc136468d709f1808c5",
      "id": "sshleifer/distilbart-xsum-12-6",
      "likes": 7,
      "trendingScore": 0,
      "private": false,
      "downloads": 26417,
      "tags": [
        "transformers",
        "pytorch",
        "jax",
        "bart",
        "text2text-generation",
        "summarization",
        "en",
        "dataset:cnn_dailymail",
        "dataset:xsum",
        "license:apache-2.0",
        "endpoints_compatible",
        "region:us"
      ],
      "pipeline_tag": "summarization",
      "library_name": "transformers",
      "createdAt": "2022-03-02T23:29:05.000Z",
      "modelId": "sshleifer/distilbart-xsum-12-6"
    },
    {
      "_id": "621ffdc136468d709f1808c6",
      "id": "sshleifer/distilbart-xsum-6-6",
      "likes": 0,
      "trendingScore": 0,
      "private": false,
      "downloads": 1370,
      "tags": [
        "transformers",
        "pytorch",
        "jax",
        "bart",
        "text2text-generation",
        "summarization",
        "en",
        "dataset:cnn_dailymail",
        "dataset:xsum",
        "license:apache-2.0",
        "endpoints_compatible",
        "region:us"
      ],
      "pipeline_tag": "summarization",
      "library_name": "transformers",
      "createdAt": "2022-03-02T23:29:05.000Z",
      "modelId": "sshleifer/distilbart-xsum-6-6"
    },
    {
      "_id": "621ffdc136468d709f1808c7",
      "id": "sshleifer/distilbart-xsum-9-6",
      "likes": 0,
      "trendingScore": 0,
      "private": false,
      "downloads": 1372,
      "tags": [
        "transformers",
        "pytorch",
        "jax",
        "bart",
        "text2text-generation",
        "summarization",
        "en",
        "dataset:cnn_dailymail",
        "dataset:xsum",
        "license:apache-2.0",
        "endpoints_compatible",
        "region:us"
      ],
      "pipeline_tag": "summarization",
      "library_name": "transformers",
      "createdAt": "2022-03-02T23:29:05.000Z",
      "modelId": "sshleifer/distilbart-xsum-9-6"
    },
    {
      "_id": "621ffdc136468d709f1808c8",
      "id": "sshleifer/distill-mbart-en-ro-12-4",
      "likes": 0,
      "trendingScore": 0,
      "private": false,
      "downloads": 71,
      "tags": [
        "transformers",
        "pytorch",
        "mbart",
        "text2text-generation",
        "endpoints_compatible",
        "region:us"
      ],
      "library_name": "transformers",
      "createdAt": "2022-03-02T23:29:05.000Z",
      "modelId": "sshleifer/distill-mbart-en-ro-12-4"
    },
    {
      "_id": "621ffdc136468d709f1808c9",
      "id": "sshleifer/distill-mbart-en-ro-12-6",
      "likes": 0,
      "trendingScore": 0,
      "private": false,
      "downloads": 15,
      "tags": [
        "transformers",
        "pytorch",
        "mbart",
        "text2text-generation",
        "endpoints_compatible",
        "region:us"
      ],
      "library_name": "transformers",
      "createdAt": "2022-03-02T23:29:05.000Z",
      "modelId": "sshleifer/distill-mbart-en-ro-12-6"
    },
    {
      "_id": "621ffdc136468d709f1808ca",
      "id": "sshleifer/distill-mbart-en-ro-12-9",
      "likes": 0,
      "trendingScore": 0,
      "private": false,
      "downloads": 17,
      "tags": [
        "transformers",
        "pytorch",
        "mbart",
        "text2text-generation",
        "endpoints_compatible",
        "region:us"
      ],
      "library_name": "transformers",
      "createdAt": "2022-03-02T23:29:05.000Z",
      "modelId": "sshleifer/distill-mbart-en-ro-12-9"
    },
    {
      "_id": "621ffdc136468d709f1808cb",
      "id": "sshleifer/distill-pegasus-cnn-16-4",
      "likes": 5,
      "trendingScore": 0,
      "private": false,
      "downloads": 442,
      "tags": [
        "transformers",
        "pytorch",
        "pegasus",
        "text2text-generation",
        "summarization",
        "en",
        "arxiv:1912.08777",
        "endpoints_compatible",
        "region:us"
      ],
      "pipeline_tag": "summarization",
      "library_name": "transformers",
      "createdAt": "2022-03-02T23:29:05.000Z",
      "modelId": "sshleifer/distill-pegasus-cnn-16-4"
    },
    {
      "_id": "621ffdc136468d709f1808cc",
      "id": "sshleifer/distill-pegasus-xsum-12-12",
      "likes": 0,
      "trendingScore": 0,
      "private": false,
      "downloads": 3,
      "tags": [
        "transformers",
        "pytorch",
        "pegasus",
        "text2text-generation",
        "endpoints_compatible",
        "region:us"
      ],
      "library_name": "transformers",
      "createdAt": "2022-03-02T23:29:05.000Z",
      "modelId": "sshleifer/distill-pegasus-xsum-12-12"
    },
    {
      "_id": "621ffdc136468d709f1808cd",
      "id": "sshleifer/distill-pegasus-xsum-16-4",
      "likes": 4,
      "trendingScore": 0,
      "private": false,
      "downloads": 122,
      "tags": [
        "transformers",
        "pytorch",
        "pegasus",
        "text2text-generation",
        "summarization",
        "en",
        "arxiv:1912.08777",
        "endpoints_compatible",
        "region:us"
      ],
      "pipeline_tag": "summarization",
      "library_name": "transformers",
      "createdAt": "2022-03-02T23:29:05.000Z",
      "modelId": "sshleifer/distill-pegasus-xsum-16-4"
    },
    {
      "_id": "621ffdc136468d709f1808ce",
      "id": "sshleifer/distill-pegasus-xsum-16-8",
      "likes": 1,
      "trendingScore": 0,
      "private": false,
      "downloads": 5,
      "tags": [
        "transformers",
        "pytorch",
        "pegasus",
        "text2text-generation",
        "summarization",
        "en",
        "arxiv:1912.08777",
        "endpoints_compatible",
        "region:us"
      ],
      "pipeline_tag": "summarization",
      "library_name": "transformers",
      "createdAt": "2022-03-02T23:29:05.000Z",
      "modelId": "sshleifer/distill-pegasus-xsum-16-8"
    },
    {
      "_id": "65179c35404da51aa0134d06",
      "id": "ThanhJamieAI/sshleiferdistillpegasusxsum168",
      "likes": 0,
      "trendingScore": 0,
      "private": false,
      "downloads": 4,
      "tags": [
        "transformers",
        "bart",
        "text2text-generation",
        "license:apache-2.0",
        "endpoints_compatible",
        "region:us"
      ],
      "library_name": "transformers",
      "createdAt": "2023-09-30T03:55:33.000Z",
      "modelId": "ThanhJamieAI/sshleiferdistillpegasusxsum168"
    },
    {
      "_id": "653c3273eefdcdc9fd4f91e9",
      "id": "connorpryan/sshleifer-distilbart-cnn-12-6-finetune-checkpoints",
      "likes": 0,
      "trendingScore": 0,
      "private": false,
      "downloads": 0,
      "tags": [
        "region:us"
      ],
      "createdAt": "2023-10-27T21:58:11.000Z",
      "modelId": "connorpryan/sshleifer-distilbart-cnn-12-6-finetune-checkpoints"
    },
    {
      "_id": "689f1651dc867564160fde93",
      "id": "remiai3/Text_Summarization_by_sshleifer_distilbart-cnn-12-6",
      "likes": 0,
      "trendingScore": 0,
      "private": false,
      "downloads": 0,
      "tags": [
        "transformers",
        "summarization",
        "en",
        "base_model:sshleifer/distilbart-cnn-12-6",
        "base_model:finetune:sshleifer/distilbart-cnn-12-6",
        "license:apache-2.0",
        "endpoints_compatible",
        "region:us"
      ],
      "pipeline_tag": "summarization",
      "library_name": "transformers",
      "createdAt": "2025-08-15T11:13:21.000Z",
      "modelId": "remiai3/Text_Summarization_by_sshleifer_distilbart-cnn-12-6"
    }
  ]
}