{
  "items": [
    {
      "_id": "646dfe3e40e741b1913a1ba4",
      "id": "tiiuae/falcon-40b",
      "likes": 2432,
      "trendingScore": 0,
      "private": false,
      "downloads": 15685,
      "tags": [
        "transformers",
        "pytorch",
        "safetensors",
        "falcon",
        "text-generation",
        "custom_code",
        "en",
        "de",
        "es",
        "fr",
        "dataset:tiiuae/falcon-refinedweb",
        "arxiv:2205.14135",
        "arxiv:1911.02150",
        "arxiv:2101.00027",
        "arxiv:2005.14165",
        "arxiv:2104.09864",
        "arxiv:2306.01116",
        "license:apache-2.0",
        "autotrain_compatible",
        "text-generation-inference",
        "region:us"
      ],
      "pipeline_tag": "text-generation",
      "library_name": "transformers",
      "createdAt": "2023-05-24T12:08:30.000Z",
      "modelId": "tiiuae/falcon-40b"
    },
    {
      "_id": "646f350ce2a72c647b686b91",
      "id": "tiiuae/falcon-40b-instruct",
      "likes": 1180,
      "trendingScore": 0,
      "private": false,
      "downloads": 50183,
      "tags": [
        "transformers",
        "pytorch",
        "falcon",
        "text-generation",
        "custom_code",
        "en",
        "dataset:tiiuae/falcon-refinedweb",
        "arxiv:2205.14135",
        "arxiv:1911.02150",
        "arxiv:2005.14165",
        "arxiv:2104.09864",
        "arxiv:2306.01116",
        "arxiv:2304.01196",
        "license:apache-2.0",
        "autotrain_compatible",
        "text-generation-inference",
        "endpoints_compatible",
        "region:us"
      ],
      "pipeline_tag": "text-generation",
      "library_name": "transformers",
      "createdAt": "2023-05-25T10:14:36.000Z",
      "modelId": "tiiuae/falcon-40b-instruct"
    },
    {
      "_id": "64afe2d243e3d1062bd6545b",
      "id": "abhinavkulkarni/tiiuae-falcon-40b-instruct-w4-g128-awq",
      "likes": 2,
      "trendingScore": 0,
      "private": false,
      "downloads": 16,
      "tags": [
        "transformers",
        "pytorch",
        "RefinedWeb",
        "text-generation",
        "AWQ",
        "custom_code",
        "license:apache-2.0",
        "autotrain_compatible",
        "text-generation-inference",
        "region:us"
      ],
      "pipeline_tag": "text-generation",
      "library_name": "transformers",
      "createdAt": "2023-07-13T11:41:06.000Z",
      "modelId": "abhinavkulkarni/tiiuae-falcon-40b-instruct-w4-g128-awq"
    },
    {
      "_id": "64ee5963f479fcb96dc33cf7",
      "id": "maddes8cht/tiiuae-falcon-40b-instruct-gguf",
      "likes": 4,
      "trendingScore": 0,
      "private": false,
      "downloads": 240,
      "tags": [
        "gguf",
        "en",
        "dataset:tiiuae/falcon-refinedweb",
        "arxiv:2205.14135",
        "arxiv:1911.02150",
        "arxiv:2005.14165",
        "arxiv:2104.09864",
        "arxiv:2306.01116",
        "arxiv:2304.01196",
        "license:apache-2.0",
        "region:us"
      ],
      "createdAt": "2023-08-29T20:47:31.000Z",
      "modelId": "maddes8cht/tiiuae-falcon-40b-instruct-gguf"
    },
    {
      "_id": "6504285ec6ce94dc0e2b2043",
      "id": "maddes8cht/tiiuae-falcon-40b",
      "likes": 1,
      "trendingScore": 0,
      "private": false,
      "downloads": 73,
      "tags": [
        "gguf",
        "en",
        "de",
        "es",
        "fr",
        "dataset:tiiuae/falcon-refinedweb",
        "arxiv:2205.14135",
        "arxiv:1911.02150",
        "arxiv:2101.00027",
        "arxiv:2005.14165",
        "arxiv:2104.09864",
        "arxiv:2306.01116",
        "license:apache-2.0",
        "region:us"
      ],
      "createdAt": "2023-09-15T09:48:14.000Z",
      "modelId": "maddes8cht/tiiuae-falcon-40b"
    },
    {
      "_id": "653280743588c5d739bf7a5c",
      "id": "maddes8cht/tiiuae-falcon-40b-gguf",
      "likes": 1,
      "trendingScore": 0,
      "private": false,
      "downloads": 309,
      "tags": [
        "gguf",
        "en",
        "de",
        "es",
        "fr",
        "dataset:tiiuae/falcon-refinedweb",
        "arxiv:2205.14135",
        "arxiv:1911.02150",
        "arxiv:2101.00027",
        "arxiv:2005.14165",
        "arxiv:2104.09864",
        "arxiv:2306.01116",
        "license:apache-2.0",
        "region:us"
      ],
      "createdAt": "2023-10-20T13:28:20.000Z",
      "modelId": "maddes8cht/tiiuae-falcon-40b-gguf"
    },
    {
      "_id": "660bce3b36f782e84856b0ff",
      "id": "acarrillo48/falcon-40b-FAQ-tiiuae-test",
      "likes": 0,
      "trendingScore": 0,
      "private": false,
      "downloads": 0,
      "tags": [
        "region:us"
      ],
      "createdAt": "2024-04-02T09:22:03.000Z",
      "modelId": "acarrillo48/falcon-40b-FAQ-tiiuae-test"
    },
    {
      "_id": "666a067e72713320781d6fb5",
      "id": "SotiriosKastanas/tiiuae-falcon-40b-instruct-4-bit-gptq",
      "likes": 0,
      "trendingScore": 0,
      "private": false,
      "downloads": 2,
      "tags": [
        "transformers",
        "safetensors",
        "falcon",
        "text-generation",
        "custom_code",
        "arxiv:1910.09700",
        "autotrain_compatible",
        "text-generation-inference",
        "endpoints_compatible",
        "4-bit",
        "gptq",
        "region:us"
      ],
      "pipeline_tag": "text-generation",
      "library_name": "transformers",
      "createdAt": "2024-06-12T20:35:10.000Z",
      "modelId": "SotiriosKastanas/tiiuae-falcon-40b-instruct-4-bit-gptq"
    },
    {
      "_id": "66756d628a4064c02b1a70c9",
      "id": "SotiriosKastanas/tiiuae-falcon-40b-instruct-4-bit-bnb",
      "likes": 0,
      "trendingScore": 0,
      "private": false,
      "downloads": 2,
      "tags": [
        "transformers",
        "safetensors",
        "falcon",
        "text-generation",
        "custom_code",
        "arxiv:1910.09700",
        "autotrain_compatible",
        "text-generation-inference",
        "endpoints_compatible",
        "4-bit",
        "bitsandbytes",
        "region:us"
      ],
      "pipeline_tag": "text-generation",
      "library_name": "transformers",
      "createdAt": "2024-06-21T12:09:06.000Z",
      "modelId": "SotiriosKastanas/tiiuae-falcon-40b-instruct-4-bit-bnb"
    },
    {
      "_id": "66cc56bedba9f64212375f41",
      "id": "RichardErkhov/tiiuae_-_falcon-40b-gguf",
      "likes": 0,
      "trendingScore": 0,
      "private": false,
      "downloads": 10,
      "tags": [
        "gguf",
        "arxiv:2205.14135",
        "arxiv:1911.02150",
        "arxiv:2101.00027",
        "arxiv:2005.14165",
        "arxiv:2104.09864",
        "arxiv:2306.01116",
        "endpoints_compatible",
        "region:us"
      ],
      "createdAt": "2024-08-26T10:19:42.000Z",
      "modelId": "RichardErkhov/tiiuae_-_falcon-40b-gguf"
    }
  ]
}