{
  "items": [
    {
      "_id": "63526f4c7e4cc3135fd0ff1a",
      "id": "google/flan-t5-large",
      "likes": 817,
      "trendingScore": 3,
      "private": false,
      "downloads": 1743710,
      "tags": [
        "transformers",
        "pytorch",
        "tf",
        "jax",
        "safetensors",
        "t5",
        "text2text-generation",
        "en",
        "fr",
        "ro",
        "de",
        "multilingual",
        "dataset:svakulenk0/qrecc",
        "dataset:taskmaster2",
        "dataset:djaym7/wiki_dialog",
        "dataset:deepmind/code_contests",
        "dataset:lambada",
        "dataset:gsm8k",
        "dataset:aqua_rat",
        "dataset:esnli",
        "dataset:quasc",
        "dataset:qed",
        "arxiv:2210.11416",
        "arxiv:1910.09700",
        "license:apache-2.0",
        "text-generation-inference",
        "endpoints_compatible",
        "region:us"
      ],
      "library_name": "transformers",
      "createdAt": "2022-10-21T10:07:08.000Z",
      "modelId": "google/flan-t5-large"
    },
    {
      "_id": "644e5e16bf9683cba45e0ae8",
      "id": "Luciano/SEQ_2_SEQ_LM_financial_phrasebank_google_flan-t5-large_LORA",
      "likes": 0,
      "trendingScore": 0,
      "private": false,
      "downloads": 0,
      "tags": [
        "region:us"
      ],
      "createdAt": "2023-04-30T12:24:54.000Z",
      "modelId": "Luciano/SEQ_2_SEQ_LM_financial_phrasebank_google_flan-t5-large_LORA"
    },
    {
      "_id": "6494ececf2f0be848bce69b3",
      "id": "retrieval-bar/google_flan-t5-large_mbe_no_passage",
      "likes": 0,
      "trendingScore": 0,
      "private": false,
      "downloads": 0,
      "tags": [
        "peft",
        "region:us"
      ],
      "library_name": "peft",
      "createdAt": "2023-06-23T00:53:00.000Z",
      "modelId": "retrieval-bar/google_flan-t5-large_mbe_no_passage"
    },
    {
      "_id": "64b1b352b6b73d7584c393b5",
      "id": "Saideva/google_flan_t5_large_model",
      "likes": 0,
      "trendingScore": 0,
      "private": false,
      "downloads": 0,
      "tags": [
        "region:us"
      ],
      "createdAt": "2023-07-14T20:42:58.000Z",
      "modelId": "Saideva/google_flan_t5_large_model"
    },
    {
      "_id": "64be4a2ef8f28a19b0e55f78",
      "id": "lorahub/flan_t5_large-wiki_qa_found_on_google",
      "likes": 0,
      "trendingScore": 0,
      "private": false,
      "downloads": 538,
      "tags": [
        "peft",
        "region:us"
      ],
      "library_name": "peft",
      "createdAt": "2023-07-24T09:53:50.000Z",
      "modelId": "lorahub/flan_t5_large-wiki_qa_found_on_google"
    },
    {
      "_id": "64ccf3578256a8efea81c750",
      "id": "reasonwang/google-flan-t5-large-alpaca",
      "likes": 3,
      "trendingScore": 0,
      "private": false,
      "downloads": 1,
      "tags": [
        "transformers",
        "pytorch",
        "t5",
        "text2text-generation",
        "text-generation-inference",
        "endpoints_compatible",
        "region:us"
      ],
      "library_name": "transformers",
      "createdAt": "2023-08-04T12:47:19.000Z",
      "modelId": "reasonwang/google-flan-t5-large-alpaca"
    },
    {
      "_id": "64de6f4a1d826d7355d122cc",
      "id": "retrieval-bar/google_flan-t5-large_mbe_hl_passage",
      "likes": 0,
      "trendingScore": 0,
      "private": false,
      "downloads": 1,
      "tags": [
        "peft",
        "region:us"
      ],
      "library_name": "peft",
      "createdAt": "2023-08-17T19:04:42.000Z",
      "modelId": "retrieval-bar/google_flan-t5-large_mbe_hl_passage"
    },
    {
      "_id": "6637f6aaa59e65753bc9d186",
      "id": "bluerabbit1708/googleflant5large-text-to-sql",
      "likes": 0,
      "trendingScore": 0,
      "private": false,
      "downloads": 0,
      "tags": [
        "region:us"
      ],
      "createdAt": "2024-05-05T21:14:18.000Z",
      "modelId": "bluerabbit1708/googleflant5large-text-to-sql"
    },
    {
      "_id": "6666db6d0e69a900536e2a1d",
      "id": "nikhil928/google-flan-t5-large-770-finetuned-medical-data",
      "likes": 0,
      "trendingScore": 0,
      "private": false,
      "downloads": 2,
      "tags": [
        "transformers",
        "pytorch",
        "t5",
        "text2text-generation",
        "text-generation-inference",
        "endpoints_compatible",
        "region:us"
      ],
      "library_name": "transformers",
      "createdAt": "2024-06-10T10:54:37.000Z",
      "modelId": "nikhil928/google-flan-t5-large-770-finetuned-medical-data"
    },
    {
      "_id": "6666edecea501546a330f93c",
      "id": "nikhil928/google-flan-t5-large-770-finetuned-medical-data-2",
      "likes": 0,
      "trendingScore": 0,
      "private": false,
      "downloads": 2,
      "tags": [
        "transformers",
        "pytorch",
        "t5",
        "text2text-generation",
        "text-generation-inference",
        "endpoints_compatible",
        "region:us"
      ],
      "library_name": "transformers",
      "createdAt": "2024-06-10T12:13:32.000Z",
      "modelId": "nikhil928/google-flan-t5-large-770-finetuned-medical-data-2"
    },
    {
      "_id": "66992c8584e6a96448915da2",
      "id": "mtc/google-flan-t5-large-absinth-span-3-epochs",
      "likes": 0,
      "trendingScore": 0,
      "private": false,
      "downloads": 1,
      "tags": [
        "transformers",
        "safetensors",
        "t5",
        "text2text-generation",
        "generated_from_trainer",
        "dataset:mtc/span_absinth_with_articles_german_faithfulness_detection_dataset",
        "base_model:google/flan-t5-large",
        "base_model:finetune:google/flan-t5-large",
        "license:apache-2.0",
        "text-generation-inference",
        "endpoints_compatible",
        "region:us"
      ],
      "library_name": "transformers",
      "createdAt": "2024-07-18T14:53:57.000Z",
      "modelId": "mtc/google-flan-t5-large-absinth-span-3-epochs"
    },
    {
      "_id": "681b5e40c04c7b68fafd5825",
      "id": "YWZBrandon/google_flan-t5-large_full_upsample1000",
      "likes": 0,
      "trendingScore": 0,
      "private": false,
      "downloads": 2,
      "tags": [
        "transformers",
        "safetensors",
        "t5",
        "text2text-generation",
        "generated_from_trainer",
        "base_model:google/flan-t5-large",
        "base_model:finetune:google/flan-t5-large",
        "license:apache-2.0",
        "text-generation-inference",
        "endpoints_compatible",
        "region:us"
      ],
      "library_name": "transformers",
      "createdAt": "2025-05-07T13:21:04.000Z",
      "modelId": "YWZBrandon/google_flan-t5-large_full_upsample1000"
    },
    {
      "_id": "681bbb84ac8f09f308d6b61a",
      "id": "YWZBrandon/google_flan-t5-large_semantic_3_clusters_0_full_upsample1000",
      "likes": 0,
      "trendingScore": 0,
      "private": false,
      "downloads": 3,
      "tags": [
        "transformers",
        "safetensors",
        "t5",
        "text2text-generation",
        "generated_from_trainer",
        "base_model:google/flan-t5-large",
        "base_model:finetune:google/flan-t5-large",
        "license:apache-2.0",
        "text-generation-inference",
        "endpoints_compatible",
        "region:us"
      ],
      "library_name": "transformers",
      "createdAt": "2025-05-07T19:59:00.000Z",
      "modelId": "YWZBrandon/google_flan-t5-large_semantic_3_clusters_0_full_upsample1000"
    },
    {
      "_id": "681bbbe4554c8d2d91887726",
      "id": "YWZBrandon/google_flan-t5-large_semantic_10_clusters_0_full_upsample1000",
      "likes": 0,
      "trendingScore": 0,
      "private": false,
      "downloads": 3,
      "tags": [
        "transformers",
        "safetensors",
        "t5",
        "text2text-generation",
        "generated_from_trainer",
        "base_model:google/flan-t5-large",
        "base_model:finetune:google/flan-t5-large",
        "license:apache-2.0",
        "text-generation-inference",
        "endpoints_compatible",
        "region:us"
      ],
      "library_name": "transformers",
      "createdAt": "2025-05-07T20:00:36.000Z",
      "modelId": "YWZBrandon/google_flan-t5-large_semantic_10_clusters_0_full_upsample1000"
    },
    {
      "_id": "681bcee2efa736632fc8e771",
      "id": "YWZBrandon/google_flan-t5-large_semantic_10_clusters_1_full_upsample1000",
      "likes": 0,
      "trendingScore": 0,
      "private": false,
      "downloads": 2,
      "tags": [
        "transformers",
        "safetensors",
        "t5",
        "text2text-generation",
        "generated_from_trainer",
        "base_model:google/flan-t5-large",
        "base_model:finetune:google/flan-t5-large",
        "license:apache-2.0",
        "text-generation-inference",
        "endpoints_compatible",
        "region:us"
      ],
      "library_name": "transformers",
      "createdAt": "2025-05-07T21:21:38.000Z",
      "modelId": "YWZBrandon/google_flan-t5-large_semantic_10_clusters_1_full_upsample1000"
    },
    {
      "_id": "681be41cc68ad99f3328d068",
      "id": "YWZBrandon/google_flan-t5-large_semantic_3_clusters_1_full_upsample1000",
      "likes": 0,
      "trendingScore": 0,
      "private": false,
      "downloads": 3,
      "tags": [
        "transformers",
        "safetensors",
        "t5",
        "text2text-generation",
        "generated_from_trainer",
        "base_model:google/flan-t5-large",
        "base_model:finetune:google/flan-t5-large",
        "license:apache-2.0",
        "text-generation-inference",
        "endpoints_compatible",
        "region:us"
      ],
      "library_name": "transformers",
      "createdAt": "2025-05-07T22:52:12.000Z",
      "modelId": "YWZBrandon/google_flan-t5-large_semantic_3_clusters_1_full_upsample1000"
    },
    {
      "_id": "681be781329d12dfcbecbacf",
      "id": "YWZBrandon/google_flan-t5-large_semantic_10_clusters_2_full_upsample1000",
      "likes": 0,
      "trendingScore": 0,
      "private": false,
      "downloads": 3,
      "tags": [
        "transformers",
        "safetensors",
        "t5",
        "text2text-generation",
        "generated_from_trainer",
        "base_model:google/flan-t5-large",
        "base_model:finetune:google/flan-t5-large",
        "license:apache-2.0",
        "text-generation-inference",
        "endpoints_compatible",
        "region:us"
      ],
      "library_name": "transformers",
      "createdAt": "2025-05-07T23:06:41.000Z",
      "modelId": "YWZBrandon/google_flan-t5-large_semantic_10_clusters_2_full_upsample1000"
    },
    {
      "_id": "681beb52aed24541cb88fc17",
      "id": "YWZBrandon/google_flan-t5-large_ds1000_upsample1000",
      "likes": 0,
      "trendingScore": 0,
      "private": false,
      "downloads": 2,
      "tags": [
        "safetensors",
        "t5",
        "region:us"
      ],
      "createdAt": "2025-05-07T23:22:58.000Z",
      "modelId": "YWZBrandon/google_flan-t5-large_ds1000_upsample1000"
    },
    {
      "_id": "681beb53d1174652ee514bf7",
      "id": "YWZBrandon/google_flan-t5-large_ds1000_upsample3000",
      "likes": 0,
      "trendingScore": 0,
      "private": false,
      "downloads": 2,
      "tags": [
        "safetensors",
        "t5",
        "region:us"
      ],
      "createdAt": "2025-05-07T23:22:59.000Z",
      "modelId": "YWZBrandon/google_flan-t5-large_ds1000_upsample3000"
    },
    {
      "_id": "681beb546a8af215f6d05be4",
      "id": "YWZBrandon/google_flan-t5-large_ds100_upsample1000",
      "likes": 0,
      "trendingScore": 0,
      "private": false,
      "downloads": 2,
      "tags": [
        "safetensors",
        "t5",
        "region:us"
      ],
      "createdAt": "2025-05-07T23:23:00.000Z",
      "modelId": "YWZBrandon/google_flan-t5-large_ds100_upsample1000"
    },
    {
      "_id": "681beb5500a6c4d89782e4ca",
      "id": "YWZBrandon/google_flan-t5-large_ds100_upsample3000",
      "likes": 0,
      "trendingScore": 0,
      "private": false,
      "downloads": 2,
      "tags": [
        "safetensors",
        "t5",
        "region:us"
      ],
      "createdAt": "2025-05-07T23:23:01.000Z",
      "modelId": "YWZBrandon/google_flan-t5-large_ds100_upsample3000"
    },
    {
      "_id": "681beb56894fcc0e9ebbdbfc",
      "id": "YWZBrandon/google_flan-t5-large_ds3500_upsample1000",
      "likes": 0,
      "trendingScore": 0,
      "private": false,
      "downloads": 2,
      "tags": [
        "safetensors",
        "t5",
        "region:us"
      ],
      "createdAt": "2025-05-07T23:23:02.000Z",
      "modelId": "YWZBrandon/google_flan-t5-large_ds3500_upsample1000"
    },
    {
      "_id": "681beb578f052848e1894c57",
      "id": "YWZBrandon/google_flan-t5-large_ds3500_upsample3000",
      "likes": 0,
      "trendingScore": 0,
      "private": false,
      "downloads": 2,
      "tags": [
        "safetensors",
        "t5",
        "region:us"
      ],
      "createdAt": "2025-05-07T23:23:03.000Z",
      "modelId": "YWZBrandon/google_flan-t5-large_ds3500_upsample3000"
    },
    {
      "_id": "681bfa540271111fd9e83c8f",
      "id": "YWZBrandon/google_flan-t5-large_semantic_10_clusters_3_full_upsample1000",
      "likes": 0,
      "trendingScore": 0,
      "private": false,
      "downloads": 2,
      "tags": [
        "transformers",
        "safetensors",
        "t5",
        "text2text-generation",
        "generated_from_trainer",
        "base_model:google/flan-t5-large",
        "base_model:finetune:google/flan-t5-large",
        "license:apache-2.0",
        "text-generation-inference",
        "endpoints_compatible",
        "region:us"
      ],
      "library_name": "transformers",
      "createdAt": "2025-05-08T00:27:00.000Z",
      "modelId": "YWZBrandon/google_flan-t5-large_semantic_10_clusters_3_full_upsample1000"
    },
    {
      "_id": "681c0492cc7f898aec2156c3",
      "id": "YWZBrandon/google_flan-t5-large_semantic_5_clusters_1_full_upsample1000",
      "likes": 0,
      "trendingScore": 0,
      "private": false,
      "downloads": 2,
      "tags": [
        "transformers",
        "safetensors",
        "t5",
        "text2text-generation",
        "generated_from_trainer",
        "base_model:google/flan-t5-large",
        "base_model:finetune:google/flan-t5-large",
        "license:apache-2.0",
        "text-generation-inference",
        "endpoints_compatible",
        "region:us"
      ],
      "library_name": "transformers",
      "createdAt": "2025-05-08T01:10:42.000Z",
      "modelId": "YWZBrandon/google_flan-t5-large_semantic_5_clusters_1_full_upsample1000"
    },
    {
      "_id": "681c0907b8551204f32cea51",
      "id": "YWZBrandon/google_flan-t5-large_temporal_3_clusters_0_full_upsample1000",
      "likes": 0,
      "trendingScore": 0,
      "private": false,
      "downloads": 2,
      "tags": [
        "transformers",
        "safetensors",
        "t5",
        "text2text-generation",
        "generated_from_trainer",
        "base_model:google/flan-t5-large",
        "base_model:finetune:google/flan-t5-large",
        "license:apache-2.0",
        "text-generation-inference",
        "endpoints_compatible",
        "region:us"
      ],
      "library_name": "transformers",
      "createdAt": "2025-05-08T01:29:43.000Z",
      "modelId": "YWZBrandon/google_flan-t5-large_temporal_3_clusters_0_full_upsample1000"
    },
    {
      "_id": "681c0f5fd8641604c3c136b2",
      "id": "YWZBrandon/google_flan-t5-large_semantic_10_clusters_4_full_upsample1000",
      "likes": 0,
      "trendingScore": 0,
      "private": false,
      "downloads": 2,
      "tags": [
        "transformers",
        "safetensors",
        "t5",
        "text2text-generation",
        "generated_from_trainer",
        "base_model:google/flan-t5-large",
        "base_model:finetune:google/flan-t5-large",
        "license:apache-2.0",
        "text-generation-inference",
        "endpoints_compatible",
        "region:us"
      ],
      "library_name": "transformers",
      "createdAt": "2025-05-08T01:56:47.000Z",
      "modelId": "YWZBrandon/google_flan-t5-large_semantic_10_clusters_4_full_upsample1000"
    },
    {
      "_id": "681c1bcc0fccdfd5dc9e535a",
      "id": "YWZBrandon/google_flan-t5-large_semantic_5_clusters_0_full_upsample1000",
      "likes": 0,
      "trendingScore": 0,
      "private": false,
      "downloads": 2,
      "tags": [
        "transformers",
        "safetensors",
        "t5",
        "text2text-generation",
        "generated_from_trainer",
        "base_model:google/flan-t5-large",
        "base_model:finetune:google/flan-t5-large",
        "license:apache-2.0",
        "text-generation-inference",
        "endpoints_compatible",
        "region:us"
      ],
      "library_name": "transformers",
      "createdAt": "2025-05-08T02:49:48.000Z",
      "modelId": "YWZBrandon/google_flan-t5-large_semantic_5_clusters_0_full_upsample1000"
    },
    {
      "_id": "681c24ffc9837d60db561e0a",
      "id": "YWZBrandon/google_flan-t5-large_semantic_10_clusters_5_full_upsample1000",
      "likes": 0,
      "trendingScore": 0,
      "private": false,
      "downloads": 2,
      "tags": [
        "transformers",
        "safetensors",
        "t5",
        "text2text-generation",
        "generated_from_trainer",
        "base_model:google/flan-t5-large",
        "base_model:finetune:google/flan-t5-large",
        "license:apache-2.0",
        "text-generation-inference",
        "endpoints_compatible",
        "region:us"
      ],
      "library_name": "transformers",
      "createdAt": "2025-05-08T03:29:03.000Z",
      "modelId": "YWZBrandon/google_flan-t5-large_semantic_10_clusters_5_full_upsample1000"
    },
    {
      "_id": "681c2a2e0b110b62b9a2ab6f",
      "id": "YWZBrandon/google_flan-t5-large_temporal_3_clusters_2_full_upsample1000",
      "likes": 0,
      "trendingScore": 0,
      "private": false,
      "downloads": 2,
      "tags": [
        "transformers",
        "safetensors",
        "t5",
        "text2text-generation",
        "generated_from_trainer",
        "base_model:google/flan-t5-large",
        "base_model:finetune:google/flan-t5-large",
        "license:apache-2.0",
        "text-generation-inference",
        "endpoints_compatible",
        "region:us"
      ],
      "library_name": "transformers",
      "createdAt": "2025-05-08T03:51:10.000Z",
      "modelId": "YWZBrandon/google_flan-t5-large_temporal_3_clusters_2_full_upsample1000"
    },
    {
      "_id": "681c34ed8a29a56c10f0e9cd",
      "id": "YWZBrandon/google_flan-t5-large_semantic_10_clusters_6_full_upsample1000",
      "likes": 0,
      "trendingScore": 0,
      "private": false,
      "downloads": 2,
      "tags": [
        "transformers",
        "safetensors",
        "t5",
        "text2text-generation",
        "generated_from_trainer",
        "base_model:google/flan-t5-large",
        "base_model:finetune:google/flan-t5-large",
        "license:apache-2.0",
        "text-generation-inference",
        "endpoints_compatible",
        "region:us"
      ],
      "library_name": "transformers",
      "createdAt": "2025-05-08T04:37:01.000Z",
      "modelId": "YWZBrandon/google_flan-t5-large_semantic_10_clusters_6_full_upsample1000"
    },
    {
      "_id": "681c3f42b322a2fe8646bfab",
      "id": "YWZBrandon/google_flan-t5-large_semantic_5_clusters_3_full_upsample1000",
      "likes": 0,
      "trendingScore": 0,
      "private": false,
      "downloads": 2,
      "tags": [
        "transformers",
        "safetensors",
        "t5",
        "text2text-generation",
        "generated_from_trainer",
        "base_model:google/flan-t5-large",
        "base_model:finetune:google/flan-t5-large",
        "license:apache-2.0",
        "text-generation-inference",
        "endpoints_compatible",
        "region:us"
      ],
      "library_name": "transformers",
      "createdAt": "2025-05-08T05:21:06.000Z",
      "modelId": "YWZBrandon/google_flan-t5-large_semantic_5_clusters_3_full_upsample1000"
    },
    {
      "_id": "681c492cda3bc91c2ecf3b2d",
      "id": "YWZBrandon/google_flan-t5-large_semantic_10_clusters_7_full_upsample1000",
      "likes": 0,
      "trendingScore": 0,
      "private": false,
      "downloads": 2,
      "tags": [
        "transformers",
        "safetensors",
        "t5",
        "text2text-generation",
        "generated_from_trainer",
        "base_model:google/flan-t5-large",
        "base_model:finetune:google/flan-t5-large",
        "license:apache-2.0",
        "text-generation-inference",
        "endpoints_compatible",
        "region:us"
      ],
      "library_name": "transformers",
      "createdAt": "2025-05-08T06:03:24.000Z",
      "modelId": "YWZBrandon/google_flan-t5-large_semantic_10_clusters_7_full_upsample1000"
    },
    {
      "_id": "681c5bfb535103d61a9f6379",
      "id": "YWZBrandon/google_flan-t5-large_semantic_5_clusters_4_full_upsample1000",
      "likes": 0,
      "trendingScore": 0,
      "private": false,
      "downloads": 2,
      "tags": [
        "transformers",
        "safetensors",
        "t5",
        "text2text-generation",
        "generated_from_trainer",
        "base_model:google/flan-t5-large",
        "base_model:finetune:google/flan-t5-large",
        "license:apache-2.0",
        "text-generation-inference",
        "endpoints_compatible",
        "region:us"
      ],
      "library_name": "transformers",
      "createdAt": "2025-05-08T07:23:39.000Z",
      "modelId": "YWZBrandon/google_flan-t5-large_semantic_5_clusters_4_full_upsample1000"
    },
    {
      "_id": "681c613b29ba66a7451b049c",
      "id": "YWZBrandon/google_flan-t5-large_semantic_10_clusters_8_full_upsample1000",
      "likes": 0,
      "trendingScore": 0,
      "private": false,
      "downloads": 2,
      "tags": [
        "transformers",
        "safetensors",
        "t5",
        "text2text-generation",
        "generated_from_trainer",
        "base_model:google/flan-t5-large",
        "base_model:finetune:google/flan-t5-large",
        "license:apache-2.0",
        "text-generation-inference",
        "endpoints_compatible",
        "region:us"
      ],
      "library_name": "transformers",
      "createdAt": "2025-05-08T07:46:03.000Z",
      "modelId": "YWZBrandon/google_flan-t5-large_semantic_10_clusters_8_full_upsample1000"
    },
    {
      "_id": "681c6ec5cb46137d523ae76d",
      "id": "YWZBrandon/google_flan-t5-large_temporal_5_clusters_0_full_upsample1000",
      "likes": 0,
      "trendingScore": 0,
      "private": false,
      "downloads": 2,
      "tags": [
        "transformers",
        "safetensors",
        "t5",
        "text2text-generation",
        "generated_from_trainer",
        "base_model:google/flan-t5-large",
        "base_model:finetune:google/flan-t5-large",
        "license:apache-2.0",
        "text-generation-inference",
        "endpoints_compatible",
        "region:us"
      ],
      "library_name": "transformers",
      "createdAt": "2025-05-08T08:43:49.000Z",
      "modelId": "YWZBrandon/google_flan-t5-large_temporal_5_clusters_0_full_upsample1000"
    },
    {
      "_id": "681c6f406bdf8422679483cf",
      "id": "YWZBrandon/google_flan-t5-large_semantic_10_clusters_9_full_upsample1000",
      "likes": 0,
      "trendingScore": 0,
      "private": false,
      "downloads": 2,
      "tags": [
        "transformers",
        "safetensors",
        "t5",
        "text2text-generation",
        "generated_from_trainer",
        "base_model:google/flan-t5-large",
        "base_model:finetune:google/flan-t5-large",
        "license:apache-2.0",
        "text-generation-inference",
        "endpoints_compatible",
        "region:us"
      ],
      "library_name": "transformers",
      "createdAt": "2025-05-08T08:45:52.000Z",
      "modelId": "YWZBrandon/google_flan-t5-large_semantic_10_clusters_9_full_upsample1000"
    },
    {
      "_id": "681c8100419a114019016a43",
      "id": "YWZBrandon/google_flan-t5-large_temporal_5_clusters_1_full_upsample1000",
      "likes": 0,
      "trendingScore": 0,
      "private": false,
      "downloads": 2,
      "tags": [
        "transformers",
        "safetensors",
        "t5",
        "text2text-generation",
        "generated_from_trainer",
        "base_model:google/flan-t5-large",
        "base_model:finetune:google/flan-t5-large",
        "license:apache-2.0",
        "text-generation-inference",
        "endpoints_compatible",
        "region:us"
      ],
      "library_name": "transformers",
      "createdAt": "2025-05-08T10:01:36.000Z",
      "modelId": "YWZBrandon/google_flan-t5-large_temporal_5_clusters_1_full_upsample1000"
    },
    {
      "_id": "681c93d291af97eb6a02a122",
      "id": "YWZBrandon/google_flan-t5-large_temporal_5_clusters_2_full_upsample1000",
      "likes": 0,
      "trendingScore": 0,
      "private": false,
      "downloads": 2,
      "tags": [
        "transformers",
        "safetensors",
        "t5",
        "text2text-generation",
        "generated_from_trainer",
        "base_model:google/flan-t5-large",
        "base_model:finetune:google/flan-t5-large",
        "license:apache-2.0",
        "text-generation-inference",
        "endpoints_compatible",
        "region:us"
      ],
      "library_name": "transformers",
      "createdAt": "2025-05-08T11:21:54.000Z",
      "modelId": "YWZBrandon/google_flan-t5-large_temporal_5_clusters_2_full_upsample1000"
    },
    {
      "_id": "681c9521419a114019069e0c",
      "id": "YWZBrandon/google_flan-t5-large_semantic_3_clusters_2_full_upsample1000",
      "likes": 0,
      "trendingScore": 0,
      "private": false,
      "downloads": 2,
      "tags": [
        "transformers",
        "safetensors",
        "t5",
        "text2text-generation",
        "generated_from_trainer",
        "base_model:google/flan-t5-large",
        "base_model:finetune:google/flan-t5-large",
        "license:apache-2.0",
        "text-generation-inference",
        "endpoints_compatible",
        "region:us"
      ],
      "library_name": "transformers",
      "createdAt": "2025-05-08T11:27:29.000Z",
      "modelId": "YWZBrandon/google_flan-t5-large_semantic_3_clusters_2_full_upsample1000"
    },
    {
      "_id": "681dcf99572a32313d65621a",
      "id": "YWZBrandon/google_flan-t5-large_temporal_5_clusters_3_full_upsample1000",
      "likes": 0,
      "trendingScore": 0,
      "private": false,
      "downloads": 2,
      "tags": [
        "transformers",
        "safetensors",
        "t5",
        "text2text-generation",
        "generated_from_trainer",
        "base_model:YWZBrandon/flan-t5-large",
        "base_model:finetune:YWZBrandon/flan-t5-large",
        "license:apache-2.0",
        "text-generation-inference",
        "endpoints_compatible",
        "region:us"
      ],
      "library_name": "transformers",
      "createdAt": "2025-05-09T09:49:13.000Z",
      "modelId": "YWZBrandon/google_flan-t5-large_temporal_5_clusters_3_full_upsample1000"
    },
    {
      "_id": "681e0a051d13e40d0104dc82",
      "id": "YWZBrandon/google_flan-t5-large_semantic_5_clusters_2_full_upsample1000",
      "likes": 0,
      "trendingScore": 0,
      "private": false,
      "downloads": 2,
      "tags": [
        "transformers",
        "safetensors",
        "t5",
        "text2text-generation",
        "generated_from_trainer",
        "base_model:google/flan-t5-large",
        "base_model:finetune:google/flan-t5-large",
        "license:apache-2.0",
        "text-generation-inference",
        "endpoints_compatible",
        "region:us"
      ],
      "library_name": "transformers",
      "createdAt": "2025-05-09T13:58:29.000Z",
      "modelId": "YWZBrandon/google_flan-t5-large_semantic_5_clusters_2_full_upsample1000"
    },
    {
      "_id": "681e3a97f057bba2ebcfaed5",
      "id": "YWZBrandon/google_flan-t5-large_temporal_5_clusters_4_full_upsample1000",
      "likes": 0,
      "trendingScore": 0,
      "private": false,
      "downloads": 2,
      "tags": [
        "transformers",
        "safetensors",
        "t5",
        "text2text-generation",
        "generated_from_trainer",
        "base_model:google/flan-t5-large",
        "base_model:finetune:google/flan-t5-large",
        "license:apache-2.0",
        "text-generation-inference",
        "endpoints_compatible",
        "region:us"
      ],
      "library_name": "transformers",
      "createdAt": "2025-05-09T17:25:43.000Z",
      "modelId": "YWZBrandon/google_flan-t5-large_temporal_5_clusters_4_full_upsample1000"
    },
    {
      "_id": "681f278a949de55a142ce0e2",
      "id": "YWZBrandon/google_flan-t5-large_full_upsample3000",
      "likes": 0,
      "trendingScore": 0,
      "private": false,
      "downloads": 2,
      "tags": [
        "transformers",
        "safetensors",
        "t5",
        "text2text-generation",
        "generated_from_trainer",
        "base_model:google/flan-t5-large",
        "base_model:finetune:google/flan-t5-large",
        "license:apache-2.0",
        "text-generation-inference",
        "endpoints_compatible",
        "region:us"
      ],
      "library_name": "transformers",
      "createdAt": "2025-05-10T10:16:42.000Z",
      "modelId": "YWZBrandon/google_flan-t5-large_full_upsample3000"
    },
    {
      "_id": "682332ad8c8718829dd7f4b5",
      "id": "YWZBrandon/google_flan-t5-large_ds100_upsample6000",
      "likes": 0,
      "trendingScore": 0,
      "private": false,
      "downloads": 2,
      "tags": [
        "transformers",
        "safetensors",
        "t5",
        "text2text-generation",
        "generated_from_trainer",
        "base_model:google/flan-t5-large",
        "base_model:finetune:google/flan-t5-large",
        "license:apache-2.0",
        "text-generation-inference",
        "endpoints_compatible",
        "region:us"
      ],
      "library_name": "transformers",
      "createdAt": "2025-05-13T11:53:17.000Z",
      "modelId": "YWZBrandon/google_flan-t5-large_ds100_upsample6000"
    },
    {
      "_id": "6823ae7bf63390161de07419",
      "id": "YWZBrandon/google_flan-t5-large_ds1000_upsample6000",
      "likes": 0,
      "trendingScore": 0,
      "private": false,
      "downloads": 1,
      "tags": [
        "region:us"
      ],
      "createdAt": "2025-05-13T20:41:31.000Z",
      "modelId": "YWZBrandon/google_flan-t5-large_ds1000_upsample6000"
    },
    {
      "_id": "6824942bb51d40c0dc353ee9",
      "id": "YWZBrandon/google_flan-t5-large_temporal_10_clusters_0_full_upsample1000",
      "likes": 0,
      "trendingScore": 0,
      "private": false,
      "downloads": 2,
      "tags": [
        "transformers",
        "safetensors",
        "t5",
        "text2text-generation",
        "generated_from_trainer",
        "base_model:google/flan-t5-large",
        "base_model:finetune:google/flan-t5-large",
        "license:apache-2.0",
        "text-generation-inference",
        "endpoints_compatible",
        "region:us"
      ],
      "library_name": "transformers",
      "createdAt": "2025-05-14T13:01:31.000Z",
      "modelId": "YWZBrandon/google_flan-t5-large_temporal_10_clusters_0_full_upsample1000"
    },
    {
      "_id": "6824c1522d0fcd2b754617cd",
      "id": "YWZBrandon/google_flan-t5-large_temporal_10_clusters_1_full_upsample1000",
      "likes": 0,
      "trendingScore": 0,
      "private": false,
      "downloads": 2,
      "tags": [
        "transformers",
        "safetensors",
        "t5",
        "text2text-generation",
        "generated_from_trainer",
        "base_model:google/flan-t5-large",
        "base_model:finetune:google/flan-t5-large",
        "license:apache-2.0",
        "text-generation-inference",
        "endpoints_compatible",
        "region:us"
      ],
      "library_name": "transformers",
      "createdAt": "2025-05-14T16:14:10.000Z",
      "modelId": "YWZBrandon/google_flan-t5-large_temporal_10_clusters_1_full_upsample1000"
    },
    {
      "_id": "6824de301cb4993e785a5320",
      "id": "YWZBrandon/google_flan-t5-large_temporal_3_clusters_1_full_upsample1000",
      "likes": 0,
      "trendingScore": 0,
      "private": false,
      "downloads": 2,
      "tags": [
        "transformers",
        "safetensors",
        "t5",
        "text2text-generation",
        "generated_from_trainer",
        "base_model:google/flan-t5-large",
        "base_model:finetune:google/flan-t5-large",
        "license:apache-2.0",
        "text-generation-inference",
        "endpoints_compatible",
        "region:us"
      ],
      "library_name": "transformers",
      "createdAt": "2025-05-14T18:17:20.000Z",
      "modelId": "YWZBrandon/google_flan-t5-large_temporal_3_clusters_1_full_upsample1000"
    },
    {
      "_id": "6824e79451df817d9b406f96",
      "id": "YWZBrandon/google_flan-t5-large_ds1000_upsample10000",
      "likes": 0,
      "trendingScore": 0,
      "private": false,
      "downloads": 2,
      "tags": [
        "transformers",
        "safetensors",
        "t5",
        "text2text-generation",
        "generated_from_trainer",
        "base_model:google/flan-t5-large",
        "base_model:finetune:google/flan-t5-large",
        "license:apache-2.0",
        "text-generation-inference",
        "endpoints_compatible",
        "region:us"
      ],
      "library_name": "transformers",
      "createdAt": "2025-05-14T18:57:24.000Z",
      "modelId": "YWZBrandon/google_flan-t5-large_ds1000_upsample10000"
    }
  ]
}