{
  "items": [
    {
      "_id": "621ffdc136468d709f180294",
      "id": "sentence-transformers/all-MiniLM-L6-v2",
      "likes": 3801,
      "trendingScore": 22,
      "private": false,
      "downloads": 92123522,
      "tags": [
        "sentence-transformers",
        "pytorch",
        "tf",
        "rust",
        "onnx",
        "safetensors",
        "openvino",
        "bert",
        "feature-extraction",
        "sentence-similarity",
        "transformers",
        "en",
        "dataset:s2orc",
        "dataset:flax-sentence-embeddings/stackexchange_xml",
        "dataset:ms_marco",
        "dataset:gooaq",
        "dataset:yahoo_answers_topics",
        "dataset:code_search_net",
        "dataset:search_qa",
        "dataset:eli5",
        "dataset:snli",
        "dataset:multi_nli",
        "dataset:wikihow",
        "dataset:natural_questions",
        "dataset:trivia_qa",
        "dataset:embedding-data/sentence-compression",
        "dataset:embedding-data/flickr30k-captions",
        "dataset:embedding-data/altlex",
        "dataset:embedding-data/simple-wiki",
        "dataset:embedding-data/QQP",
        "dataset:embedding-data/SPECTER",
        "dataset:embedding-data/PAQ_pairs",
        "dataset:embedding-data/WikiAnswers",
        "arxiv:1904.06472",
        "arxiv:2102.07033",
        "arxiv:2104.08727",
        "arxiv:1704.05179",
        "arxiv:1810.09305",
        "license:apache-2.0",
        "autotrain_compatible",
        "text-embeddings-inference",
        "endpoints_compatible",
        "region:us"
      ],
      "pipeline_tag": "sentence-similarity",
      "library_name": "sentence-transformers",
      "createdAt": "2022-03-02T23:29:05.000Z",
      "modelId": "sentence-transformers/all-MiniLM-L6-v2"
    },
    {
      "_id": "621ffdc136468d709f1802ec",
      "id": "sentence-transformers/paraphrase-multilingual-MiniLM-L12-v2",
      "likes": 984,
      "trendingScore": 11,
      "private": false,
      "downloads": 10751255,
      "tags": [
        "sentence-transformers",
        "pytorch",
        "tf",
        "onnx",
        "safetensors",
        "openvino",
        "bert",
        "feature-extraction",
        "sentence-similarity",
        "transformers",
        "multilingual",
        "ar",
        "bg",
        "ca",
        "cs",
        "da",
        "de",
        "el",
        "en",
        "es",
        "et",
        "fa",
        "fi",
        "fr",
        "gl",
        "gu",
        "he",
        "hi",
        "hr",
        "hu",
        "hy",
        "id",
        "it",
        "ja",
        "ka",
        "ko",
        "ku",
        "lt",
        "lv",
        "mk",
        "mn",
        "mr",
        "ms",
        "my",
        "nb",
        "nl",
        "pl",
        "pt",
        "ro",
        "ru",
        "sk",
        "sl",
        "sq",
        "sr",
        "sv",
        "th",
        "tr",
        "uk",
        "ur",
        "vi",
        "arxiv:1908.10084",
        "license:apache-2.0",
        "autotrain_compatible",
        "text-embeddings-inference",
        "endpoints_compatible",
        "region:us"
      ],
      "pipeline_tag": "sentence-similarity",
      "library_name": "sentence-transformers",
      "createdAt": "2022-03-02T23:29:05.000Z",
      "modelId": "sentence-transformers/paraphrase-multilingual-MiniLM-L12-v2"
    },
    {
      "_id": "621ffdc136468d709f180297",
      "id": "sentence-transformers/all-mpnet-base-v2",
      "likes": 1137,
      "trendingScore": 8,
      "private": false,
      "downloads": 18824370,
      "tags": [
        "sentence-transformers",
        "pytorch",
        "onnx",
        "safetensors",
        "openvino",
        "mpnet",
        "fill-mask",
        "feature-extraction",
        "sentence-similarity",
        "transformers",
        "text-embeddings-inference",
        "en",
        "dataset:s2orc",
        "dataset:flax-sentence-embeddings/stackexchange_xml",
        "dataset:ms_marco",
        "dataset:gooaq",
        "dataset:yahoo_answers_topics",
        "dataset:code_search_net",
        "dataset:search_qa",
        "dataset:eli5",
        "dataset:snli",
        "dataset:multi_nli",
        "dataset:wikihow",
        "dataset:natural_questions",
        "dataset:trivia_qa",
        "dataset:embedding-data/sentence-compression",
        "dataset:embedding-data/flickr30k-captions",
        "dataset:embedding-data/altlex",
        "dataset:embedding-data/simple-wiki",
        "dataset:embedding-data/QQP",
        "dataset:embedding-data/SPECTER",
        "dataset:embedding-data/PAQ_pairs",
        "dataset:embedding-data/WikiAnswers",
        "arxiv:1904.06472",
        "arxiv:2102.07033",
        "arxiv:2104.08727",
        "arxiv:1704.05179",
        "arxiv:1810.09305",
        "license:apache-2.0",
        "autotrain_compatible",
        "endpoints_compatible",
        "region:us"
      ],
      "pipeline_tag": "sentence-similarity",
      "library_name": "sentence-transformers",
      "createdAt": "2022-03-02T23:29:05.000Z",
      "modelId": "sentence-transformers/all-mpnet-base-v2"
    },
    {
      "_id": "621ffdc136468d709f1802ed",
      "id": "sentence-transformers/paraphrase-multilingual-mpnet-base-v2",
      "likes": 408,
      "trendingScore": 5,
      "private": false,
      "downloads": 2981791,
      "tags": [
        "sentence-transformers",
        "pytorch",
        "tf",
        "onnx",
        "safetensors",
        "openvino",
        "xlm-roberta",
        "feature-extraction",
        "sentence-similarity",
        "transformers",
        "text-embeddings-inference",
        "multilingual",
        "ar",
        "bg",
        "ca",
        "cs",
        "da",
        "de",
        "el",
        "en",
        "es",
        "et",
        "fa",
        "fi",
        "fr",
        "gl",
        "gu",
        "he",
        "hi",
        "hr",
        "hu",
        "hy",
        "id",
        "it",
        "ja",
        "ka",
        "ko",
        "ku",
        "lt",
        "lv",
        "mk",
        "mn",
        "mr",
        "ms",
        "my",
        "nb",
        "nl",
        "pl",
        "pt",
        "ro",
        "ru",
        "sk",
        "sl",
        "sq",
        "sr",
        "sv",
        "th",
        "tr",
        "uk",
        "ur",
        "vi",
        "arxiv:1908.10084",
        "license:apache-2.0",
        "autotrain_compatible",
        "endpoints_compatible",
        "region:us"
      ],
      "pipeline_tag": "sentence-similarity",
      "library_name": "sentence-transformers",
      "createdAt": "2022-03-02T23:29:05.000Z",
      "modelId": "sentence-transformers/paraphrase-multilingual-mpnet-base-v2"
    },
    {
      "_id": "621ffdc136468d709f180290",
      "id": "sentence-transformers/LaBSE",
      "likes": 304,
      "trendingScore": 3,
      "private": false,
      "downloads": 662768,
      "tags": [
        "sentence-transformers",
        "pytorch",
        "tf",
        "jax",
        "onnx",
        "safetensors",
        "bert",
        "feature-extraction",
        "sentence-similarity",
        "multilingual",
        "af",
        "sq",
        "am",
        "ar",
        "hy",
        "as",
        "az",
        "eu",
        "be",
        "bn",
        "bs",
        "bg",
        "my",
        "ca",
        "ceb",
        "zh",
        "co",
        "hr",
        "cs",
        "da",
        "nl",
        "en",
        "eo",
        "et",
        "fi",
        "fr",
        "fy",
        "gl",
        "ka",
        "de",
        "el",
        "gu",
        "ht",
        "ha",
        "haw",
        "he",
        "hi",
        "hmn",
        "hu",
        "is",
        "ig",
        "id",
        "ga",
        "it",
        "ja",
        "jv",
        "kn",
        "kk",
        "km",
        "rw",
        "ko",
        "ku",
        "ky",
        "lo",
        "la",
        "lv",
        "lt",
        "lb",
        "mk",
        "mg",
        "ms",
        "ml",
        "mt",
        "mi",
        "mr",
        "mn",
        "ne",
        "no",
        "ny",
        "or",
        "fa",
        "pl",
        "pt",
        "pa",
        "ro",
        "ru",
        "sm",
        "gd",
        "sr",
        "st",
        "sn",
        "si",
        "sk",
        "sl",
        "so",
        "es",
        "su",
        "sw",
        "sv",
        "tl",
        "tg",
        "ta",
        "tt",
        "te",
        "th",
        "bo",
        "tr",
        "tk",
        "ug",
        "uk",
        "ur",
        "uz",
        "vi",
        "cy",
        "wo",
        "xh",
        "yi",
        "yo",
        "zu",
        "license:apache-2.0",
        "autotrain_compatible",
        "text-embeddings-inference",
        "endpoints_compatible",
        "region:us"
      ],
      "pipeline_tag": "sentence-similarity",
      "library_name": "sentence-transformers",
      "createdAt": "2022-03-02T23:29:05.000Z",
      "modelId": "sentence-transformers/LaBSE"
    },
    {
      "_id": "621ffdc136468d709f1802a8",
      "id": "sentence-transformers/clip-ViT-B-32",
      "likes": 131,
      "trendingScore": 2,
      "private": false,
      "downloads": 0,
      "tags": [
        "sentence-transformers",
        "safetensors",
        "feature-extraction",
        "sentence-similarity",
        "arxiv:2103.00020",
        "autotrain_compatible",
        "endpoints_compatible",
        "region:us"
      ],
      "pipeline_tag": "sentence-similarity",
      "library_name": "sentence-transformers",
      "createdAt": "2022-03-02T23:29:05.000Z",
      "modelId": "sentence-transformers/clip-ViT-B-32"
    },
    {
      "_id": "621ffdc136468d709f178657",
      "id": "aditeyabaral/sentencetransformer-bert-hinglish-small",
      "likes": 1,
      "trendingScore": 1,
      "private": false,
      "downloads": 27,
      "tags": [
        "sentence-transformers",
        "pytorch",
        "bert",
        "feature-extraction",
        "sentence-similarity",
        "transformers",
        "autotrain_compatible",
        "text-embeddings-inference",
        "endpoints_compatible",
        "region:us"
      ],
      "pipeline_tag": "sentence-similarity",
      "library_name": "sentence-transformers",
      "createdAt": "2022-03-02T23:29:05.000Z",
      "modelId": "aditeyabaral/sentencetransformer-bert-hinglish-small"
    },
    {
      "_id": "621ffdc136468d709f1802a7",
      "id": "sentence-transformers/clip-ViT-B-32-multilingual-v1",
      "likes": 167,
      "trendingScore": 1,
      "private": false,
      "downloads": 122854,
      "tags": [
        "sentence-transformers",
        "pytorch",
        "tf",
        "onnx",
        "safetensors",
        "openvino",
        "distilbert",
        "feature-extraction",
        "sentence-similarity",
        "multilingual",
        "arxiv:2004.09813",
        "arxiv:1908.10084",
        "license:apache-2.0",
        "autotrain_compatible",
        "text-embeddings-inference",
        "endpoints_compatible",
        "region:us"
      ],
      "pipeline_tag": "sentence-similarity",
      "library_name": "sentence-transformers",
      "createdAt": "2022-03-02T23:29:05.000Z",
      "modelId": "sentence-transformers/clip-ViT-B-32-multilingual-v1"
    },
    {
      "_id": "621ffdc136468d709f1802b1",
      "id": "sentence-transformers/distiluse-base-multilingual-cased-v1",
      "likes": 122,
      "trendingScore": 1,
      "private": false,
      "downloads": 461254,
      "tags": [
        "sentence-transformers",
        "pytorch",
        "tf",
        "onnx",
        "safetensors",
        "openvino",
        "distilbert",
        "feature-extraction",
        "sentence-similarity",
        "multilingual",
        "ar",
        "zh",
        "nl",
        "en",
        "fr",
        "de",
        "it",
        "ko",
        "pl",
        "pt",
        "ru",
        "es",
        "tr",
        "arxiv:1908.10084",
        "license:apache-2.0",
        "autotrain_compatible",
        "text-embeddings-inference",
        "endpoints_compatible",
        "region:us"
      ],
      "pipeline_tag": "sentence-similarity",
      "library_name": "sentence-transformers",
      "createdAt": "2022-03-02T23:29:05.000Z",
      "modelId": "sentence-transformers/distiluse-base-multilingual-cased-v1"
    },
    {
      "_id": "621ffdc136468d709f1802b2",
      "id": "sentence-transformers/distiluse-base-multilingual-cased-v2",
      "likes": 191,
      "trendingScore": 1,
      "private": false,
      "downloads": 1285762,
      "tags": [
        "sentence-transformers",
        "pytorch",
        "tf",
        "onnx",
        "safetensors",
        "openvino",
        "distilbert",
        "feature-extraction",
        "sentence-similarity",
        "multilingual",
        "ar",
        "bg",
        "ca",
        "cs",
        "da",
        "de",
        "el",
        "en",
        "es",
        "et",
        "fa",
        "fi",
        "fr",
        "gl",
        "gu",
        "he",
        "hi",
        "hr",
        "hu",
        "hy",
        "id",
        "it",
        "ja",
        "ka",
        "ko",
        "ku",
        "lt",
        "lv",
        "mk",
        "mn",
        "mr",
        "ms",
        "my",
        "nb",
        "nl",
        "pl",
        "pt",
        "ro",
        "ru",
        "sk",
        "sl",
        "sq",
        "sr",
        "sv",
        "th",
        "tr",
        "uk",
        "ur",
        "vi",
        "arxiv:1908.10084",
        "license:apache-2.0",
        "autotrain_compatible",
        "text-embeddings-inference",
        "endpoints_compatible",
        "region:us"
      ],
      "pipeline_tag": "sentence-similarity",
      "library_name": "sentence-transformers",
      "createdAt": "2022-03-02T23:29:05.000Z",
      "modelId": "sentence-transformers/distiluse-base-multilingual-cased-v2"
    },
    {
      "_id": "621ffdc136468d709f1802d4",
      "id": "sentence-transformers/multi-qa-mpnet-base-dot-v1",
      "likes": 178,
      "trendingScore": 1,
      "private": false,
      "downloads": 1527468,
      "tags": [
        "sentence-transformers",
        "pytorch",
        "onnx",
        "safetensors",
        "openvino",
        "mpnet",
        "fill-mask",
        "feature-extraction",
        "sentence-similarity",
        "transformers",
        "text-embeddings-inference",
        "en",
        "dataset:flax-sentence-embeddings/stackexchange_xml",
        "dataset:ms_marco",
        "dataset:gooaq",
        "dataset:yahoo_answers_topics",
        "dataset:search_qa",
        "dataset:eli5",
        "dataset:natural_questions",
        "dataset:trivia_qa",
        "dataset:embedding-data/QQP",
        "dataset:embedding-data/PAQ_pairs",
        "dataset:embedding-data/Amazon-QA",
        "dataset:embedding-data/WikiAnswers",
        "autotrain_compatible",
        "endpoints_compatible",
        "region:us"
      ],
      "pipeline_tag": "sentence-similarity",
      "library_name": "sentence-transformers",
      "createdAt": "2022-03-02T23:29:05.000Z",
      "modelId": "sentence-transformers/multi-qa-mpnet-base-dot-v1"
    },
    {
      "_id": "621ffdc136468d709f1802e5",
      "id": "sentence-transformers/paraphrase-MiniLM-L6-v2",
      "likes": 141,
      "trendingScore": 1,
      "private": false,
      "downloads": 5430237,
      "tags": [
        "sentence-transformers",
        "pytorch",
        "tf",
        "onnx",
        "safetensors",
        "openvino",
        "bert",
        "feature-extraction",
        "sentence-similarity",
        "transformers",
        "arxiv:1908.10084",
        "license:apache-2.0",
        "autotrain_compatible",
        "text-embeddings-inference",
        "endpoints_compatible",
        "region:us"
      ],
      "pipeline_tag": "sentence-similarity",
      "library_name": "sentence-transformers",
      "createdAt": "2022-03-02T23:29:05.000Z",
      "modelId": "sentence-transformers/paraphrase-MiniLM-L6-v2"
    },
    {
      "_id": "621ffdc036468d709f176f9c",
      "id": "Pyjay/sentence-transformers-multilingual-snli-v2-500k",
      "likes": 1,
      "trendingScore": 0,
      "private": false,
      "downloads": 8,
      "tags": [
        "sentence-transformers",
        "pytorch",
        "xlm-roberta",
        "feature-extraction",
        "sentence-similarity",
        "transformers",
        "autotrain_compatible",
        "text-embeddings-inference",
        "endpoints_compatible",
        "region:us"
      ],
      "pipeline_tag": "sentence-similarity",
      "library_name": "sentence-transformers",
      "createdAt": "2022-03-02T23:29:04.000Z",
      "modelId": "Pyjay/sentence-transformers-multilingual-snli-v2-500k"
    },
    {
      "_id": "621ffdc136468d709f1777f7",
      "id": "Teepika/Sentence-Transformer-Check",
      "likes": 0,
      "trendingScore": 0,
      "private": false,
      "downloads": 22,
      "tags": [
        "transformers",
        "pytorch",
        "bert",
        "feature-extraction",
        "text-embeddings-inference",
        "endpoints_compatible",
        "region:us"
      ],
      "pipeline_tag": "feature-extraction",
      "library_name": "transformers",
      "createdAt": "2022-03-02T23:29:05.000Z",
      "modelId": "Teepika/Sentence-Transformer-Check"
    },
    {
      "_id": "621ffdc136468d709f1777f8",
      "id": "Teepika/Sentence-Transformer-F",
      "likes": 0,
      "trendingScore": 0,
      "private": false,
      "downloads": 0,
      "tags": [
        "region:us"
      ],
      "createdAt": "2022-03-02T23:29:05.000Z",
      "modelId": "Teepika/Sentence-Transformer-F"
    },
    {
      "_id": "621ffdc136468d709f1777f9",
      "id": "Teepika/Sentence-Transformer-Fine-Tuned",
      "likes": 0,
      "trendingScore": 0,
      "private": false,
      "downloads": 0,
      "tags": [
        "region:us"
      ],
      "createdAt": "2022-03-02T23:29:05.000Z",
      "modelId": "Teepika/Sentence-Transformer-Fine-Tuned"
    },
    {
      "_id": "621ffdc136468d709f1777fa",
      "id": "Teepika/Sentence-Transformer-Fine-Tuned2",
      "likes": 0,
      "trendingScore": 0,
      "private": false,
      "downloads": 0,
      "tags": [
        "region:us"
      ],
      "createdAt": "2022-03-02T23:29:05.000Z",
      "modelId": "Teepika/Sentence-Transformer-Fine-Tuned2"
    },
    {
      "_id": "621ffdc136468d709f1777fb",
      "id": "Teepika/Sentence-Transformer-Fine-Tuned3",
      "likes": 0,
      "trendingScore": 0,
      "private": false,
      "downloads": 0,
      "tags": [
        "region:us"
      ],
      "createdAt": "2022-03-02T23:29:05.000Z",
      "modelId": "Teepika/Sentence-Transformer-Fine-Tuned3"
    },
    {
      "_id": "621ffdc136468d709f1777fc",
      "id": "Teepika/Sentence-Transformer-NSP-Fine-Tuned",
      "likes": 0,
      "trendingScore": 0,
      "private": false,
      "downloads": 20,
      "tags": [
        "transformers",
        "pytorch",
        "bert",
        "feature-extraction",
        "text-embeddings-inference",
        "endpoints_compatible",
        "region:us"
      ],
      "pipeline_tag": "feature-extraction",
      "library_name": "transformers",
      "createdAt": "2022-03-02T23:29:05.000Z",
      "modelId": "Teepika/Sentence-Transformer-NSP-Fine-Tuned"
    },
    {
      "_id": "621ffdc136468d709f1778a5",
      "id": "Theivaprakasham/sentence-transformers-msmarco-distilbert-base-tas-b-twitter_sentiment",
      "likes": 1,
      "trendingScore": 0,
      "private": false,
      "downloads": 4,
      "tags": [
        "transformers",
        "pytorch",
        "tensorboard",
        "distilbert",
        "text-classification",
        "generated_from_trainer",
        "license:apache-2.0",
        "autotrain_compatible",
        "endpoints_compatible",
        "region:us"
      ],
      "pipeline_tag": "text-classification",
      "library_name": "transformers",
      "createdAt": "2022-03-02T23:29:05.000Z",
      "modelId": "Theivaprakasham/sentence-transformers-msmarco-distilbert-base-tas-b-twitter_sentiment"
    },
    {
      "_id": "621ffdc136468d709f1778a6",
      "id": "Theivaprakasham/sentence-transformers-paraphrase-MiniLM-L6-v2-twitter_sentiment",
      "likes": 1,
      "trendingScore": 0,
      "private": false,
      "downloads": 22,
      "tags": [
        "transformers",
        "pytorch",
        "tensorboard",
        "bert",
        "text-classification",
        "autotrain_compatible",
        "endpoints_compatible",
        "region:us"
      ],
      "pipeline_tag": "text-classification",
      "library_name": "transformers",
      "createdAt": "2022-03-02T23:29:05.000Z",
      "modelId": "Theivaprakasham/sentence-transformers-paraphrase-MiniLM-L6-v2-twitter_sentiment"
    },
    {
      "_id": "621ffdc136468d709f178655",
      "id": "aditeyabaral/sentencetransformer-bert-base-cased",
      "likes": 0,
      "trendingScore": 0,
      "private": false,
      "downloads": 23,
      "tags": [
        "sentence-transformers",
        "pytorch",
        "bert",
        "feature-extraction",
        "sentence-similarity",
        "transformers",
        "autotrain_compatible",
        "text-embeddings-inference",
        "endpoints_compatible",
        "region:us"
      ],
      "pipeline_tag": "sentence-similarity",
      "library_name": "sentence-transformers",
      "createdAt": "2022-03-02T23:29:05.000Z",
      "modelId": "aditeyabaral/sentencetransformer-bert-base-cased"
    },
    {
      "_id": "621ffdc136468d709f178656",
      "id": "aditeyabaral/sentencetransformer-bert-hinglish-big",
      "likes": 0,
      "trendingScore": 0,
      "private": false,
      "downloads": 24,
      "tags": [
        "sentence-transformers",
        "pytorch",
        "bert",
        "feature-extraction",
        "sentence-similarity",
        "transformers",
        "autotrain_compatible",
        "text-embeddings-inference",
        "endpoints_compatible",
        "region:us"
      ],
      "pipeline_tag": "sentence-similarity",
      "library_name": "sentence-transformers",
      "createdAt": "2022-03-02T23:29:05.000Z",
      "modelId": "aditeyabaral/sentencetransformer-bert-hinglish-big"
    },
    {
      "_id": "621ffdc136468d709f178658",
      "id": "aditeyabaral/sentencetransformer-contrastive-roberta-base",
      "likes": 0,
      "trendingScore": 0,
      "private": false,
      "downloads": 4,
      "tags": [
        "sentence-transformers",
        "pytorch",
        "roberta",
        "feature-extraction",
        "sentence-similarity",
        "transformers",
        "autotrain_compatible",
        "text-embeddings-inference",
        "endpoints_compatible",
        "region:us"
      ],
      "pipeline_tag": "sentence-similarity",
      "library_name": "sentence-transformers",
      "createdAt": "2022-03-02T23:29:05.000Z",
      "modelId": "aditeyabaral/sentencetransformer-contrastive-roberta-base"
    },
    {
      "_id": "621ffdc136468d709f178659",
      "id": "aditeyabaral/sentencetransformer-distilbert-base-cased",
      "likes": 0,
      "trendingScore": 0,
      "private": false,
      "downloads": 3,
      "tags": [
        "sentence-transformers",
        "pytorch",
        "distilbert",
        "feature-extraction",
        "sentence-similarity",
        "transformers",
        "autotrain_compatible",
        "text-embeddings-inference",
        "endpoints_compatible",
        "region:us"
      ],
      "pipeline_tag": "sentence-similarity",
      "library_name": "sentence-transformers",
      "createdAt": "2022-03-02T23:29:05.000Z",
      "modelId": "aditeyabaral/sentencetransformer-distilbert-base-cased"
    },
    {
      "_id": "621ffdc136468d709f17865a",
      "id": "aditeyabaral/sentencetransformer-distilbert-hinglish-big",
      "likes": 0,
      "trendingScore": 0,
      "private": false,
      "downloads": 3,
      "tags": [
        "sentence-transformers",
        "pytorch",
        "distilbert",
        "feature-extraction",
        "sentence-similarity",
        "transformers",
        "autotrain_compatible",
        "text-embeddings-inference",
        "endpoints_compatible",
        "region:us"
      ],
      "pipeline_tag": "sentence-similarity",
      "library_name": "sentence-transformers",
      "createdAt": "2022-03-02T23:29:05.000Z",
      "modelId": "aditeyabaral/sentencetransformer-distilbert-hinglish-big"
    },
    {
      "_id": "621ffdc136468d709f17865b",
      "id": "aditeyabaral/sentencetransformer-distilbert-hinglish-small",
      "likes": 0,
      "trendingScore": 0,
      "private": false,
      "downloads": 3,
      "tags": [
        "sentence-transformers",
        "pytorch",
        "distilbert",
        "feature-extraction",
        "sentence-similarity",
        "transformers",
        "autotrain_compatible",
        "text-embeddings-inference",
        "endpoints_compatible",
        "region:us"
      ],
      "pipeline_tag": "sentence-similarity",
      "library_name": "sentence-transformers",
      "createdAt": "2022-03-02T23:29:05.000Z",
      "modelId": "aditeyabaral/sentencetransformer-distilbert-hinglish-small"
    },
    {
      "_id": "621ffdc136468d709f17865c",
      "id": "aditeyabaral/sentencetransformer-indic-bert",
      "likes": 0,
      "trendingScore": 0,
      "private": false,
      "downloads": 20,
      "tags": [
        "sentence-transformers",
        "pytorch",
        "albert",
        "feature-extraction",
        "sentence-similarity",
        "transformers",
        "autotrain_compatible",
        "endpoints_compatible",
        "region:us"
      ],
      "pipeline_tag": "sentence-similarity",
      "library_name": "sentence-transformers",
      "createdAt": "2022-03-02T23:29:05.000Z",
      "modelId": "aditeyabaral/sentencetransformer-indic-bert"
    },
    {
      "_id": "621ffdc136468d709f17865d",
      "id": "aditeyabaral/sentencetransformer-roberta-base",
      "likes": 1,
      "trendingScore": 0,
      "private": false,
      "downloads": 4,
      "tags": [
        "sentence-transformers",
        "pytorch",
        "roberta",
        "feature-extraction",
        "sentence-similarity",
        "transformers",
        "autotrain_compatible",
        "text-embeddings-inference",
        "endpoints_compatible",
        "region:us"
      ],
      "pipeline_tag": "sentence-similarity",
      "library_name": "sentence-transformers",
      "createdAt": "2022-03-02T23:29:05.000Z",
      "modelId": "aditeyabaral/sentencetransformer-roberta-base"
    },
    {
      "_id": "621ffdc136468d709f17865e",
      "id": "aditeyabaral/sentencetransformer-roberta-hinglish-big",
      "likes": 0,
      "trendingScore": 0,
      "private": false,
      "downloads": 3,
      "tags": [
        "sentence-transformers",
        "pytorch",
        "roberta",
        "feature-extraction",
        "sentence-similarity",
        "transformers",
        "autotrain_compatible",
        "text-embeddings-inference",
        "endpoints_compatible",
        "region:us"
      ],
      "pipeline_tag": "sentence-similarity",
      "library_name": "sentence-transformers",
      "createdAt": "2022-03-02T23:29:05.000Z",
      "modelId": "aditeyabaral/sentencetransformer-roberta-hinglish-big"
    },
    {
      "_id": "621ffdc136468d709f17865f",
      "id": "aditeyabaral/sentencetransformer-roberta-hinglish-small",
      "likes": 0,
      "trendingScore": 0,
      "private": false,
      "downloads": 3,
      "tags": [
        "sentence-transformers",
        "pytorch",
        "roberta",
        "feature-extraction",
        "sentence-similarity",
        "transformers",
        "autotrain_compatible",
        "text-embeddings-inference",
        "endpoints_compatible",
        "region:us"
      ],
      "pipeline_tag": "sentence-similarity",
      "library_name": "sentence-transformers",
      "createdAt": "2022-03-02T23:29:05.000Z",
      "modelId": "aditeyabaral/sentencetransformer-roberta-hinglish-small"
    },
    {
      "_id": "621ffdc136468d709f178660",
      "id": "aditeyabaral/sentencetransformer-xlm-roberta-base",
      "likes": 1,
      "trendingScore": 0,
      "private": false,
      "downloads": 36,
      "tags": [
        "sentence-transformers",
        "pytorch",
        "xlm-roberta",
        "feature-extraction",
        "sentence-similarity",
        "transformers",
        "autotrain_compatible",
        "text-embeddings-inference",
        "endpoints_compatible",
        "region:us"
      ],
      "pipeline_tag": "sentence-similarity",
      "library_name": "sentence-transformers",
      "createdAt": "2022-03-02T23:29:05.000Z",
      "modelId": "aditeyabaral/sentencetransformer-xlm-roberta-base"
    },
    {
      "_id": "621ffdc136468d709f17de88",
      "id": "miale0711/swedish-sentencetransformers",
      "likes": 0,
      "trendingScore": 0,
      "private": false,
      "downloads": 0,
      "tags": [
        "region:us"
      ],
      "createdAt": "2022-03-02T23:29:05.000Z",
      "modelId": "miale0711/swedish-sentencetransformers"
    },
    {
      "_id": "621ffdc136468d709f17ee6b",
      "id": "philschmid/sentence_transformers__multi_qa_MiniLM_L6_cos_v1",
      "likes": 0,
      "trendingScore": 0,
      "private": false,
      "downloads": 1,
      "tags": [
        "transformers",
        "endpoints_compatible",
        "region:us"
      ],
      "library_name": "transformers",
      "createdAt": "2022-03-02T23:29:05.000Z",
      "modelId": "philschmid/sentence_transformers__multi_qa_MiniLM_L6_cos_v1"
    },
    {
      "_id": "621ffdc136468d709f17f036",
      "id": "pritoms/paraphrase-multilingual-MiniLM-L12-v2-sentencetransformer-code",
      "likes": 0,
      "trendingScore": 0,
      "private": false,
      "downloads": 0,
      "tags": [
        "region:us"
      ],
      "createdAt": "2022-03-02T23:29:05.000Z",
      "modelId": "pritoms/paraphrase-multilingual-MiniLM-L12-v2-sentencetransformer-code"
    },
    {
      "_id": "621ffdc136468d709f180291",
      "id": "sentence-transformers/all-MiniLM-L12-v1",
      "likes": 13,
      "trendingScore": 0,
      "private": false,
      "downloads": 4123,
      "tags": [
        "sentence-transformers",
        "pytorch",
        "onnx",
        "safetensors",
        "openvino",
        "bert",
        "feature-extraction",
        "sentence-similarity",
        "transformers",
        "en",
        "arxiv:1904.06472",
        "arxiv:2102.07033",
        "arxiv:2104.08727",
        "arxiv:1704.05179",
        "arxiv:1810.09305",
        "license:apache-2.0",
        "autotrain_compatible",
        "text-embeddings-inference",
        "endpoints_compatible",
        "region:us"
      ],
      "pipeline_tag": "sentence-similarity",
      "library_name": "sentence-transformers",
      "createdAt": "2022-03-02T23:29:05.000Z",
      "modelId": "sentence-transformers/all-MiniLM-L12-v1"
    },
    {
      "_id": "621ffdc136468d709f180292",
      "id": "sentence-transformers/all-MiniLM-L12-v2",
      "likes": 269,
      "trendingScore": 0,
      "private": false,
      "downloads": 3633982,
      "tags": [
        "sentence-transformers",
        "pytorch",
        "rust",
        "onnx",
        "safetensors",
        "openvino",
        "bert",
        "feature-extraction",
        "sentence-similarity",
        "transformers",
        "en",
        "dataset:s2orc",
        "dataset:flax-sentence-embeddings/stackexchange_xml",
        "dataset:ms_marco",
        "dataset:gooaq",
        "dataset:yahoo_answers_topics",
        "dataset:code_search_net",
        "dataset:search_qa",
        "dataset:eli5",
        "dataset:snli",
        "dataset:multi_nli",
        "dataset:wikihow",
        "dataset:natural_questions",
        "dataset:trivia_qa",
        "dataset:embedding-data/sentence-compression",
        "dataset:embedding-data/flickr30k-captions",
        "dataset:embedding-data/altlex",
        "dataset:embedding-data/simple-wiki",
        "dataset:embedding-data/QQP",
        "dataset:embedding-data/SPECTER",
        "dataset:embedding-data/PAQ_pairs",
        "dataset:embedding-data/WikiAnswers",
        "arxiv:1904.06472",
        "arxiv:2102.07033",
        "arxiv:2104.08727",
        "arxiv:1704.05179",
        "arxiv:1810.09305",
        "license:apache-2.0",
        "autotrain_compatible",
        "text-embeddings-inference",
        "endpoints_compatible",
        "region:us"
      ],
      "pipeline_tag": "sentence-similarity",
      "library_name": "sentence-transformers",
      "createdAt": "2022-03-02T23:29:05.000Z",
      "modelId": "sentence-transformers/all-MiniLM-L12-v2"
    },
    {
      "_id": "621ffdc136468d709f180293",
      "id": "sentence-transformers/all-MiniLM-L6-v1",
      "likes": 17,
      "trendingScore": 0,
      "private": false,
      "downloads": 2832,
      "tags": [
        "sentence-transformers",
        "pytorch",
        "onnx",
        "safetensors",
        "openvino",
        "bert",
        "feature-extraction",
        "sentence-similarity",
        "transformers",
        "en",
        "arxiv:1904.06472",
        "arxiv:2102.07033",
        "arxiv:2104.08727",
        "arxiv:1704.05179",
        "arxiv:1810.09305",
        "license:apache-2.0",
        "autotrain_compatible",
        "text-embeddings-inference",
        "endpoints_compatible",
        "region:us"
      ],
      "pipeline_tag": "sentence-similarity",
      "library_name": "sentence-transformers",
      "createdAt": "2022-03-02T23:29:05.000Z",
      "modelId": "sentence-transformers/all-MiniLM-L6-v1"
    },
    {
      "_id": "621ffdc136468d709f180295",
      "id": "sentence-transformers/all-distilroberta-v1",
      "likes": 39,
      "trendingScore": 0,
      "private": false,
      "downloads": 254683,
      "tags": [
        "sentence-transformers",
        "pytorch",
        "rust",
        "onnx",
        "safetensors",
        "openvino",
        "roberta",
        "fill-mask",
        "feature-extraction",
        "sentence-similarity",
        "transformers",
        "en",
        "dataset:s2orc",
        "dataset:flax-sentence-embeddings/stackexchange_xml",
        "dataset:ms_marco",
        "dataset:gooaq",
        "dataset:yahoo_answers_topics",
        "dataset:code_search_net",
        "dataset:search_qa",
        "dataset:eli5",
        "dataset:snli",
        "dataset:multi_nli",
        "dataset:wikihow",
        "dataset:natural_questions",
        "dataset:trivia_qa",
        "dataset:embedding-data/sentence-compression",
        "dataset:embedding-data/flickr30k-captions",
        "dataset:embedding-data/altlex",
        "dataset:embedding-data/simple-wiki",
        "dataset:embedding-data/QQP",
        "dataset:embedding-data/SPECTER",
        "dataset:embedding-data/PAQ_pairs",
        "dataset:embedding-data/WikiAnswers",
        "arxiv:1904.06472",
        "arxiv:2102.07033",
        "arxiv:2104.08727",
        "arxiv:1704.05179",
        "arxiv:1810.09305",
        "license:apache-2.0",
        "autotrain_compatible",
        "text-embeddings-inference",
        "endpoints_compatible",
        "region:us"
      ],
      "pipeline_tag": "sentence-similarity",
      "library_name": "sentence-transformers",
      "createdAt": "2022-03-02T23:29:05.000Z",
      "modelId": "sentence-transformers/all-distilroberta-v1"
    },
    {
      "_id": "621ffdc136468d709f180296",
      "id": "sentence-transformers/all-mpnet-base-v1",
      "likes": 11,
      "trendingScore": 0,
      "private": false,
      "downloads": 3590,
      "tags": [
        "sentence-transformers",
        "pytorch",
        "onnx",
        "safetensors",
        "openvino",
        "mpnet",
        "fill-mask",
        "feature-extraction",
        "sentence-similarity",
        "transformers",
        "text-embeddings-inference",
        "en",
        "arxiv:1904.06472",
        "arxiv:2102.07033",
        "arxiv:2104.08727",
        "arxiv:1704.05179",
        "arxiv:1810.09305",
        "license:apache-2.0",
        "autotrain_compatible",
        "endpoints_compatible",
        "region:us"
      ],
      "pipeline_tag": "sentence-similarity",
      "library_name": "sentence-transformers",
      "createdAt": "2022-03-02T23:29:05.000Z",
      "modelId": "sentence-transformers/all-mpnet-base-v1"
    },
    {
      "_id": "621ffdc136468d709f180298",
      "id": "sentence-transformers/all-roberta-large-v1",
      "likes": 63,
      "trendingScore": 0,
      "private": false,
      "downloads": 2010558,
      "tags": [
        "sentence-transformers",
        "pytorch",
        "onnx",
        "safetensors",
        "openvino",
        "roberta",
        "fill-mask",
        "feature-extraction",
        "sentence-similarity",
        "transformers",
        "en",
        "arxiv:1904.06472",
        "arxiv:2102.07033",
        "arxiv:2104.08727",
        "arxiv:1704.05179",
        "arxiv:1810.09305",
        "license:apache-2.0",
        "autotrain_compatible",
        "text-embeddings-inference",
        "endpoints_compatible",
        "region:us"
      ],
      "pipeline_tag": "sentence-similarity",
      "library_name": "sentence-transformers",
      "createdAt": "2022-03-02T23:29:05.000Z",
      "modelId": "sentence-transformers/all-roberta-large-v1"
    },
    {
      "_id": "621ffdc136468d709f180299",
      "id": "sentence-transformers/allenai-specter",
      "likes": 24,
      "trendingScore": 0,
      "private": false,
      "downloads": 17520,
      "tags": [
        "sentence-transformers",
        "pytorch",
        "tf",
        "onnx",
        "safetensors",
        "openvino",
        "bert",
        "feature-extraction",
        "sentence-similarity",
        "transformers",
        "en",
        "license:apache-2.0",
        "autotrain_compatible",
        "text-embeddings-inference",
        "endpoints_compatible",
        "region:us"
      ],
      "pipeline_tag": "sentence-similarity",
      "library_name": "sentence-transformers",
      "createdAt": "2022-03-02T23:29:05.000Z",
      "modelId": "sentence-transformers/allenai-specter"
    },
    {
      "_id": "621ffdc136468d709f18029a",
      "id": "sentence-transformers/average_word_embeddings_glove.6B.300d",
      "likes": 10,
      "trendingScore": 0,
      "private": false,
      "downloads": 0,
      "tags": [
        "sentence-transformers",
        "safetensors",
        "feature-extraction",
        "sentence-similarity",
        "arxiv:1908.10084",
        "license:apache-2.0",
        "autotrain_compatible",
        "endpoints_compatible",
        "region:us"
      ],
      "pipeline_tag": "sentence-similarity",
      "library_name": "sentence-transformers",
      "createdAt": "2022-03-02T23:29:05.000Z",
      "modelId": "sentence-transformers/average_word_embeddings_glove.6B.300d"
    },
    {
      "_id": "621ffdc136468d709f18029b",
      "id": "sentence-transformers/average_word_embeddings_glove.840B.300d",
      "likes": 0,
      "trendingScore": 0,
      "private": false,
      "downloads": 0,
      "tags": [
        "sentence-transformers",
        "safetensors",
        "feature-extraction",
        "sentence-similarity",
        "arxiv:1908.10084",
        "license:apache-2.0",
        "autotrain_compatible",
        "endpoints_compatible",
        "region:us"
      ],
      "pipeline_tag": "sentence-similarity",
      "library_name": "sentence-transformers",
      "createdAt": "2022-03-02T23:29:05.000Z",
      "modelId": "sentence-transformers/average_word_embeddings_glove.840B.300d"
    },
    {
      "_id": "621ffdc136468d709f18029c",
      "id": "sentence-transformers/average_word_embeddings_komninos",
      "likes": 4,
      "trendingScore": 0,
      "private": false,
      "downloads": 0,
      "tags": [
        "sentence-transformers",
        "safetensors",
        "feature-extraction",
        "sentence-similarity",
        "arxiv:1908.10084",
        "license:apache-2.0",
        "autotrain_compatible",
        "endpoints_compatible",
        "region:us"
      ],
      "pipeline_tag": "sentence-similarity",
      "library_name": "sentence-transformers",
      "createdAt": "2022-03-02T23:29:05.000Z",
      "modelId": "sentence-transformers/average_word_embeddings_komninos"
    },
    {
      "_id": "621ffdc136468d709f18029d",
      "id": "sentence-transformers/average_word_embeddings_levy_dependency",
      "likes": 0,
      "trendingScore": 0,
      "private": false,
      "downloads": 0,
      "tags": [
        "sentence-transformers",
        "safetensors",
        "feature-extraction",
        "sentence-similarity",
        "arxiv:1908.10084",
        "license:apache-2.0",
        "autotrain_compatible",
        "endpoints_compatible",
        "region:us"
      ],
      "pipeline_tag": "sentence-similarity",
      "library_name": "sentence-transformers",
      "createdAt": "2022-03-02T23:29:05.000Z",
      "modelId": "sentence-transformers/average_word_embeddings_levy_dependency"
    },
    {
      "_id": "621ffdc136468d709f18029e",
      "id": "sentence-transformers/bert-base-nli-cls-token",
      "likes": 2,
      "trendingScore": 0,
      "private": false,
      "downloads": 101,
      "tags": [
        "sentence-transformers",
        "pytorch",
        "tf",
        "jax",
        "onnx",
        "safetensors",
        "openvino",
        "bert",
        "feature-extraction",
        "sentence-similarity",
        "transformers",
        "arxiv:1908.10084",
        "license:apache-2.0",
        "autotrain_compatible",
        "text-embeddings-inference",
        "endpoints_compatible",
        "region:us"
      ],
      "pipeline_tag": "sentence-similarity",
      "library_name": "sentence-transformers",
      "createdAt": "2022-03-02T23:29:05.000Z",
      "modelId": "sentence-transformers/bert-base-nli-cls-token"
    },
    {
      "_id": "621ffdc136468d709f18029f",
      "id": "sentence-transformers/bert-base-nli-max-tokens",
      "likes": 3,
      "trendingScore": 0,
      "private": false,
      "downloads": 657,
      "tags": [
        "sentence-transformers",
        "pytorch",
        "tf",
        "jax",
        "onnx",
        "safetensors",
        "openvino",
        "bert",
        "feature-extraction",
        "sentence-similarity",
        "transformers",
        "arxiv:1908.10084",
        "license:apache-2.0",
        "autotrain_compatible",
        "text-embeddings-inference",
        "endpoints_compatible",
        "region:us"
      ],
      "pipeline_tag": "sentence-similarity",
      "library_name": "sentence-transformers",
      "createdAt": "2022-03-02T23:29:05.000Z",
      "modelId": "sentence-transformers/bert-base-nli-max-tokens"
    },
    {
      "_id": "621ffdc136468d709f1802a0",
      "id": "sentence-transformers/bert-base-nli-mean-tokens",
      "likes": 40,
      "trendingScore": 0,
      "private": false,
      "downloads": 756859,
      "tags": [
        "sentence-transformers",
        "pytorch",
        "tf",
        "jax",
        "rust",
        "onnx",
        "safetensors",
        "openvino",
        "bert",
        "feature-extraction",
        "sentence-similarity",
        "transformers",
        "arxiv:1908.10084",
        "license:apache-2.0",
        "autotrain_compatible",
        "text-embeddings-inference",
        "endpoints_compatible",
        "region:us"
      ],
      "pipeline_tag": "sentence-similarity",
      "library_name": "sentence-transformers",
      "createdAt": "2022-03-02T23:29:05.000Z",
      "modelId": "sentence-transformers/bert-base-nli-mean-tokens"
    },
    {
      "_id": "621ffdc136468d709f1802a1",
      "id": "sentence-transformers/bert-base-nli-stsb-mean-tokens",
      "likes": 2,
      "trendingScore": 0,
      "private": false,
      "downloads": 876,
      "tags": [
        "sentence-transformers",
        "pytorch",
        "tf",
        "jax",
        "onnx",
        "safetensors",
        "openvino",
        "bert",
        "feature-extraction",
        "sentence-similarity",
        "transformers",
        "arxiv:1908.10084",
        "license:apache-2.0",
        "autotrain_compatible",
        "text-embeddings-inference",
        "endpoints_compatible",
        "region:us"
      ],
      "pipeline_tag": "sentence-similarity",
      "library_name": "sentence-transformers",
      "createdAt": "2022-03-02T23:29:05.000Z",
      "modelId": "sentence-transformers/bert-base-nli-stsb-mean-tokens"
    }
  ]
}