{
  "items": [
    {
      "_id": "621ffdc036468d709f1759d8",
      "id": "Helsinki-NLP/opus-mt-en-zh",
      "likes": 379,
      "trendingScore": 2,
      "private": false,
      "downloads": 73848,
      "tags": [
        "transformers",
        "pytorch",
        "tf",
        "jax",
        "rust",
        "marian",
        "text2text-generation",
        "translation",
        "en",
        "zh",
        "license:apache-2.0",
        "endpoints_compatible",
        "region:us"
      ],
      "pipeline_tag": "translation",
      "library_name": "transformers",
      "createdAt": "2022-03-02T23:29:04.000Z",
      "modelId": "Helsinki-NLP/opus-mt-en-zh"
    },
    {
      "_id": "621ffdc036468d709f175d95",
      "id": "Helsinki-NLP/opus-mt-zh-en",
      "likes": 526,
      "trendingScore": 1,
      "private": false,
      "downloads": 387023,
      "tags": [
        "transformers",
        "pytorch",
        "tf",
        "rust",
        "marian",
        "text2text-generation",
        "translation",
        "zh",
        "en",
        "license:cc-by-4.0",
        "endpoints_compatible",
        "region:us"
      ],
      "pipeline_tag": "translation",
      "library_name": "transformers",
      "createdAt": "2022-03-02T23:29:04.000Z",
      "modelId": "Helsinki-NLP/opus-mt-zh-en"
    },
    {
      "_id": "634525f1feba4bdba59d5f6b",
      "id": "Helsinki-NLP/opus-mt-tc-base-en-sh",
      "likes": 1,
      "trendingScore": 1,
      "private": false,
      "downloads": 192,
      "tags": [
        "transformers",
        "pytorch",
        "safetensors",
        "marian",
        "text2text-generation",
        "translation",
        "opus-mt-tc",
        "bs",
        "en",
        "hr",
        "sh",
        "sr",
        "license:cc-by-4.0",
        "model-index",
        "endpoints_compatible",
        "region:us"
      ],
      "pipeline_tag": "translation",
      "library_name": "transformers",
      "createdAt": "2022-10-11T08:14:41.000Z",
      "modelId": "Helsinki-NLP/opus-mt-tc-base-en-sh"
    },
    {
      "_id": "621ffdc036468d709f175877",
      "id": "Helsinki-NLP/opus-mt-NORTH_EU-NORTH_EU",
      "likes": 2,
      "trendingScore": 0,
      "private": false,
      "downloads": 42,
      "tags": [
        "transformers",
        "pytorch",
        "tf",
        "marian",
        "text2text-generation",
        "translation",
        "multilingual",
        "license:apache-2.0",
        "endpoints_compatible",
        "region:us"
      ],
      "pipeline_tag": "translation",
      "library_name": "transformers",
      "createdAt": "2022-03-02T23:29:04.000Z",
      "modelId": "Helsinki-NLP/opus-mt-NORTH_EU-NORTH_EU"
    },
    {
      "_id": "621ffdc036468d709f175878",
      "id": "Helsinki-NLP/opus-mt-ROMANCE-en",
      "likes": 8,
      "trendingScore": 0,
      "private": false,
      "downloads": 80222,
      "tags": [
        "transformers",
        "pytorch",
        "tf",
        "rust",
        "marian",
        "text2text-generation",
        "translation",
        "roa",
        "en",
        "license:apache-2.0",
        "endpoints_compatible",
        "region:us"
      ],
      "pipeline_tag": "translation",
      "library_name": "transformers",
      "createdAt": "2022-03-02T23:29:04.000Z",
      "modelId": "Helsinki-NLP/opus-mt-ROMANCE-en"
    },
    {
      "_id": "621ffdc036468d709f175879",
      "id": "Helsinki-NLP/opus-mt-SCANDINAVIA-SCANDINAVIA",
      "likes": 1,
      "trendingScore": 0,
      "private": false,
      "downloads": 14,
      "tags": [
        "transformers",
        "pytorch",
        "tf",
        "marian",
        "text2text-generation",
        "translation",
        "scandinavia",
        "license:apache-2.0",
        "endpoints_compatible",
        "region:us"
      ],
      "pipeline_tag": "translation",
      "library_name": "transformers",
      "createdAt": "2022-03-02T23:29:04.000Z",
      "modelId": "Helsinki-NLP/opus-mt-SCANDINAVIA-SCANDINAVIA"
    },
    {
      "_id": "621ffdc036468d709f17587a",
      "id": "Helsinki-NLP/opus-mt-aav-en",
      "likes": 0,
      "trendingScore": 0,
      "private": false,
      "downloads": 17,
      "tags": [
        "transformers",
        "pytorch",
        "tf",
        "marian",
        "text2text-generation",
        "translation",
        "vi",
        "km",
        "aav",
        "en",
        "license:apache-2.0",
        "endpoints_compatible",
        "region:us"
      ],
      "pipeline_tag": "translation",
      "library_name": "transformers",
      "createdAt": "2022-03-02T23:29:04.000Z",
      "modelId": "Helsinki-NLP/opus-mt-aav-en"
    },
    {
      "_id": "621ffdc036468d709f17587b",
      "id": "Helsinki-NLP/opus-mt-aed-es",
      "likes": 0,
      "trendingScore": 0,
      "private": false,
      "downloads": 17,
      "tags": [
        "transformers",
        "pytorch",
        "tf",
        "marian",
        "text2text-generation",
        "translation",
        "aed",
        "es",
        "license:apache-2.0",
        "endpoints_compatible",
        "region:us"
      ],
      "pipeline_tag": "translation",
      "library_name": "transformers",
      "createdAt": "2022-03-02T23:29:04.000Z",
      "modelId": "Helsinki-NLP/opus-mt-aed-es"
    },
    {
      "_id": "621ffdc036468d709f17587c",
      "id": "Helsinki-NLP/opus-mt-af-de",
      "likes": 0,
      "trendingScore": 0,
      "private": false,
      "downloads": 258,
      "tags": [
        "transformers",
        "pytorch",
        "tf",
        "marian",
        "text2text-generation",
        "translation",
        "af",
        "de",
        "license:apache-2.0",
        "endpoints_compatible",
        "region:us"
      ],
      "pipeline_tag": "translation",
      "library_name": "transformers",
      "createdAt": "2022-03-02T23:29:04.000Z",
      "modelId": "Helsinki-NLP/opus-mt-af-de"
    },
    {
      "_id": "621ffdc036468d709f17587d",
      "id": "Helsinki-NLP/opus-mt-af-en",
      "likes": 0,
      "trendingScore": 0,
      "private": false,
      "downloads": 580,
      "tags": [
        "transformers",
        "pytorch",
        "tf",
        "marian",
        "text2text-generation",
        "translation",
        "af",
        "en",
        "license:apache-2.0",
        "endpoints_compatible",
        "region:us"
      ],
      "pipeline_tag": "translation",
      "library_name": "transformers",
      "createdAt": "2022-03-02T23:29:04.000Z",
      "modelId": "Helsinki-NLP/opus-mt-af-en"
    },
    {
      "_id": "621ffdc036468d709f17587e",
      "id": "Helsinki-NLP/opus-mt-af-eo",
      "likes": 0,
      "trendingScore": 0,
      "private": false,
      "downloads": 18,
      "tags": [
        "transformers",
        "pytorch",
        "tf",
        "marian",
        "text2text-generation",
        "translation",
        "af",
        "eo",
        "license:apache-2.0",
        "endpoints_compatible",
        "region:us"
      ],
      "pipeline_tag": "translation",
      "library_name": "transformers",
      "createdAt": "2022-03-02T23:29:04.000Z",
      "modelId": "Helsinki-NLP/opus-mt-af-eo"
    },
    {
      "_id": "621ffdc036468d709f17587f",
      "id": "Helsinki-NLP/opus-mt-af-es",
      "likes": 0,
      "trendingScore": 0,
      "private": false,
      "downloads": 17,
      "tags": [
        "transformers",
        "pytorch",
        "tf",
        "marian",
        "text2text-generation",
        "translation",
        "af",
        "es",
        "license:apache-2.0",
        "endpoints_compatible",
        "region:us"
      ],
      "pipeline_tag": "translation",
      "library_name": "transformers",
      "createdAt": "2022-03-02T23:29:04.000Z",
      "modelId": "Helsinki-NLP/opus-mt-af-es"
    },
    {
      "_id": "621ffdc036468d709f175880",
      "id": "Helsinki-NLP/opus-mt-af-fi",
      "likes": 0,
      "trendingScore": 0,
      "private": false,
      "downloads": 13,
      "tags": [
        "transformers",
        "pytorch",
        "tf",
        "marian",
        "text2text-generation",
        "translation",
        "af",
        "fi",
        "license:apache-2.0",
        "endpoints_compatible",
        "region:us"
      ],
      "pipeline_tag": "translation",
      "library_name": "transformers",
      "createdAt": "2022-03-02T23:29:04.000Z",
      "modelId": "Helsinki-NLP/opus-mt-af-fi"
    },
    {
      "_id": "621ffdc036468d709f175881",
      "id": "Helsinki-NLP/opus-mt-af-fr",
      "likes": 0,
      "trendingScore": 0,
      "private": false,
      "downloads": 42,
      "tags": [
        "transformers",
        "pytorch",
        "tf",
        "marian",
        "text2text-generation",
        "translation",
        "af",
        "fr",
        "license:apache-2.0",
        "endpoints_compatible",
        "region:us"
      ],
      "pipeline_tag": "translation",
      "library_name": "transformers",
      "createdAt": "2022-03-02T23:29:04.000Z",
      "modelId": "Helsinki-NLP/opus-mt-af-fr"
    },
    {
      "_id": "621ffdc036468d709f175882",
      "id": "Helsinki-NLP/opus-mt-af-nl",
      "likes": 0,
      "trendingScore": 0,
      "private": false,
      "downloads": 18,
      "tags": [
        "transformers",
        "pytorch",
        "tf",
        "marian",
        "text2text-generation",
        "translation",
        "af",
        "nl",
        "license:apache-2.0",
        "endpoints_compatible",
        "region:us"
      ],
      "pipeline_tag": "translation",
      "library_name": "transformers",
      "createdAt": "2022-03-02T23:29:04.000Z",
      "modelId": "Helsinki-NLP/opus-mt-af-nl"
    },
    {
      "_id": "621ffdc036468d709f175883",
      "id": "Helsinki-NLP/opus-mt-af-ru",
      "likes": 0,
      "trendingScore": 0,
      "private": false,
      "downloads": 20,
      "tags": [
        "transformers",
        "pytorch",
        "tf",
        "marian",
        "text2text-generation",
        "translation",
        "af",
        "ru",
        "license:apache-2.0",
        "endpoints_compatible",
        "region:us"
      ],
      "pipeline_tag": "translation",
      "library_name": "transformers",
      "createdAt": "2022-03-02T23:29:04.000Z",
      "modelId": "Helsinki-NLP/opus-mt-af-ru"
    },
    {
      "_id": "621ffdc036468d709f175884",
      "id": "Helsinki-NLP/opus-mt-af-sv",
      "likes": 0,
      "trendingScore": 0,
      "private": false,
      "downloads": 13,
      "tags": [
        "transformers",
        "pytorch",
        "tf",
        "marian",
        "text2text-generation",
        "translation",
        "af",
        "sv",
        "license:apache-2.0",
        "endpoints_compatible",
        "region:us"
      ],
      "pipeline_tag": "translation",
      "library_name": "transformers",
      "createdAt": "2022-03-02T23:29:04.000Z",
      "modelId": "Helsinki-NLP/opus-mt-af-sv"
    },
    {
      "_id": "621ffdc036468d709f175885",
      "id": "Helsinki-NLP/opus-mt-afa-afa",
      "likes": 0,
      "trendingScore": 0,
      "private": false,
      "downloads": 69,
      "tags": [
        "transformers",
        "pytorch",
        "tf",
        "marian",
        "text2text-generation",
        "translation",
        "so",
        "ti",
        "am",
        "he",
        "mt",
        "ar",
        "afa",
        "license:apache-2.0",
        "endpoints_compatible",
        "region:us"
      ],
      "pipeline_tag": "translation",
      "library_name": "transformers",
      "createdAt": "2022-03-02T23:29:04.000Z",
      "modelId": "Helsinki-NLP/opus-mt-afa-afa"
    },
    {
      "_id": "621ffdc036468d709f175886",
      "id": "Helsinki-NLP/opus-mt-afa-en",
      "likes": 0,
      "trendingScore": 0,
      "private": false,
      "downloads": 27,
      "tags": [
        "transformers",
        "pytorch",
        "tf",
        "marian",
        "text2text-generation",
        "translation",
        "so",
        "ti",
        "am",
        "he",
        "mt",
        "ar",
        "afa",
        "en",
        "license:apache-2.0",
        "endpoints_compatible",
        "region:us"
      ],
      "pipeline_tag": "translation",
      "library_name": "transformers",
      "createdAt": "2022-03-02T23:29:04.000Z",
      "modelId": "Helsinki-NLP/opus-mt-afa-en"
    },
    {
      "_id": "621ffdc036468d709f175887",
      "id": "Helsinki-NLP/opus-mt-alv-en",
      "likes": 0,
      "trendingScore": 0,
      "private": false,
      "downloads": 25,
      "tags": [
        "transformers",
        "pytorch",
        "tf",
        "marian",
        "text2text-generation",
        "translation",
        "sn",
        "rw",
        "wo",
        "ig",
        "sg",
        "ee",
        "zu",
        "lg",
        "ts",
        "ln",
        "ny",
        "yo",
        "rn",
        "xh",
        "alv",
        "en",
        "license:apache-2.0",
        "endpoints_compatible",
        "region:us"
      ],
      "pipeline_tag": "translation",
      "library_name": "transformers",
      "createdAt": "2022-03-02T23:29:04.000Z",
      "modelId": "Helsinki-NLP/opus-mt-alv-en"
    },
    {
      "_id": "621ffdc036468d709f175888",
      "id": "Helsinki-NLP/opus-mt-am-sv",
      "likes": 0,
      "trendingScore": 0,
      "private": false,
      "downloads": 21,
      "tags": [
        "transformers",
        "pytorch",
        "tf",
        "marian",
        "text2text-generation",
        "translation",
        "am",
        "sv",
        "license:apache-2.0",
        "endpoints_compatible",
        "region:us"
      ],
      "pipeline_tag": "translation",
      "library_name": "transformers",
      "createdAt": "2022-03-02T23:29:04.000Z",
      "modelId": "Helsinki-NLP/opus-mt-am-sv"
    },
    {
      "_id": "621ffdc036468d709f175889",
      "id": "Helsinki-NLP/opus-mt-ar-de",
      "likes": 1,
      "trendingScore": 0,
      "private": false,
      "downloads": 674,
      "tags": [
        "transformers",
        "pytorch",
        "tf",
        "marian",
        "text2text-generation",
        "translation",
        "ar",
        "de",
        "license:apache-2.0",
        "endpoints_compatible",
        "region:us"
      ],
      "pipeline_tag": "translation",
      "library_name": "transformers",
      "createdAt": "2022-03-02T23:29:04.000Z",
      "modelId": "Helsinki-NLP/opus-mt-ar-de"
    },
    {
      "_id": "621ffdc036468d709f17588a",
      "id": "Helsinki-NLP/opus-mt-ar-el",
      "likes": 0,
      "trendingScore": 0,
      "private": false,
      "downloads": 20,
      "tags": [
        "transformers",
        "pytorch",
        "tf",
        "marian",
        "text2text-generation",
        "translation",
        "ar",
        "el",
        "license:apache-2.0",
        "endpoints_compatible",
        "region:us"
      ],
      "pipeline_tag": "translation",
      "library_name": "transformers",
      "createdAt": "2022-03-02T23:29:04.000Z",
      "modelId": "Helsinki-NLP/opus-mt-ar-el"
    },
    {
      "_id": "621ffdc036468d709f17588b",
      "id": "Helsinki-NLP/opus-mt-ar-en",
      "likes": 45,
      "trendingScore": 0,
      "private": false,
      "downloads": 258928,
      "tags": [
        "transformers",
        "pytorch",
        "tf",
        "rust",
        "marian",
        "text2text-generation",
        "translation",
        "ar",
        "en",
        "license:apache-2.0",
        "endpoints_compatible",
        "region:us"
      ],
      "pipeline_tag": "translation",
      "library_name": "transformers",
      "createdAt": "2022-03-02T23:29:04.000Z",
      "modelId": "Helsinki-NLP/opus-mt-ar-en"
    },
    {
      "_id": "621ffdc036468d709f17588c",
      "id": "Helsinki-NLP/opus-mt-ar-eo",
      "likes": 0,
      "trendingScore": 0,
      "private": false,
      "downloads": 21,
      "tags": [
        "transformers",
        "pytorch",
        "tf",
        "marian",
        "text2text-generation",
        "translation",
        "ar",
        "eo",
        "license:apache-2.0",
        "endpoints_compatible",
        "region:us"
      ],
      "pipeline_tag": "translation",
      "library_name": "transformers",
      "createdAt": "2022-03-02T23:29:04.000Z",
      "modelId": "Helsinki-NLP/opus-mt-ar-eo"
    },
    {
      "_id": "621ffdc036468d709f17588d",
      "id": "Helsinki-NLP/opus-mt-ar-es",
      "likes": 1,
      "trendingScore": 0,
      "private": false,
      "downloads": 149,
      "tags": [
        "transformers",
        "pytorch",
        "tf",
        "marian",
        "text2text-generation",
        "translation",
        "ar",
        "es",
        "license:apache-2.0",
        "endpoints_compatible",
        "region:us"
      ],
      "pipeline_tag": "translation",
      "library_name": "transformers",
      "createdAt": "2022-03-02T23:29:04.000Z",
      "modelId": "Helsinki-NLP/opus-mt-ar-es"
    },
    {
      "_id": "621ffdc036468d709f17588e",
      "id": "Helsinki-NLP/opus-mt-ar-fr",
      "likes": 1,
      "trendingScore": 0,
      "private": false,
      "downloads": 1007,
      "tags": [
        "transformers",
        "pytorch",
        "tf",
        "marian",
        "text2text-generation",
        "translation",
        "ar",
        "fr",
        "license:apache-2.0",
        "endpoints_compatible",
        "region:us"
      ],
      "pipeline_tag": "translation",
      "library_name": "transformers",
      "createdAt": "2022-03-02T23:29:04.000Z",
      "modelId": "Helsinki-NLP/opus-mt-ar-fr"
    },
    {
      "_id": "621ffdc036468d709f17588f",
      "id": "Helsinki-NLP/opus-mt-ar-he",
      "likes": 0,
      "trendingScore": 0,
      "private": false,
      "downloads": 234,
      "tags": [
        "transformers",
        "pytorch",
        "tf",
        "marian",
        "text2text-generation",
        "translation",
        "ar",
        "he",
        "license:apache-2.0",
        "endpoints_compatible",
        "region:us"
      ],
      "pipeline_tag": "translation",
      "library_name": "transformers",
      "createdAt": "2022-03-02T23:29:04.000Z",
      "modelId": "Helsinki-NLP/opus-mt-ar-he"
    },
    {
      "_id": "621ffdc036468d709f175890",
      "id": "Helsinki-NLP/opus-mt-ar-it",
      "likes": 0,
      "trendingScore": 0,
      "private": false,
      "downloads": 58,
      "tags": [
        "transformers",
        "pytorch",
        "tf",
        "marian",
        "text2text-generation",
        "translation",
        "ar",
        "it",
        "license:apache-2.0",
        "endpoints_compatible",
        "region:us"
      ],
      "pipeline_tag": "translation",
      "library_name": "transformers",
      "createdAt": "2022-03-02T23:29:04.000Z",
      "modelId": "Helsinki-NLP/opus-mt-ar-it"
    },
    {
      "_id": "621ffdc036468d709f175891",
      "id": "Helsinki-NLP/opus-mt-ar-pl",
      "likes": 0,
      "trendingScore": 0,
      "private": false,
      "downloads": 26,
      "tags": [
        "transformers",
        "pytorch",
        "tf",
        "marian",
        "text2text-generation",
        "translation",
        "ar",
        "pl",
        "license:apache-2.0",
        "endpoints_compatible",
        "region:us"
      ],
      "pipeline_tag": "translation",
      "library_name": "transformers",
      "createdAt": "2022-03-02T23:29:04.000Z",
      "modelId": "Helsinki-NLP/opus-mt-ar-pl"
    },
    {
      "_id": "621ffdc036468d709f175892",
      "id": "Helsinki-NLP/opus-mt-ar-ru",
      "likes": 0,
      "trendingScore": 0,
      "private": false,
      "downloads": 333,
      "tags": [
        "transformers",
        "pytorch",
        "tf",
        "marian",
        "text2text-generation",
        "translation",
        "ar",
        "ru",
        "license:apache-2.0",
        "endpoints_compatible",
        "region:us"
      ],
      "pipeline_tag": "translation",
      "library_name": "transformers",
      "createdAt": "2022-03-02T23:29:04.000Z",
      "modelId": "Helsinki-NLP/opus-mt-ar-ru"
    },
    {
      "_id": "621ffdc036468d709f175893",
      "id": "Helsinki-NLP/opus-mt-ar-tr",
      "likes": 1,
      "trendingScore": 0,
      "private": false,
      "downloads": 73,
      "tags": [
        "transformers",
        "pytorch",
        "tf",
        "marian",
        "text2text-generation",
        "translation",
        "ar",
        "tr",
        "license:apache-2.0",
        "endpoints_compatible",
        "region:us"
      ],
      "pipeline_tag": "translation",
      "library_name": "transformers",
      "createdAt": "2022-03-02T23:29:04.000Z",
      "modelId": "Helsinki-NLP/opus-mt-ar-tr"
    },
    {
      "_id": "621ffdc036468d709f175894",
      "id": "Helsinki-NLP/opus-mt-art-en",
      "likes": 0,
      "trendingScore": 0,
      "private": false,
      "downloads": 19,
      "tags": [
        "transformers",
        "pytorch",
        "tf",
        "marian",
        "text2text-generation",
        "translation",
        "eo",
        "io",
        "art",
        "en",
        "license:apache-2.0",
        "endpoints_compatible",
        "region:us"
      ],
      "pipeline_tag": "translation",
      "library_name": "transformers",
      "createdAt": "2022-03-02T23:29:04.000Z",
      "modelId": "Helsinki-NLP/opus-mt-art-en"
    },
    {
      "_id": "621ffdc036468d709f175895",
      "id": "Helsinki-NLP/opus-mt-ase-de",
      "likes": 0,
      "trendingScore": 0,
      "private": false,
      "downloads": 13,
      "tags": [
        "transformers",
        "pytorch",
        "tf",
        "marian",
        "text2text-generation",
        "translation",
        "ase",
        "de",
        "license:apache-2.0",
        "endpoints_compatible",
        "region:us"
      ],
      "pipeline_tag": "translation",
      "library_name": "transformers",
      "createdAt": "2022-03-02T23:29:04.000Z",
      "modelId": "Helsinki-NLP/opus-mt-ase-de"
    },
    {
      "_id": "621ffdc036468d709f175896",
      "id": "Helsinki-NLP/opus-mt-ase-en",
      "likes": 0,
      "trendingScore": 0,
      "private": false,
      "downloads": 18,
      "tags": [
        "transformers",
        "pytorch",
        "tf",
        "marian",
        "text2text-generation",
        "translation",
        "ase",
        "en",
        "license:apache-2.0",
        "endpoints_compatible",
        "region:us"
      ],
      "pipeline_tag": "translation",
      "library_name": "transformers",
      "createdAt": "2022-03-02T23:29:04.000Z",
      "modelId": "Helsinki-NLP/opus-mt-ase-en"
    },
    {
      "_id": "621ffdc036468d709f175897",
      "id": "Helsinki-NLP/opus-mt-ase-es",
      "likes": 0,
      "trendingScore": 0,
      "private": false,
      "downloads": 19,
      "tags": [
        "transformers",
        "pytorch",
        "tf",
        "marian",
        "text2text-generation",
        "translation",
        "ase",
        "es",
        "license:apache-2.0",
        "endpoints_compatible",
        "region:us"
      ],
      "pipeline_tag": "translation",
      "library_name": "transformers",
      "createdAt": "2022-03-02T23:29:04.000Z",
      "modelId": "Helsinki-NLP/opus-mt-ase-es"
    },
    {
      "_id": "621ffdc036468d709f175898",
      "id": "Helsinki-NLP/opus-mt-ase-fr",
      "likes": 0,
      "trendingScore": 0,
      "private": false,
      "downloads": 12,
      "tags": [
        "transformers",
        "pytorch",
        "tf",
        "marian",
        "text2text-generation",
        "translation",
        "ase",
        "fr",
        "license:apache-2.0",
        "endpoints_compatible",
        "region:us"
      ],
      "pipeline_tag": "translation",
      "library_name": "transformers",
      "createdAt": "2022-03-02T23:29:04.000Z",
      "modelId": "Helsinki-NLP/opus-mt-ase-fr"
    },
    {
      "_id": "621ffdc036468d709f175899",
      "id": "Helsinki-NLP/opus-mt-ase-sv",
      "likes": 0,
      "trendingScore": 0,
      "private": false,
      "downloads": 13,
      "tags": [
        "transformers",
        "pytorch",
        "tf",
        "marian",
        "text2text-generation",
        "translation",
        "ase",
        "sv",
        "license:apache-2.0",
        "endpoints_compatible",
        "region:us"
      ],
      "pipeline_tag": "translation",
      "library_name": "transformers",
      "createdAt": "2022-03-02T23:29:04.000Z",
      "modelId": "Helsinki-NLP/opus-mt-ase-sv"
    },
    {
      "_id": "621ffdc036468d709f17589a",
      "id": "Helsinki-NLP/opus-mt-az-en",
      "likes": 2,
      "trendingScore": 0,
      "private": false,
      "downloads": 366,
      "tags": [
        "transformers",
        "pytorch",
        "tf",
        "safetensors",
        "marian",
        "text2text-generation",
        "translation",
        "az",
        "en",
        "license:apache-2.0",
        "endpoints_compatible",
        "region:us"
      ],
      "pipeline_tag": "translation",
      "library_name": "transformers",
      "createdAt": "2022-03-02T23:29:04.000Z",
      "modelId": "Helsinki-NLP/opus-mt-az-en"
    },
    {
      "_id": "621ffdc036468d709f17589b",
      "id": "Helsinki-NLP/opus-mt-az-es",
      "likes": 0,
      "trendingScore": 0,
      "private": false,
      "downloads": 18,
      "tags": [
        "transformers",
        "pytorch",
        "tf",
        "marian",
        "text2text-generation",
        "translation",
        "az",
        "es",
        "license:apache-2.0",
        "endpoints_compatible",
        "region:us"
      ],
      "pipeline_tag": "translation",
      "library_name": "transformers",
      "createdAt": "2022-03-02T23:29:04.000Z",
      "modelId": "Helsinki-NLP/opus-mt-az-es"
    },
    {
      "_id": "621ffdc036468d709f17589c",
      "id": "Helsinki-NLP/opus-mt-az-tr",
      "likes": 1,
      "trendingScore": 0,
      "private": false,
      "downloads": 13,
      "tags": [
        "transformers",
        "pytorch",
        "tf",
        "marian",
        "text2text-generation",
        "translation",
        "az",
        "tr",
        "license:apache-2.0",
        "endpoints_compatible",
        "region:us"
      ],
      "pipeline_tag": "translation",
      "library_name": "transformers",
      "createdAt": "2022-03-02T23:29:04.000Z",
      "modelId": "Helsinki-NLP/opus-mt-az-tr"
    },
    {
      "_id": "621ffdc036468d709f17589d",
      "id": "Helsinki-NLP/opus-mt-bat-en",
      "likes": 0,
      "trendingScore": 0,
      "private": false,
      "downloads": 22,
      "tags": [
        "transformers",
        "pytorch",
        "tf",
        "marian",
        "text2text-generation",
        "translation",
        "lt",
        "lv",
        "bat",
        "en",
        "license:apache-2.0",
        "endpoints_compatible",
        "region:us"
      ],
      "pipeline_tag": "translation",
      "library_name": "transformers",
      "createdAt": "2022-03-02T23:29:04.000Z",
      "modelId": "Helsinki-NLP/opus-mt-bat-en"
    },
    {
      "_id": "621ffdc036468d709f17589e",
      "id": "Helsinki-NLP/opus-mt-bcl-de",
      "likes": 0,
      "trendingScore": 0,
      "private": false,
      "downloads": 13,
      "tags": [
        "transformers",
        "pytorch",
        "tf",
        "marian",
        "text2text-generation",
        "translation",
        "bcl",
        "de",
        "license:apache-2.0",
        "endpoints_compatible",
        "region:us"
      ],
      "pipeline_tag": "translation",
      "library_name": "transformers",
      "createdAt": "2022-03-02T23:29:04.000Z",
      "modelId": "Helsinki-NLP/opus-mt-bcl-de"
    },
    {
      "_id": "621ffdc036468d709f17589f",
      "id": "Helsinki-NLP/opus-mt-bcl-en",
      "likes": 0,
      "trendingScore": 0,
      "private": false,
      "downloads": 31,
      "tags": [
        "transformers",
        "pytorch",
        "tf",
        "marian",
        "text2text-generation",
        "translation",
        "bcl",
        "en",
        "license:apache-2.0",
        "endpoints_compatible",
        "region:us"
      ],
      "pipeline_tag": "translation",
      "library_name": "transformers",
      "createdAt": "2022-03-02T23:29:04.000Z",
      "modelId": "Helsinki-NLP/opus-mt-bcl-en"
    },
    {
      "_id": "621ffdc036468d709f1758a0",
      "id": "Helsinki-NLP/opus-mt-bcl-es",
      "likes": 0,
      "trendingScore": 0,
      "private": false,
      "downloads": 13,
      "tags": [
        "transformers",
        "pytorch",
        "tf",
        "marian",
        "text2text-generation",
        "translation",
        "bcl",
        "es",
        "license:apache-2.0",
        "endpoints_compatible",
        "region:us"
      ],
      "pipeline_tag": "translation",
      "library_name": "transformers",
      "createdAt": "2022-03-02T23:29:04.000Z",
      "modelId": "Helsinki-NLP/opus-mt-bcl-es"
    },
    {
      "_id": "621ffdc036468d709f1758a1",
      "id": "Helsinki-NLP/opus-mt-bcl-fi",
      "likes": 0,
      "trendingScore": 0,
      "private": false,
      "downloads": 13,
      "tags": [
        "transformers",
        "pytorch",
        "tf",
        "marian",
        "text2text-generation",
        "translation",
        "bcl",
        "fi",
        "license:apache-2.0",
        "endpoints_compatible",
        "region:us"
      ],
      "pipeline_tag": "translation",
      "library_name": "transformers",
      "createdAt": "2022-03-02T23:29:04.000Z",
      "modelId": "Helsinki-NLP/opus-mt-bcl-fi"
    },
    {
      "_id": "621ffdc036468d709f1758a2",
      "id": "Helsinki-NLP/opus-mt-bcl-fr",
      "likes": 0,
      "trendingScore": 0,
      "private": false,
      "downloads": 14,
      "tags": [
        "transformers",
        "pytorch",
        "tf",
        "marian",
        "text2text-generation",
        "translation",
        "bcl",
        "fr",
        "license:apache-2.0",
        "endpoints_compatible",
        "region:us"
      ],
      "pipeline_tag": "translation",
      "library_name": "transformers",
      "createdAt": "2022-03-02T23:29:04.000Z",
      "modelId": "Helsinki-NLP/opus-mt-bcl-fr"
    },
    {
      "_id": "621ffdc036468d709f1758a3",
      "id": "Helsinki-NLP/opus-mt-bcl-sv",
      "likes": 0,
      "trendingScore": 0,
      "private": false,
      "downloads": 19,
      "tags": [
        "transformers",
        "pytorch",
        "tf",
        "marian",
        "text2text-generation",
        "translation",
        "bcl",
        "sv",
        "license:apache-2.0",
        "endpoints_compatible",
        "region:us"
      ],
      "pipeline_tag": "translation",
      "library_name": "transformers",
      "createdAt": "2022-03-02T23:29:04.000Z",
      "modelId": "Helsinki-NLP/opus-mt-bcl-sv"
    },
    {
      "_id": "621ffdc036468d709f1758a4",
      "id": "Helsinki-NLP/opus-mt-be-es",
      "likes": 0,
      "trendingScore": 0,
      "private": false,
      "downloads": 11,
      "tags": [
        "transformers",
        "pytorch",
        "tf",
        "marian",
        "text2text-generation",
        "translation",
        "be",
        "es",
        "license:apache-2.0",
        "endpoints_compatible",
        "region:us"
      ],
      "pipeline_tag": "translation",
      "library_name": "transformers",
      "createdAt": "2022-03-02T23:29:04.000Z",
      "modelId": "Helsinki-NLP/opus-mt-be-es"
    },
    {
      "_id": "621ffdc036468d709f1758a5",
      "id": "Helsinki-NLP/opus-mt-bem-en",
      "likes": 0,
      "trendingScore": 0,
      "private": false,
      "downloads": 16,
      "tags": [
        "transformers",
        "pytorch",
        "tf",
        "marian",
        "text2text-generation",
        "translation",
        "bem",
        "en",
        "license:apache-2.0",
        "endpoints_compatible",
        "region:us"
      ],
      "pipeline_tag": "translation",
      "library_name": "transformers",
      "createdAt": "2022-03-02T23:29:04.000Z",
      "modelId": "Helsinki-NLP/opus-mt-bem-en"
    }
  ]
}