{
  "items": [
    {
      "_id": "6631090cfee2317f6510102c",
      "id": "Mihaiii/Squirtle",
      "likes": 1,
      "trendingScore": 0,
      "private": false,
      "downloads": 18,
      "tags": [
        "sentence-transformers",
        "onnx",
        "safetensors",
        "bert",
        "feature-extraction",
        "sentence-similarity",
        "bge",
        "mteb",
        "dataset:Mihaiii/qa-assistant",
        "license:mit",
        "model-index",
        "autotrain_compatible",
        "text-embeddings-inference",
        "endpoints_compatible",
        "region:us"
      ],
      "pipeline_tag": "sentence-similarity",
      "library_name": "sentence-transformers",
      "createdAt": "2024-04-30T15:06:52.000Z",
      "modelId": "Mihaiii/Squirtle"
    }
  ]
}