{
  "items": [
    {
      "_id": "66e2759e0fce83e241f63527",
      "id": "Hugging-Face-User-2024/google-gemma-7b-1726117278",
      "likes": 0,
      "trendingScore": 0,
      "private": false,
      "downloads": 1,
      "tags": [
        "peft",
        "safetensors",
        "arxiv:1910.09700",
        "base_model:google/gemma-7b",
        "base_model:adapter:google/gemma-7b",
        "region:us"
      ],
      "library_name": "peft",
      "createdAt": "2024-09-12T05:01:18.000Z",
      "modelId": "Hugging-Face-User-2024/google-gemma-7b-1726117278"
    },
    {
      "_id": "66e276a1fa4015a5ced23c33",
      "id": "Hugging-Face-User-2024/google-gemma-7b-1726117537",
      "likes": 0,
      "trendingScore": 0,
      "private": false,
      "downloads": 1,
      "tags": [
        "peft",
        "safetensors",
        "arxiv:1910.09700",
        "base_model:google/gemma-7b",
        "base_model:adapter:google/gemma-7b",
        "region:us"
      ],
      "library_name": "peft",
      "createdAt": "2024-09-12T05:05:37.000Z",
      "modelId": "Hugging-Face-User-2024/google-gemma-7b-1726117537"
    },
    {
      "_id": "66e3745fd5e722539cd7d6e0",
      "id": "Hugging-Face-User-2024/google-gemma-7b-1726182495",
      "likes": 0,
      "trendingScore": 0,
      "private": false,
      "downloads": 1,
      "tags": [
        "peft",
        "safetensors",
        "arxiv:1910.09700",
        "base_model:google/gemma-7b",
        "base_model:adapter:google/gemma-7b",
        "region:us"
      ],
      "library_name": "peft",
      "createdAt": "2024-09-12T23:08:15.000Z",
      "modelId": "Hugging-Face-User-2024/google-gemma-7b-1726182495"
    },
    {
      "_id": "66e3a5d1714142da01606c2a",
      "id": "Hugging-Face-User-2024/google-gemma-7b-1726195153",
      "likes": 0,
      "trendingScore": 0,
      "private": false,
      "downloads": 1,
      "tags": [
        "peft",
        "safetensors",
        "arxiv:1910.09700",
        "base_model:google/gemma-7b",
        "base_model:adapter:google/gemma-7b",
        "region:us"
      ],
      "library_name": "peft",
      "createdAt": "2024-09-13T02:39:13.000Z",
      "modelId": "Hugging-Face-User-2024/google-gemma-7b-1726195153"
    },
    {
      "_id": "66e3a6efc84be482e2c01687",
      "id": "Hugging-Face-User-2024/google-gemma-7b-1726195439",
      "likes": 0,
      "trendingScore": 0,
      "private": false,
      "downloads": 1,
      "tags": [
        "peft",
        "safetensors",
        "arxiv:1910.09700",
        "base_model:google/gemma-7b",
        "base_model:adapter:google/gemma-7b",
        "region:us"
      ],
      "library_name": "peft",
      "createdAt": "2024-09-13T02:43:59.000Z",
      "modelId": "Hugging-Face-User-2024/google-gemma-7b-1726195439"
    },
    {
      "_id": "66e610c6663c452ad2fd3fa2",
      "id": "Hugging-Face-User-2024/google-gemma-7b-1726353605",
      "likes": 0,
      "trendingScore": 0,
      "private": false,
      "downloads": 1,
      "tags": [
        "peft",
        "safetensors",
        "arxiv:1910.09700",
        "base_model:google/gemma-7b",
        "base_model:adapter:google/gemma-7b",
        "region:us"
      ],
      "library_name": "peft",
      "createdAt": "2024-09-14T22:40:06.000Z",
      "modelId": "Hugging-Face-User-2024/google-gemma-7b-1726353605"
    },
    {
      "_id": "66e7be8fe9fb6492baa2434c",
      "id": "Hugging-Face-User-2024/google-gemma-7b-1726463631",
      "likes": 0,
      "trendingScore": 0,
      "private": false,
      "downloads": 1,
      "tags": [
        "peft",
        "safetensors",
        "arxiv:1910.09700",
        "base_model:google/gemma-7b",
        "base_model:adapter:google/gemma-7b",
        "region:us"
      ],
      "library_name": "peft",
      "createdAt": "2024-09-16T05:13:51.000Z",
      "modelId": "Hugging-Face-User-2024/google-gemma-7b-1726463631"
    }
  ]
}