{
  "items": [
    {
      "_id": "684b11e729c32c69e56d1db9",
      "id": "google/gemma-3n-E2B-it",
      "likes": 191,
      "trendingScore": 8,
      "private": false,
      "downloads": 114340,
      "tags": [
        "transformers",
        "safetensors",
        "gemma3n",
        "image-text-to-text",
        "automatic-speech-recognition",
        "automatic-speech-translation",
        "audio-text-to-text",
        "video-text-to-text",
        "conversational",
        "arxiv:1905.07830",
        "arxiv:1905.10044",
        "arxiv:1911.11641",
        "arxiv:1904.09728",
        "arxiv:1705.03551",
        "arxiv:1911.01547",
        "arxiv:1907.10641",
        "arxiv:1903.00161",
        "arxiv:2210.03057",
        "arxiv:2502.12404",
        "arxiv:2411.19799",
        "arxiv:2009.03300",
        "arxiv:2502.21228",
        "arxiv:2311.12022",
        "arxiv:2403.07974",
        "arxiv:2108.07732",
        "arxiv:2107.03374",
        "base_model:google/gemma-3n-E4B-it",
        "base_model:finetune:google/gemma-3n-E4B-it",
        "license:gemma",
        "endpoints_compatible",
        "region:us"
      ],
      "pipeline_tag": "image-text-to-text",
      "library_name": "transformers",
      "createdAt": "2025-06-12T17:44:07.000Z",
      "modelId": "google/gemma-3n-E2B-it"
    },
    {
      "_id": "68436ac12fb89bec8c4afcc1",
      "id": "google/gemma-3n-E2B-it-litert-lm",
      "likes": 56,
      "trendingScore": 7,
      "private": false,
      "downloads": 7431,
      "tags": [
        "litert-lm",
        "text-generation",
        "arxiv:1905.07830",
        "arxiv:1905.10044",
        "arxiv:1911.11641",
        "arxiv:1904.09728",
        "arxiv:1705.03551",
        "arxiv:1911.01547",
        "arxiv:1907.10641",
        "arxiv:1903.00161",
        "arxiv:2210.03057",
        "arxiv:2502.12404",
        "arxiv:2411.19799",
        "arxiv:2009.03300",
        "arxiv:2502.21228",
        "arxiv:2311.12022",
        "arxiv:2403.07974",
        "arxiv:2108.07732",
        "arxiv:2107.03374",
        "license:gemma",
        "region:us"
      ],
      "pipeline_tag": "text-generation",
      "library_name": "litert-lm",
      "createdAt": "2025-06-06T22:25:05.000Z",
      "modelId": "google/gemma-3n-E2B-it-litert-lm"
    },
    {
      "_id": "65c48cae885203c00532a392",
      "id": "google/gemma-2b",
      "likes": 1067,
      "trendingScore": 5,
      "private": false,
      "downloads": 208684,
      "tags": [
        "transformers",
        "safetensors",
        "gguf",
        "gemma",
        "text-generation",
        "arxiv:2312.11805",
        "arxiv:2009.03300",
        "arxiv:1905.07830",
        "arxiv:1911.11641",
        "arxiv:1904.09728",
        "arxiv:1905.10044",
        "arxiv:1907.10641",
        "arxiv:1811.00937",
        "arxiv:1809.02789",
        "arxiv:1911.01547",
        "arxiv:1705.03551",
        "arxiv:2107.03374",
        "arxiv:2108.07732",
        "arxiv:2110.14168",
        "arxiv:2304.06364",
        "arxiv:2206.04615",
        "arxiv:1804.06876",
        "arxiv:2110.08193",
        "arxiv:2009.11462",
        "arxiv:2101.11718",
        "arxiv:1804.09301",
        "arxiv:2109.07958",
        "arxiv:2203.09509",
        "license:gemma",
        "autotrain_compatible",
        "text-generation-inference",
        "endpoints_compatible",
        "region:us"
      ],
      "pipeline_tag": "text-generation",
      "library_name": "transformers",
      "createdAt": "2024-02-08T08:11:26.000Z",
      "modelId": "google/gemma-2b"
    },
    {
      "_id": "66962a41534f204a2b9982fd",
      "id": "google/gemma-2-2b",
      "likes": 582,
      "trendingScore": 4,
      "private": false,
      "downloads": 1083065,
      "tags": [
        "transformers",
        "safetensors",
        "gemma2",
        "text-generation",
        "arxiv:2009.03300",
        "arxiv:1905.07830",
        "arxiv:1911.11641",
        "arxiv:1904.09728",
        "arxiv:1905.10044",
        "arxiv:1907.10641",
        "arxiv:1811.00937",
        "arxiv:1809.02789",
        "arxiv:1911.01547",
        "arxiv:1705.03551",
        "arxiv:2107.03374",
        "arxiv:2108.07732",
        "arxiv:2110.14168",
        "arxiv:2009.11462",
        "arxiv:2101.11718",
        "arxiv:2110.08193",
        "arxiv:1804.09301",
        "arxiv:2109.07958",
        "arxiv:1804.06876",
        "arxiv:2103.03874",
        "arxiv:2304.06364",
        "arxiv:1903.00161",
        "arxiv:2206.04615",
        "arxiv:2203.09509",
        "arxiv:2403.13793",
        "license:gemma",
        "autotrain_compatible",
        "text-generation-inference",
        "endpoints_compatible",
        "region:us"
      ],
      "pipeline_tag": "text-generation",
      "library_name": "transformers",
      "createdAt": "2024-07-16T08:07:29.000Z",
      "modelId": "google/gemma-2-2b"
    },
    {
      "_id": "669650bb11dbbf600cf4dcf0",
      "id": "google/gemma-2-2b-it",
      "likes": 1162,
      "trendingScore": 4,
      "private": false,
      "downloads": 353460,
      "tags": [
        "transformers",
        "safetensors",
        "gemma2",
        "text-generation",
        "conversational",
        "arxiv:2009.03300",
        "arxiv:1905.07830",
        "arxiv:1911.11641",
        "arxiv:1904.09728",
        "arxiv:1905.10044",
        "arxiv:1907.10641",
        "arxiv:1811.00937",
        "arxiv:1809.02789",
        "arxiv:1911.01547",
        "arxiv:1705.03551",
        "arxiv:2107.03374",
        "arxiv:2108.07732",
        "arxiv:2110.14168",
        "arxiv:2009.11462",
        "arxiv:2101.11718",
        "arxiv:2110.08193",
        "arxiv:1804.09301",
        "arxiv:2109.07958",
        "arxiv:1804.06876",
        "arxiv:2103.03874",
        "arxiv:2304.06364",
        "arxiv:1903.00161",
        "arxiv:2206.04615",
        "arxiv:2203.09509",
        "arxiv:2403.13793",
        "base_model:google/gemma-2-2b",
        "base_model:finetune:google/gemma-2-2b",
        "license:gemma",
        "autotrain_compatible",
        "text-generation-inference",
        "endpoints_compatible",
        "region:us"
      ],
      "pipeline_tag": "text-generation",
      "library_name": "transformers",
      "createdAt": "2024-07-16T10:51:39.000Z",
      "modelId": "google/gemma-2-2b-it"
    },
    {
      "_id": "65c4d5ef522ee3a4edc15241",
      "id": "google/gemma-2b-it",
      "likes": 790,
      "trendingScore": 3,
      "private": false,
      "downloads": 284750,
      "tags": [
        "transformers",
        "safetensors",
        "gguf",
        "gemma",
        "text-generation",
        "conversational",
        "arxiv:2312.11805",
        "arxiv:2009.03300",
        "arxiv:1905.07830",
        "arxiv:1911.11641",
        "arxiv:1904.09728",
        "arxiv:1905.10044",
        "arxiv:1907.10641",
        "arxiv:1811.00937",
        "arxiv:1809.02789",
        "arxiv:1911.01547",
        "arxiv:1705.03551",
        "arxiv:2107.03374",
        "arxiv:2108.07732",
        "arxiv:2110.14168",
        "arxiv:2304.06364",
        "arxiv:2206.04615",
        "arxiv:1804.06876",
        "arxiv:2110.08193",
        "arxiv:2009.11462",
        "arxiv:2101.11718",
        "arxiv:1804.09301",
        "arxiv:2109.07958",
        "arxiv:2203.09509",
        "license:gemma",
        "autotrain_compatible",
        "text-generation-inference",
        "endpoints_compatible",
        "region:us"
      ],
      "pipeline_tag": "text-generation",
      "library_name": "transformers",
      "createdAt": "2024-02-08T13:23:59.000Z",
      "modelId": "google/gemma-2b-it"
    },
    {
      "_id": "684b11d7a7b5b016ee994836",
      "id": "google/gemma-3n-E2B",
      "likes": 61,
      "trendingScore": 2,
      "private": false,
      "downloads": 8185,
      "tags": [
        "transformers",
        "safetensors",
        "gemma3n",
        "image-text-to-text",
        "automatic-speech-recognition",
        "automatic-speech-translation",
        "audio-text-to-text",
        "video-text-to-text",
        "arxiv:1905.07830",
        "arxiv:1905.10044",
        "arxiv:1911.11641",
        "arxiv:1904.09728",
        "arxiv:1705.03551",
        "arxiv:1911.01547",
        "arxiv:1907.10641",
        "arxiv:1903.00161",
        "arxiv:2210.03057",
        "arxiv:2502.12404",
        "arxiv:2411.19799",
        "arxiv:2009.03300",
        "arxiv:2502.21228",
        "arxiv:2311.12022",
        "arxiv:2403.07974",
        "arxiv:2108.07732",
        "arxiv:2107.03374",
        "base_model:google/gemma-3n-E4B",
        "base_model:finetune:google/gemma-3n-E4B",
        "license:gemma",
        "endpoints_compatible",
        "region:us"
      ],
      "pipeline_tag": "image-text-to-text",
      "library_name": "transformers",
      "createdAt": "2025-06-12T17:43:51.000Z",
      "modelId": "google/gemma-3n-E2B"
    },
    {
      "_id": "66f4105aebbf75a6c5ead9a0",
      "id": "google/gemma-2-2b-jpn-it",
      "likes": 199,
      "trendingScore": 1,
      "private": false,
      "downloads": 24910,
      "tags": [
        "transformers",
        "safetensors",
        "gemma2",
        "text-generation",
        "conversational",
        "ja",
        "base_model:google/gemma-2-2b-it",
        "base_model:finetune:google/gemma-2-2b-it",
        "license:gemma",
        "autotrain_compatible",
        "text-generation-inference",
        "endpoints_compatible",
        "region:us"
      ],
      "pipeline_tag": "text-generation",
      "library_name": "transformers",
      "createdAt": "2024-09-25T13:30:02.000Z",
      "modelId": "google/gemma-2-2b-jpn-it"
    },
    {
      "_id": "682a30891bc2291c3db7521a",
      "id": "google/gemma-3n-E2B-it-litert-preview",
      "likes": 546,
      "trendingScore": 1,
      "private": false,
      "downloads": 0,
      "tags": [
        "image-text-to-text",
        "arxiv:1905.07830",
        "arxiv:1905.10044",
        "arxiv:1911.11641",
        "arxiv:1904.09728",
        "arxiv:1705.03551",
        "arxiv:1911.01547",
        "arxiv:1907.10641",
        "arxiv:1903.00161",
        "arxiv:2210.03057",
        "arxiv:2502.12404",
        "arxiv:2411.19799",
        "arxiv:2009.03300",
        "arxiv:2502.21228",
        "arxiv:2311.12022",
        "arxiv:2403.07974",
        "arxiv:2108.07732",
        "arxiv:2107.03374",
        "license:gemma",
        "region:us"
      ],
      "pipeline_tag": "image-text-to-text",
      "createdAt": "2025-05-18T19:10:01.000Z",
      "modelId": "google/gemma-3n-E2B-it-litert-preview"
    },
    {
      "_id": "65d8451ba08ccfe9f1e4f43b",
      "id": "codewizardUV/google-gemma-2b",
      "likes": 0,
      "trendingScore": 0,
      "private": false,
      "downloads": 2,
      "tags": [
        "peft",
        "tensorboard",
        "safetensors",
        "trl",
        "sft",
        "generated_from_trainer",
        "base_model:google/gemma-2b",
        "base_model:adapter:google/gemma-2b",
        "license:other",
        "region:us"
      ],
      "library_name": "peft",
      "createdAt": "2024-02-23T07:11:23.000Z",
      "modelId": "codewizardUV/google-gemma-2b"
    },
    {
      "_id": "65d91e662f6d2dfc27448a4a",
      "id": "google/gemma-2b-it-GGUF",
      "likes": 17,
      "trendingScore": 0,
      "private": false,
      "downloads": 243,
      "tags": [
        "llama.cpp",
        "gguf",
        "arxiv:2312.11805",
        "arxiv:2009.03300",
        "arxiv:1905.07830",
        "arxiv:1911.11641",
        "arxiv:1904.09728",
        "arxiv:1905.10044",
        "arxiv:1907.10641",
        "arxiv:1811.00937",
        "arxiv:1809.02789",
        "arxiv:1911.01547",
        "arxiv:1705.03551",
        "arxiv:2107.03374",
        "arxiv:2108.07732",
        "arxiv:2110.14168",
        "arxiv:2304.06364",
        "arxiv:2206.04615",
        "arxiv:1804.06876",
        "arxiv:2110.08193",
        "arxiv:2009.11462",
        "arxiv:2101.11718",
        "arxiv:1804.09301",
        "arxiv:2109.07958",
        "arxiv:2203.09509",
        "license:gemma",
        "endpoints_compatible",
        "region:us"
      ],
      "library_name": "llama.cpp",
      "createdAt": "2024-02-23T22:38:30.000Z",
      "modelId": "google/gemma-2b-it-GGUF"
    },
    {
      "_id": "65d91eab0733541e0665a429",
      "id": "google/gemma-2b-GGUF",
      "likes": 15,
      "trendingScore": 0,
      "private": false,
      "downloads": 242,
      "tags": [
        "llama.cpp",
        "gguf",
        "arxiv:2312.11805",
        "arxiv:2009.03300",
        "arxiv:1905.07830",
        "arxiv:1911.11641",
        "arxiv:1904.09728",
        "arxiv:1905.10044",
        "arxiv:1907.10641",
        "arxiv:1811.00937",
        "arxiv:1809.02789",
        "arxiv:1911.01547",
        "arxiv:1705.03551",
        "arxiv:2107.03374",
        "arxiv:2108.07732",
        "arxiv:2110.14168",
        "arxiv:2304.06364",
        "arxiv:2206.04615",
        "arxiv:1804.06876",
        "arxiv:2110.08193",
        "arxiv:2009.11462",
        "arxiv:2101.11718",
        "arxiv:1804.09301",
        "arxiv:2109.07958",
        "arxiv:2203.09509",
        "license:gemma",
        "endpoints_compatible",
        "region:us"
      ],
      "library_name": "llama.cpp",
      "createdAt": "2024-02-23T22:39:39.000Z",
      "modelId": "google/gemma-2b-GGUF"
    },
    {
      "_id": "65dc9f0cad7ccf910d2255ec",
      "id": "google/gemma-2b-cpp",
      "likes": 1,
      "trendingScore": 0,
      "private": false,
      "downloads": 1,
      "tags": [
        "gemma.cpp",
        "text-generation",
        "license:gemma",
        "region:us"
      ],
      "pipeline_tag": "text-generation",
      "library_name": "gemma.cpp",
      "createdAt": "2024-02-26T14:24:12.000Z",
      "modelId": "google/gemma-2b-cpp"
    },
    {
      "_id": "65dcbbaabda21d181b3af193",
      "id": "google/gemma-2b-it-cpp",
      "likes": 1,
      "trendingScore": 0,
      "private": false,
      "downloads": 6,
      "tags": [
        "gemma.cpp",
        "text-generation",
        "license:gemma",
        "region:us"
      ],
      "pipeline_tag": "text-generation",
      "library_name": "gemma.cpp",
      "createdAt": "2024-02-26T16:26:18.000Z",
      "modelId": "google/gemma-2b-it-cpp"
    },
    {
      "_id": "65dccc458c103eb3d91328d9",
      "id": "google/gemma-2b-pytorch",
      "likes": 8,
      "trendingScore": 0,
      "private": false,
      "downloads": 49,
      "tags": [
        "gemma_torch",
        "pytorch",
        "text-generation",
        "license:gemma",
        "region:us"
      ],
      "pipeline_tag": "text-generation",
      "library_name": "gemma_torch",
      "createdAt": "2024-02-26T17:37:09.000Z",
      "modelId": "google/gemma-2b-pytorch"
    },
    {
      "_id": "65dcf2f2c1ef45fb899dd2b1",
      "id": "google/gemma-2b-it-pytorch",
      "likes": 11,
      "trendingScore": 0,
      "private": false,
      "downloads": 105,
      "tags": [
        "gemma_torch",
        "pytorch",
        "text-generation",
        "license:gemma",
        "region:us"
      ],
      "pipeline_tag": "text-generation",
      "library_name": "gemma_torch",
      "createdAt": "2024-02-26T20:22:10.000Z",
      "modelId": "google/gemma-2b-it-pytorch"
    },
    {
      "_id": "65dd13e056cdc976b302cea0",
      "id": "google/gemma-2b-keras",
      "likes": 5,
      "trendingScore": 0,
      "private": false,
      "downloads": 32,
      "tags": [
        "keras-hub",
        "text-generation",
        "license:gemma",
        "region:us"
      ],
      "pipeline_tag": "text-generation",
      "library_name": "keras-hub",
      "createdAt": "2024-02-26T22:42:40.000Z",
      "modelId": "google/gemma-2b-keras"
    },
    {
      "_id": "65dd233789a2a760d13ba80d",
      "id": "google/gemma-2b-it-keras",
      "likes": 2,
      "trendingScore": 0,
      "private": false,
      "downloads": 45,
      "tags": [
        "keras-hub",
        "text-generation",
        "license:gemma",
        "region:us"
      ],
      "pipeline_tag": "text-generation",
      "library_name": "keras-hub",
      "createdAt": "2024-02-26T23:48:07.000Z",
      "modelId": "google/gemma-2b-it-keras"
    },
    {
      "_id": "65dd27c2e30cb226fb3788ce",
      "id": "justinxzhao/google-gemma-2b-it-dequantized",
      "likes": 0,
      "trendingScore": 0,
      "private": false,
      "downloads": 164,
      "tags": [
        "transformers",
        "safetensors",
        "gemma",
        "text-generation",
        "conversational",
        "autotrain_compatible",
        "text-generation-inference",
        "endpoints_compatible",
        "region:us"
      ],
      "pipeline_tag": "text-generation",
      "library_name": "transformers",
      "createdAt": "2024-02-27T00:07:30.000Z",
      "modelId": "justinxzhao/google-gemma-2b-it-dequantized"
    },
    {
      "_id": "65dd290689a2a760d13ef9e3",
      "id": "justinxzhao/google-gemma-2b-dequantized",
      "likes": 0,
      "trendingScore": 0,
      "private": false,
      "downloads": 1181,
      "tags": [
        "transformers",
        "safetensors",
        "gemma",
        "text-generation",
        "autotrain_compatible",
        "text-generation-inference",
        "endpoints_compatible",
        "region:us"
      ],
      "pipeline_tag": "text-generation",
      "library_name": "transformers",
      "createdAt": "2024-02-27T00:12:54.000Z",
      "modelId": "justinxzhao/google-gemma-2b-dequantized"
    },
    {
      "_id": "65ddb50bc9e63f8daeae8e60",
      "id": "google/gemma-2b-sfp-cpp",
      "likes": 1,
      "trendingScore": 0,
      "private": false,
      "downloads": 7,
      "tags": [
        "gemma.cpp",
        "text-generation",
        "license:gemma",
        "region:us"
      ],
      "pipeline_tag": "text-generation",
      "library_name": "gemma.cpp",
      "createdAt": "2024-02-27T10:10:19.000Z",
      "modelId": "google/gemma-2b-sfp-cpp"
    },
    {
      "_id": "65ddbee1074f766e8832d72d",
      "id": "google/gemma-2b-it-sfp-cpp",
      "likes": 2,
      "trendingScore": 0,
      "private": false,
      "downloads": 4,
      "tags": [
        "gemma.cpp",
        "text-generation",
        "license:gemma",
        "region:us"
      ],
      "pipeline_tag": "text-generation",
      "library_name": "gemma.cpp",
      "createdAt": "2024-02-27T10:52:17.000Z",
      "modelId": "google/gemma-2b-it-sfp-cpp"
    },
    {
      "_id": "65ddd9fb4a884364bef2ec96",
      "id": "google/gemma-2b-flax",
      "likes": 5,
      "trendingScore": 0,
      "private": false,
      "downloads": 0,
      "tags": [
        "jax",
        "gemma_jax",
        "text-generation",
        "license:gemma",
        "region:us"
      ],
      "pipeline_tag": "text-generation",
      "library_name": "jax",
      "createdAt": "2024-02-27T12:47:55.000Z",
      "modelId": "google/gemma-2b-flax"
    },
    {
      "_id": "65dde7f40f70134ddf72ef1b",
      "id": "google/gemma-2b-it-flax",
      "likes": 4,
      "trendingScore": 0,
      "private": false,
      "downloads": 0,
      "tags": [
        "jax",
        "gemma_jax",
        "text-generation",
        "license:gemma",
        "region:us"
      ],
      "pipeline_tag": "text-generation",
      "library_name": "jax",
      "createdAt": "2024-02-27T13:47:32.000Z",
      "modelId": "google/gemma-2b-it-flax"
    },
    {
      "_id": "65e7c0ef7706ea13b739370a",
      "id": "aisuko/ft-google-gemma-2b-it-qlora",
      "likes": 0,
      "trendingScore": 0,
      "private": false,
      "downloads": 0,
      "tags": [
        "peft",
        "safetensors",
        "trl",
        "sft",
        "generated_from_trainer",
        "base_model:google/gemma-2b-it",
        "base_model:adapter:google/gemma-2b-it",
        "license:other",
        "region:us"
      ],
      "library_name": "peft",
      "createdAt": "2024-03-06T01:03:43.000Z",
      "modelId": "aisuko/ft-google-gemma-2b-it-qlora"
    },
    {
      "_id": "65e9817e65f237856e3ef529",
      "id": "adakoda/ft-google-gemma-2b-it-qlora",
      "likes": 0,
      "trendingScore": 0,
      "private": false,
      "downloads": 0,
      "tags": [
        "peft",
        "safetensors",
        "trl",
        "sft",
        "generated_from_trainer",
        "base_model:google/gemma-2b-it",
        "base_model:adapter:google/gemma-2b-it",
        "license:other",
        "region:us"
      ],
      "library_name": "peft",
      "createdAt": "2024-03-07T08:57:34.000Z",
      "modelId": "adakoda/ft-google-gemma-2b-it-qlora"
    },
    {
      "_id": "65eca74f794d34d1a444d225",
      "id": "tsk-18/ft-google-gemma-2b-it-qlora",
      "likes": 0,
      "trendingScore": 0,
      "private": false,
      "downloads": 0,
      "tags": [
        "peft",
        "safetensors",
        "trl",
        "sft",
        "generated_from_trainer",
        "base_model:google/gemma-2b-it",
        "base_model:adapter:google/gemma-2b-it",
        "license:other",
        "region:us"
      ],
      "library_name": "peft",
      "createdAt": "2024-03-09T18:15:43.000Z",
      "modelId": "tsk-18/ft-google-gemma-2b-it-qlora"
    },
    {
      "_id": "65ee3d6e8a38d66e5189ab51",
      "id": "ALBADDAWI/ft-google-gemma-2b-it-qlora",
      "likes": 1,
      "trendingScore": 0,
      "private": false,
      "downloads": 0,
      "tags": [
        "peft",
        "safetensors",
        "trl",
        "sft",
        "generated_from_trainer",
        "base_model:google/gemma-2b-it",
        "base_model:adapter:google/gemma-2b-it",
        "license:apache-2.0",
        "region:us"
      ],
      "library_name": "peft",
      "createdAt": "2024-03-10T23:08:30.000Z",
      "modelId": "ALBADDAWI/ft-google-gemma-2b-it-qlora"
    },
    {
      "_id": "65ef56b7226f02c0129048c6",
      "id": "ALBADDAWI/ft-google-gemma-2b-it-qlora-v2",
      "likes": 0,
      "trendingScore": 0,
      "private": false,
      "downloads": 0,
      "tags": [
        "peft",
        "safetensors",
        "trl",
        "sft",
        "generated_from_trainer",
        "base_model:google/gemma-2b-it",
        "base_model:adapter:google/gemma-2b-it",
        "license:other",
        "region:us"
      ],
      "library_name": "peft",
      "createdAt": "2024-03-11T19:08:39.000Z",
      "modelId": "ALBADDAWI/ft-google-gemma-2b-it-qlora-v2"
    },
    {
      "_id": "65f27675d83aee7a6483c831",
      "id": "heegyu/google__gemma-2b-it",
      "likes": 0,
      "trendingScore": 0,
      "private": false,
      "downloads": 0,
      "tags": [
        "region:us"
      ],
      "createdAt": "2024-03-14T04:00:53.000Z",
      "modelId": "heegyu/google__gemma-2b-it"
    },
    {
      "_id": "65f4fd198fac92885921b85a",
      "id": "google/gemma-1.1-2b-it-GGUF",
      "likes": 20,
      "trendingScore": 0,
      "private": false,
      "downloads": 12,
      "tags": [
        "llama.cpp",
        "gguf",
        "arxiv:2312.11805",
        "arxiv:2009.03300",
        "arxiv:1905.07830",
        "arxiv:1911.11641",
        "arxiv:1904.09728",
        "arxiv:1905.10044",
        "arxiv:1907.10641",
        "arxiv:1811.00937",
        "arxiv:1809.02789",
        "arxiv:1911.01547",
        "arxiv:1705.03551",
        "arxiv:2107.03374",
        "arxiv:2108.07732",
        "arxiv:2110.14168",
        "arxiv:2304.06364",
        "arxiv:2206.04615",
        "arxiv:1804.06876",
        "arxiv:2110.08193",
        "arxiv:2009.11462",
        "arxiv:2101.11718",
        "arxiv:1804.09301",
        "arxiv:2109.07958",
        "arxiv:2203.09509",
        "license:gemma",
        "endpoints_compatible",
        "region:us"
      ],
      "library_name": "llama.cpp",
      "createdAt": "2024-03-16T01:59:53.000Z",
      "modelId": "google/gemma-1.1-2b-it-GGUF"
    },
    {
      "_id": "65f8f80748d4f7baa4cb4b74",
      "id": "google/gemma-1.1-2b-it-pytorch",
      "likes": 7,
      "trendingScore": 0,
      "private": false,
      "downloads": 41,
      "tags": [
        "gemma_torch",
        "pytorch",
        "text-generation",
        "license:gemma",
        "region:us"
      ],
      "pipeline_tag": "text-generation",
      "library_name": "gemma_torch",
      "createdAt": "2024-03-19T02:27:19.000Z",
      "modelId": "google/gemma-1.1-2b-it-pytorch"
    },
    {
      "_id": "6602da7ea16b190e2b2ca016",
      "id": "dragoa/ft-google-gemma-2b-it-qlora",
      "likes": 0,
      "trendingScore": 0,
      "private": false,
      "downloads": 0,
      "tags": [
        "peft",
        "safetensors",
        "trl",
        "sft",
        "generated_from_trainer",
        "base_model:google/gemma-2b-it",
        "base_model:adapter:google/gemma-2b-it",
        "license:other",
        "region:us"
      ],
      "library_name": "peft",
      "createdAt": "2024-03-26T14:23:58.000Z",
      "modelId": "dragoa/ft-google-gemma-2b-it-qlora"
    },
    {
      "_id": "66034ee449b942652c8763d5",
      "id": "google/gemma-1.1-2b-it",
      "likes": 165,
      "trendingScore": 0,
      "private": false,
      "downloads": 244655,
      "tags": [
        "transformers",
        "safetensors",
        "gemma",
        "text-generation",
        "conversational",
        "arxiv:2312.11805",
        "arxiv:2009.03300",
        "arxiv:1905.07830",
        "arxiv:1911.11641",
        "arxiv:1904.09728",
        "arxiv:1905.10044",
        "arxiv:1907.10641",
        "arxiv:1811.00937",
        "arxiv:1809.02789",
        "arxiv:1911.01547",
        "arxiv:1705.03551",
        "arxiv:2107.03374",
        "arxiv:2108.07732",
        "arxiv:2110.14168",
        "arxiv:2304.06364",
        "arxiv:2206.04615",
        "arxiv:1804.06876",
        "arxiv:2110.08193",
        "license:gemma",
        "autotrain_compatible",
        "text-generation-inference",
        "endpoints_compatible",
        "region:us"
      ],
      "pipeline_tag": "text-generation",
      "library_name": "transformers",
      "createdAt": "2024-03-26T22:40:36.000Z",
      "modelId": "google/gemma-1.1-2b-it"
    },
    {
      "_id": "6614be2f7018e413bf59dc3b",
      "id": "hanhancai/ft-google-gemma-2b-it-qlora",
      "likes": 0,
      "trendingScore": 0,
      "private": false,
      "downloads": 2,
      "tags": [
        "transformers",
        "safetensors",
        "gemma",
        "text-generation",
        "conversational",
        "license:apache-2.0",
        "autotrain_compatible",
        "text-generation-inference",
        "endpoints_compatible",
        "4-bit",
        "bitsandbytes",
        "region:us"
      ],
      "pipeline_tag": "text-generation",
      "library_name": "transformers",
      "createdAt": "2024-04-09T04:03:59.000Z",
      "modelId": "hanhancai/ft-google-gemma-2b-it-qlora"
    },
    {
      "_id": "66159307a15c52fa7abc7631",
      "id": "google/gemma-2b-it-tflite",
      "likes": 8,
      "trendingScore": 0,
      "private": false,
      "downloads": 0,
      "tags": [
        "tflite",
        "text-generation",
        "license:gemma",
        "region:us"
      ],
      "pipeline_tag": "text-generation",
      "library_name": "tflite",
      "createdAt": "2024-04-09T19:12:07.000Z",
      "modelId": "google/gemma-2b-it-tflite"
    },
    {
      "_id": "6615a69cec31720586b97a43",
      "id": "google/gemma-1.1-2b-it-tflite",
      "likes": 8,
      "trendingScore": 0,
      "private": false,
      "downloads": 0,
      "tags": [
        "tflite",
        "text-generation",
        "license:gemma",
        "region:us"
      ],
      "pipeline_tag": "text-generation",
      "library_name": "tflite",
      "createdAt": "2024-04-09T20:35:40.000Z",
      "modelId": "google/gemma-1.1-2b-it-tflite"
    },
    {
      "_id": "66169dc20963779bc98b5559",
      "id": "google/gemma-1.1-2b-it-keras",
      "likes": 3,
      "trendingScore": 0,
      "private": false,
      "downloads": 33,
      "tags": [
        "keras-hub",
        "text-generation",
        "license:gemma",
        "region:us"
      ],
      "pipeline_tag": "text-generation",
      "library_name": "keras-hub",
      "createdAt": "2024-04-10T14:10:10.000Z",
      "modelId": "google/gemma-1.1-2b-it-keras"
    },
    {
      "_id": "6618c25545a34bdf33c339ae",
      "id": "RichardErkhov/google_-_gemma-2b-gguf",
      "likes": 0,
      "trendingScore": 0,
      "private": false,
      "downloads": 68,
      "tags": [
        "gguf",
        "arxiv:2312.11805",
        "arxiv:2009.03300",
        "arxiv:1905.07830",
        "arxiv:1911.11641",
        "arxiv:1904.09728",
        "arxiv:1905.10044",
        "arxiv:1907.10641",
        "arxiv:1811.00937",
        "arxiv:1809.02789",
        "arxiv:1911.01547",
        "arxiv:1705.03551",
        "arxiv:2107.03374",
        "arxiv:2108.07732",
        "arxiv:2110.14168",
        "arxiv:2304.06364",
        "arxiv:2206.04615",
        "arxiv:1804.06876",
        "arxiv:2110.08193",
        "arxiv:2009.11462",
        "arxiv:2101.11718",
        "arxiv:1804.09301",
        "arxiv:2109.07958",
        "arxiv:2203.09509",
        "endpoints_compatible",
        "region:us"
      ],
      "createdAt": "2024-04-12T05:10:45.000Z",
      "modelId": "RichardErkhov/google_-_gemma-2b-gguf"
    },
    {
      "_id": "6618d1c29d3673a2624b48f8",
      "id": "RichardErkhov/google_-_gemma-1.1-2b-it-gguf",
      "likes": 0,
      "trendingScore": 0,
      "private": false,
      "downloads": 90,
      "tags": [
        "gguf",
        "endpoints_compatible",
        "region:us",
        "conversational"
      ],
      "createdAt": "2024-04-12T06:16:34.000Z",
      "modelId": "RichardErkhov/google_-_gemma-1.1-2b-it-gguf"
    },
    {
      "_id": "66196f711100f2533f9beb57",
      "id": "easynet/google-gemma-1.1-2b-it-GGUF",
      "likes": 1,
      "trendingScore": 0,
      "private": false,
      "downloads": 5,
      "tags": [
        "gguf",
        "license:gemma",
        "endpoints_compatible",
        "region:us",
        "conversational"
      ],
      "createdAt": "2024-04-12T17:29:21.000Z",
      "modelId": "easynet/google-gemma-1.1-2b-it-GGUF"
    },
    {
      "_id": "662f9aa735acb81eed38548c",
      "id": "PrunaAI/google-gemma-2b-HQQ-1bit-smashed",
      "likes": 0,
      "trendingScore": 0,
      "private": false,
      "downloads": 4,
      "tags": [
        "transformers",
        "gemma",
        "text-generation",
        "pruna-ai",
        "base_model:google/gemma-2b",
        "base_model:finetune:google/gemma-2b",
        "autotrain_compatible",
        "endpoints_compatible",
        "region:us"
      ],
      "pipeline_tag": "text-generation",
      "library_name": "transformers",
      "createdAt": "2024-04-29T13:03:35.000Z",
      "modelId": "PrunaAI/google-gemma-2b-HQQ-1bit-smashed"
    },
    {
      "_id": "662f9ae0691b68ea0be8657a",
      "id": "PrunaAI/google-gemma-2b-HQQ-2bit-smashed",
      "likes": 0,
      "trendingScore": 0,
      "private": false,
      "downloads": 4,
      "tags": [
        "transformers",
        "gemma",
        "text-generation",
        "pruna-ai",
        "base_model:google/gemma-2b",
        "base_model:finetune:google/gemma-2b",
        "autotrain_compatible",
        "endpoints_compatible",
        "region:us"
      ],
      "pipeline_tag": "text-generation",
      "library_name": "transformers",
      "createdAt": "2024-04-29T13:04:32.000Z",
      "modelId": "PrunaAI/google-gemma-2b-HQQ-2bit-smashed"
    },
    {
      "_id": "662f9c4faf9e8e0d23a00ff4",
      "id": "PrunaAI/google-gemma-7b-HQQ-2bit-smashed",
      "likes": 0,
      "trendingScore": 0,
      "private": false,
      "downloads": 2,
      "tags": [
        "transformers",
        "gemma",
        "text-generation",
        "pruna-ai",
        "base_model:google/gemma-7b",
        "base_model:finetune:google/gemma-7b",
        "autotrain_compatible",
        "endpoints_compatible",
        "region:us"
      ],
      "pipeline_tag": "text-generation",
      "library_name": "transformers",
      "createdAt": "2024-04-29T13:10:39.000Z",
      "modelId": "PrunaAI/google-gemma-7b-HQQ-2bit-smashed"
    },
    {
      "_id": "662f9c727dc03cfaae84ff79",
      "id": "PrunaAI/google-gemma-7b-it-HQQ-2bit-smashed",
      "likes": 0,
      "trendingScore": 0,
      "private": false,
      "downloads": 2,
      "tags": [
        "transformers",
        "gemma",
        "text-generation",
        "pruna-ai",
        "base_model:google/gemma-7b-it",
        "base_model:finetune:google/gemma-7b-it",
        "autotrain_compatible",
        "endpoints_compatible",
        "region:us"
      ],
      "pipeline_tag": "text-generation",
      "library_name": "transformers",
      "createdAt": "2024-04-29T13:11:14.000Z",
      "modelId": "PrunaAI/google-gemma-7b-it-HQQ-2bit-smashed"
    },
    {
      "_id": "662f9d5835acb81eed3926de",
      "id": "PrunaAI/google-gemma-2b-it-HQQ-2bit-smashed",
      "likes": 0,
      "trendingScore": 0,
      "private": false,
      "downloads": 2,
      "tags": [
        "transformers",
        "gemma",
        "text-generation",
        "pruna-ai",
        "base_model:google/gemma-2b-it",
        "base_model:finetune:google/gemma-2b-it",
        "autotrain_compatible",
        "endpoints_compatible",
        "region:us"
      ],
      "pipeline_tag": "text-generation",
      "library_name": "transformers",
      "createdAt": "2024-04-29T13:15:04.000Z",
      "modelId": "PrunaAI/google-gemma-2b-it-HQQ-2bit-smashed"
    },
    {
      "_id": "662f9d8b9d19ebecfc9c9d2b",
      "id": "PrunaAI/google-gemma-2b-it-HQQ-1bit-smashed",
      "likes": 0,
      "trendingScore": 0,
      "private": false,
      "downloads": 2,
      "tags": [
        "transformers",
        "gemma",
        "text-generation",
        "pruna-ai",
        "conversational",
        "base_model:google/gemma-2b-it",
        "base_model:finetune:google/gemma-2b-it",
        "autotrain_compatible",
        "endpoints_compatible",
        "region:us"
      ],
      "pipeline_tag": "text-generation",
      "library_name": "transformers",
      "createdAt": "2024-04-29T13:15:55.000Z",
      "modelId": "PrunaAI/google-gemma-2b-it-HQQ-1bit-smashed"
    },
    {
      "_id": "662fc1ffb5aad38492a86e6e",
      "id": "PrunaAI/google-gemma-2b-HQQ-4bit-smashed",
      "likes": 0,
      "trendingScore": 0,
      "private": false,
      "downloads": 2,
      "tags": [
        "transformers",
        "gemma",
        "text-generation",
        "pruna-ai",
        "base_model:google/gemma-2b",
        "base_model:finetune:google/gemma-2b",
        "autotrain_compatible",
        "endpoints_compatible",
        "region:us"
      ],
      "pipeline_tag": "text-generation",
      "library_name": "transformers",
      "createdAt": "2024-04-29T15:51:27.000Z",
      "modelId": "PrunaAI/google-gemma-2b-HQQ-4bit-smashed"
    },
    {
      "_id": "662fc2742f9858ac47ff349e",
      "id": "PrunaAI/google-gemma-2b-it-HQQ-4bit-smashed",
      "likes": 0,
      "trendingScore": 0,
      "private": false,
      "downloads": 2,
      "tags": [
        "transformers",
        "gemma",
        "text-generation",
        "pruna-ai",
        "base_model:google/gemma-2b-it",
        "base_model:finetune:google/gemma-2b-it",
        "autotrain_compatible",
        "endpoints_compatible",
        "region:us"
      ],
      "pipeline_tag": "text-generation",
      "library_name": "transformers",
      "createdAt": "2024-04-29T15:53:24.000Z",
      "modelId": "PrunaAI/google-gemma-2b-it-HQQ-4bit-smashed"
    },
    {
      "_id": "662fc541644550838167648e",
      "id": "PrunaAI/google-gemma-2b-it-AWQ-4bit-smashed",
      "likes": 0,
      "trendingScore": 0,
      "private": false,
      "downloads": 2,
      "tags": [
        "transformers",
        "safetensors",
        "gemma",
        "text-generation",
        "pruna-ai",
        "conversational",
        "base_model:google/gemma-2b-it",
        "base_model:quantized:google/gemma-2b-it",
        "autotrain_compatible",
        "text-generation-inference",
        "endpoints_compatible",
        "4-bit",
        "awq",
        "region:us"
      ],
      "pipeline_tag": "text-generation",
      "library_name": "transformers",
      "createdAt": "2024-04-29T16:05:21.000Z",
      "modelId": "PrunaAI/google-gemma-2b-it-AWQ-4bit-smashed"
    }
  ]
}