{
  "items": [
    {
      "_id": "621ffdc036468d709f174971",
      "id": "Anji/roberta-base-squad2-finetuned-squad",
      "likes": 0,
      "trendingScore": 0,
      "private": false,
      "downloads": 0,
      "tags": [
        "region:us"
      ],
      "createdAt": "2022-03-02T23:29:04.000Z",
      "modelId": "Anji/roberta-base-squad2-finetuned-squad"
    },
    {
      "_id": "621ffdc036468d709f1754f2",
      "id": "Firat/roberta-base-finetuned-squad",
      "likes": 0,
      "trendingScore": 0,
      "private": false,
      "downloads": 6,
      "tags": [
        "transformers",
        "pytorch",
        "roberta",
        "question-answering",
        "generated_from_trainer",
        "dataset:squad",
        "license:mit",
        "endpoints_compatible",
        "region:us"
      ],
      "pipeline_tag": "question-answering",
      "library_name": "transformers",
      "createdAt": "2022-03-02T23:29:04.000Z",
      "modelId": "Firat/roberta-base-finetuned-squad"
    },
    {
      "_id": "621ffdc036468d709f176325",
      "id": "Khanh/xlm-roberta-base-finetuned-squad",
      "likes": 1,
      "trendingScore": 0,
      "private": false,
      "downloads": 2,
      "tags": [
        "transformers",
        "pytorch",
        "tensorboard",
        "xlm-roberta",
        "question-answering",
        "generated_from_trainer",
        "license:mit",
        "endpoints_compatible",
        "region:us"
      ],
      "pipeline_tag": "question-answering",
      "library_name": "transformers",
      "createdAt": "2022-03-02T23:29:04.000Z",
      "modelId": "Khanh/xlm-roberta-base-finetuned-squad"
    },
    {
      "_id": "621ffdc036468d709f176a17",
      "id": "Modfiededition/roberta-fine-tuned-tweet-sentiment-extractor",
      "likes": 0,
      "trendingScore": 0,
      "private": false,
      "downloads": 4,
      "tags": [
        "transformers",
        "tf",
        "roberta",
        "question-answering",
        "endpoints_compatible",
        "region:us"
      ],
      "pipeline_tag": "question-answering",
      "library_name": "transformers",
      "createdAt": "2022-03-02T23:29:04.000Z",
      "modelId": "Modfiededition/roberta-fine-tuned-tweet-sentiment-extractor"
    },
    {
      "_id": "621ffdc136468d709f1776c4",
      "id": "Stargazer9/roberta-base-squad2-finetuned-squad",
      "likes": 0,
      "trendingScore": 0,
      "private": false,
      "downloads": 0,
      "tags": [
        "region:us"
      ],
      "createdAt": "2022-03-02T23:29:05.000Z",
      "modelId": "Stargazer9/roberta-base-squad2-finetuned-squad"
    },
    {
      "_id": "621ffdc136468d709f177801",
      "id": "Teepika/roberta-base-squad2-finetuned-selqa",
      "likes": 0,
      "trendingScore": 0,
      "private": false,
      "downloads": 2,
      "tags": [
        "transformers",
        "pytorch",
        "roberta",
        "question-answering",
        "endpoints_compatible",
        "region:us"
      ],
      "pipeline_tag": "question-answering",
      "library_name": "transformers",
      "createdAt": "2022-03-02T23:29:05.000Z",
      "modelId": "Teepika/roberta-base-squad2-finetuned-selqa"
    },
    {
      "_id": "621ffdc136468d709f179032",
      "id": "anas-awadalla/roberta-base-few-shot-k-1024-finetuned-squad-seed-0",
      "likes": 0,
      "trendingScore": 0,
      "private": false,
      "downloads": 5,
      "tags": [
        "transformers",
        "pytorch",
        "roberta",
        "question-answering",
        "generated_from_trainer",
        "dataset:squad",
        "license:mit",
        "endpoints_compatible",
        "region:us"
      ],
      "pipeline_tag": "question-answering",
      "library_name": "transformers",
      "createdAt": "2022-03-02T23:29:05.000Z",
      "modelId": "anas-awadalla/roberta-base-few-shot-k-1024-finetuned-squad-seed-0"
    },
    {
      "_id": "621ffdc136468d709f179033",
      "id": "anas-awadalla/roberta-base-few-shot-k-1024-finetuned-squad-seed-10",
      "likes": 0,
      "trendingScore": 0,
      "private": false,
      "downloads": 5,
      "tags": [
        "transformers",
        "pytorch",
        "roberta",
        "question-answering",
        "generated_from_trainer",
        "dataset:squad",
        "license:mit",
        "endpoints_compatible",
        "region:us"
      ],
      "pipeline_tag": "question-answering",
      "library_name": "transformers",
      "createdAt": "2022-03-02T23:29:05.000Z",
      "modelId": "anas-awadalla/roberta-base-few-shot-k-1024-finetuned-squad-seed-10"
    },
    {
      "_id": "621ffdc136468d709f179034",
      "id": "anas-awadalla/roberta-base-few-shot-k-1024-finetuned-squad-seed-2",
      "likes": 0,
      "trendingScore": 0,
      "private": false,
      "downloads": 5,
      "tags": [
        "transformers",
        "pytorch",
        "roberta",
        "question-answering",
        "generated_from_trainer",
        "dataset:squad",
        "license:mit",
        "endpoints_compatible",
        "region:us"
      ],
      "pipeline_tag": "question-answering",
      "library_name": "transformers",
      "createdAt": "2022-03-02T23:29:05.000Z",
      "modelId": "anas-awadalla/roberta-base-few-shot-k-1024-finetuned-squad-seed-2"
    },
    {
      "_id": "621ffdc136468d709f179035",
      "id": "anas-awadalla/roberta-base-few-shot-k-1024-finetuned-squad-seed-4",
      "likes": 0,
      "trendingScore": 0,
      "private": false,
      "downloads": 7,
      "tags": [
        "transformers",
        "pytorch",
        "roberta",
        "question-answering",
        "generated_from_trainer",
        "dataset:squad",
        "license:mit",
        "endpoints_compatible",
        "region:us"
      ],
      "pipeline_tag": "question-answering",
      "library_name": "transformers",
      "createdAt": "2022-03-02T23:29:05.000Z",
      "modelId": "anas-awadalla/roberta-base-few-shot-k-1024-finetuned-squad-seed-4"
    },
    {
      "_id": "621ffdc136468d709f179036",
      "id": "anas-awadalla/roberta-base-few-shot-k-1024-finetuned-squad-seed-42",
      "likes": 0,
      "trendingScore": 0,
      "private": false,
      "downloads": 5,
      "tags": [
        "transformers",
        "pytorch",
        "tensorboard",
        "roberta",
        "question-answering",
        "generated_from_trainer",
        "dataset:squad",
        "license:mit",
        "endpoints_compatible",
        "region:us"
      ],
      "pipeline_tag": "question-answering",
      "library_name": "transformers",
      "createdAt": "2022-03-02T23:29:05.000Z",
      "modelId": "anas-awadalla/roberta-base-few-shot-k-1024-finetuned-squad-seed-42"
    },
    {
      "_id": "621ffdc136468d709f179037",
      "id": "anas-awadalla/roberta-base-few-shot-k-1024-finetuned-squad-seed-6",
      "likes": 0,
      "trendingScore": 0,
      "private": false,
      "downloads": 5,
      "tags": [
        "transformers",
        "pytorch",
        "roberta",
        "question-answering",
        "generated_from_trainer",
        "dataset:squad",
        "license:mit",
        "endpoints_compatible",
        "region:us"
      ],
      "pipeline_tag": "question-answering",
      "library_name": "transformers",
      "createdAt": "2022-03-02T23:29:05.000Z",
      "modelId": "anas-awadalla/roberta-base-few-shot-k-1024-finetuned-squad-seed-6"
    },
    {
      "_id": "621ffdc136468d709f179038",
      "id": "anas-awadalla/roberta-base-few-shot-k-1024-finetuned-squad-seed-8",
      "likes": 0,
      "trendingScore": 0,
      "private": false,
      "downloads": 5,
      "tags": [
        "transformers",
        "pytorch",
        "roberta",
        "question-answering",
        "generated_from_trainer",
        "dataset:squad",
        "license:mit",
        "endpoints_compatible",
        "region:us"
      ],
      "pipeline_tag": "question-answering",
      "library_name": "transformers",
      "createdAt": "2022-03-02T23:29:05.000Z",
      "modelId": "anas-awadalla/roberta-base-few-shot-k-1024-finetuned-squad-seed-8"
    },
    {
      "_id": "621ffdc136468d709f179039",
      "id": "anas-awadalla/roberta-base-few-shot-k-128-finetuned-squad-seed-0",
      "likes": 0,
      "trendingScore": 0,
      "private": false,
      "downloads": 7,
      "tags": [
        "transformers",
        "pytorch",
        "roberta",
        "question-answering",
        "generated_from_trainer",
        "dataset:squad",
        "license:mit",
        "endpoints_compatible",
        "region:us"
      ],
      "pipeline_tag": "question-answering",
      "library_name": "transformers",
      "createdAt": "2022-03-02T23:29:05.000Z",
      "modelId": "anas-awadalla/roberta-base-few-shot-k-128-finetuned-squad-seed-0"
    },
    {
      "_id": "621ffdc136468d709f17903a",
      "id": "anas-awadalla/roberta-base-few-shot-k-128-finetuned-squad-seed-10",
      "likes": 0,
      "trendingScore": 0,
      "private": false,
      "downloads": 5,
      "tags": [
        "transformers",
        "pytorch",
        "roberta",
        "question-answering",
        "generated_from_trainer",
        "dataset:squad",
        "license:mit",
        "endpoints_compatible",
        "region:us"
      ],
      "pipeline_tag": "question-answering",
      "library_name": "transformers",
      "createdAt": "2022-03-02T23:29:05.000Z",
      "modelId": "anas-awadalla/roberta-base-few-shot-k-128-finetuned-squad-seed-10"
    },
    {
      "_id": "621ffdc136468d709f17903b",
      "id": "anas-awadalla/roberta-base-few-shot-k-128-finetuned-squad-seed-2",
      "likes": 0,
      "trendingScore": 0,
      "private": false,
      "downloads": 5,
      "tags": [
        "transformers",
        "pytorch",
        "roberta",
        "question-answering",
        "generated_from_trainer",
        "dataset:squad",
        "license:mit",
        "endpoints_compatible",
        "region:us"
      ],
      "pipeline_tag": "question-answering",
      "library_name": "transformers",
      "createdAt": "2022-03-02T23:29:05.000Z",
      "modelId": "anas-awadalla/roberta-base-few-shot-k-128-finetuned-squad-seed-2"
    },
    {
      "_id": "621ffdc136468d709f17903c",
      "id": "anas-awadalla/roberta-base-few-shot-k-128-finetuned-squad-seed-4",
      "likes": 0,
      "trendingScore": 0,
      "private": false,
      "downloads": 3,
      "tags": [
        "transformers",
        "pytorch",
        "roberta",
        "question-answering",
        "generated_from_trainer",
        "dataset:squad",
        "license:mit",
        "endpoints_compatible",
        "region:us"
      ],
      "pipeline_tag": "question-answering",
      "library_name": "transformers",
      "createdAt": "2022-03-02T23:29:05.000Z",
      "modelId": "anas-awadalla/roberta-base-few-shot-k-128-finetuned-squad-seed-4"
    },
    {
      "_id": "621ffdc136468d709f17903d",
      "id": "anas-awadalla/roberta-base-few-shot-k-128-finetuned-squad-seed-42",
      "likes": 0,
      "trendingScore": 0,
      "private": false,
      "downloads": 8,
      "tags": [
        "transformers",
        "pytorch",
        "tensorboard",
        "roberta",
        "question-answering",
        "generated_from_trainer",
        "dataset:squad",
        "license:mit",
        "endpoints_compatible",
        "region:us"
      ],
      "pipeline_tag": "question-answering",
      "library_name": "transformers",
      "createdAt": "2022-03-02T23:29:05.000Z",
      "modelId": "anas-awadalla/roberta-base-few-shot-k-128-finetuned-squad-seed-42"
    },
    {
      "_id": "621ffdc136468d709f17903e",
      "id": "anas-awadalla/roberta-base-few-shot-k-128-finetuned-squad-seed-6",
      "likes": 0,
      "trendingScore": 0,
      "private": false,
      "downloads": 5,
      "tags": [
        "transformers",
        "pytorch",
        "roberta",
        "question-answering",
        "generated_from_trainer",
        "dataset:squad",
        "license:mit",
        "endpoints_compatible",
        "region:us"
      ],
      "pipeline_tag": "question-answering",
      "library_name": "transformers",
      "createdAt": "2022-03-02T23:29:05.000Z",
      "modelId": "anas-awadalla/roberta-base-few-shot-k-128-finetuned-squad-seed-6"
    },
    {
      "_id": "621ffdc136468d709f17903f",
      "id": "anas-awadalla/roberta-base-few-shot-k-128-finetuned-squad-seed-8",
      "likes": 0,
      "trendingScore": 0,
      "private": false,
      "downloads": 8,
      "tags": [
        "transformers",
        "pytorch",
        "roberta",
        "question-answering",
        "generated_from_trainer",
        "dataset:squad",
        "license:mit",
        "endpoints_compatible",
        "region:us"
      ],
      "pipeline_tag": "question-answering",
      "library_name": "transformers",
      "createdAt": "2022-03-02T23:29:05.000Z",
      "modelId": "anas-awadalla/roberta-base-few-shot-k-128-finetuned-squad-seed-8"
    },
    {
      "_id": "621ffdc136468d709f179040",
      "id": "anas-awadalla/roberta-base-few-shot-k-16-finetuned-squad-seed-0",
      "likes": 0,
      "trendingScore": 0,
      "private": false,
      "downloads": 8,
      "tags": [
        "transformers",
        "pytorch",
        "roberta",
        "question-answering",
        "generated_from_trainer",
        "dataset:squad",
        "license:mit",
        "endpoints_compatible",
        "region:us"
      ],
      "pipeline_tag": "question-answering",
      "library_name": "transformers",
      "createdAt": "2022-03-02T23:29:05.000Z",
      "modelId": "anas-awadalla/roberta-base-few-shot-k-16-finetuned-squad-seed-0"
    },
    {
      "_id": "621ffdc136468d709f179041",
      "id": "anas-awadalla/roberta-base-few-shot-k-16-finetuned-squad-seed-10",
      "likes": 0,
      "trendingScore": 0,
      "private": false,
      "downloads": 5,
      "tags": [
        "transformers",
        "pytorch",
        "roberta",
        "question-answering",
        "generated_from_trainer",
        "dataset:squad",
        "license:mit",
        "endpoints_compatible",
        "region:us"
      ],
      "pipeline_tag": "question-answering",
      "library_name": "transformers",
      "createdAt": "2022-03-02T23:29:05.000Z",
      "modelId": "anas-awadalla/roberta-base-few-shot-k-16-finetuned-squad-seed-10"
    },
    {
      "_id": "621ffdc136468d709f179042",
      "id": "anas-awadalla/roberta-base-few-shot-k-16-finetuned-squad-seed-2",
      "likes": 0,
      "trendingScore": 0,
      "private": false,
      "downloads": 5,
      "tags": [
        "transformers",
        "pytorch",
        "roberta",
        "question-answering",
        "generated_from_trainer",
        "dataset:squad",
        "license:mit",
        "endpoints_compatible",
        "region:us"
      ],
      "pipeline_tag": "question-answering",
      "library_name": "transformers",
      "createdAt": "2022-03-02T23:29:05.000Z",
      "modelId": "anas-awadalla/roberta-base-few-shot-k-16-finetuned-squad-seed-2"
    },
    {
      "_id": "621ffdc136468d709f179043",
      "id": "anas-awadalla/roberta-base-few-shot-k-16-finetuned-squad-seed-4",
      "likes": 0,
      "trendingScore": 0,
      "private": false,
      "downloads": 5,
      "tags": [
        "transformers",
        "pytorch",
        "roberta",
        "question-answering",
        "generated_from_trainer",
        "dataset:squad",
        "license:mit",
        "endpoints_compatible",
        "region:us"
      ],
      "pipeline_tag": "question-answering",
      "library_name": "transformers",
      "createdAt": "2022-03-02T23:29:05.000Z",
      "modelId": "anas-awadalla/roberta-base-few-shot-k-16-finetuned-squad-seed-4"
    },
    {
      "_id": "621ffdc136468d709f179044",
      "id": "anas-awadalla/roberta-base-few-shot-k-16-finetuned-squad-seed-42",
      "likes": 0,
      "trendingScore": 0,
      "private": false,
      "downloads": 7,
      "tags": [
        "transformers",
        "pytorch",
        "tensorboard",
        "roberta",
        "question-answering",
        "generated_from_trainer",
        "dataset:squad",
        "license:mit",
        "endpoints_compatible",
        "region:us"
      ],
      "pipeline_tag": "question-answering",
      "library_name": "transformers",
      "createdAt": "2022-03-02T23:29:05.000Z",
      "modelId": "anas-awadalla/roberta-base-few-shot-k-16-finetuned-squad-seed-42"
    },
    {
      "_id": "621ffdc136468d709f179045",
      "id": "anas-awadalla/roberta-base-few-shot-k-16-finetuned-squad-seed-6",
      "likes": 0,
      "trendingScore": 0,
      "private": false,
      "downloads": 5,
      "tags": [
        "transformers",
        "pytorch",
        "roberta",
        "question-answering",
        "generated_from_trainer",
        "dataset:squad",
        "license:mit",
        "endpoints_compatible",
        "region:us"
      ],
      "pipeline_tag": "question-answering",
      "library_name": "transformers",
      "createdAt": "2022-03-02T23:29:05.000Z",
      "modelId": "anas-awadalla/roberta-base-few-shot-k-16-finetuned-squad-seed-6"
    },
    {
      "_id": "621ffdc136468d709f179046",
      "id": "anas-awadalla/roberta-base-few-shot-k-16-finetuned-squad-seed-8",
      "likes": 0,
      "trendingScore": 0,
      "private": false,
      "downloads": 5,
      "tags": [
        "transformers",
        "pytorch",
        "roberta",
        "question-answering",
        "generated_from_trainer",
        "dataset:squad",
        "license:mit",
        "endpoints_compatible",
        "region:us"
      ],
      "pipeline_tag": "question-answering",
      "library_name": "transformers",
      "createdAt": "2022-03-02T23:29:05.000Z",
      "modelId": "anas-awadalla/roberta-base-few-shot-k-16-finetuned-squad-seed-8"
    },
    {
      "_id": "621ffdc136468d709f179047",
      "id": "anas-awadalla/roberta-base-few-shot-k-256-finetuned-squad-seed-0",
      "likes": 0,
      "trendingScore": 0,
      "private": false,
      "downloads": 7,
      "tags": [
        "transformers",
        "pytorch",
        "roberta",
        "question-answering",
        "generated_from_trainer",
        "dataset:squad",
        "license:mit",
        "endpoints_compatible",
        "region:us"
      ],
      "pipeline_tag": "question-answering",
      "library_name": "transformers",
      "createdAt": "2022-03-02T23:29:05.000Z",
      "modelId": "anas-awadalla/roberta-base-few-shot-k-256-finetuned-squad-seed-0"
    },
    {
      "_id": "621ffdc136468d709f179048",
      "id": "anas-awadalla/roberta-base-few-shot-k-256-finetuned-squad-seed-10",
      "likes": 0,
      "trendingScore": 0,
      "private": false,
      "downloads": 6,
      "tags": [
        "transformers",
        "pytorch",
        "roberta",
        "question-answering",
        "generated_from_trainer",
        "dataset:squad",
        "license:mit",
        "endpoints_compatible",
        "region:us"
      ],
      "pipeline_tag": "question-answering",
      "library_name": "transformers",
      "createdAt": "2022-03-02T23:29:05.000Z",
      "modelId": "anas-awadalla/roberta-base-few-shot-k-256-finetuned-squad-seed-10"
    },
    {
      "_id": "621ffdc136468d709f179049",
      "id": "anas-awadalla/roberta-base-few-shot-k-256-finetuned-squad-seed-2",
      "likes": 0,
      "trendingScore": 0,
      "private": false,
      "downloads": 5,
      "tags": [
        "transformers",
        "pytorch",
        "roberta",
        "question-answering",
        "generated_from_trainer",
        "dataset:squad",
        "license:mit",
        "endpoints_compatible",
        "region:us"
      ],
      "pipeline_tag": "question-answering",
      "library_name": "transformers",
      "createdAt": "2022-03-02T23:29:05.000Z",
      "modelId": "anas-awadalla/roberta-base-few-shot-k-256-finetuned-squad-seed-2"
    },
    {
      "_id": "621ffdc136468d709f17904a",
      "id": "anas-awadalla/roberta-base-few-shot-k-256-finetuned-squad-seed-4",
      "likes": 0,
      "trendingScore": 0,
      "private": false,
      "downloads": 5,
      "tags": [
        "transformers",
        "pytorch",
        "roberta",
        "question-answering",
        "generated_from_trainer",
        "dataset:squad",
        "license:mit",
        "endpoints_compatible",
        "region:us"
      ],
      "pipeline_tag": "question-answering",
      "library_name": "transformers",
      "createdAt": "2022-03-02T23:29:05.000Z",
      "modelId": "anas-awadalla/roberta-base-few-shot-k-256-finetuned-squad-seed-4"
    },
    {
      "_id": "621ffdc136468d709f17904b",
      "id": "anas-awadalla/roberta-base-few-shot-k-256-finetuned-squad-seed-6",
      "likes": 0,
      "trendingScore": 0,
      "private": false,
      "downloads": 4,
      "tags": [
        "transformers",
        "pytorch",
        "roberta",
        "question-answering",
        "generated_from_trainer",
        "dataset:squad",
        "license:mit",
        "endpoints_compatible",
        "region:us"
      ],
      "pipeline_tag": "question-answering",
      "library_name": "transformers",
      "createdAt": "2022-03-02T23:29:05.000Z",
      "modelId": "anas-awadalla/roberta-base-few-shot-k-256-finetuned-squad-seed-6"
    },
    {
      "_id": "621ffdc136468d709f17904c",
      "id": "anas-awadalla/roberta-base-few-shot-k-256-finetuned-squad-seed-8",
      "likes": 0,
      "trendingScore": 0,
      "private": false,
      "downloads": 5,
      "tags": [
        "transformers",
        "pytorch",
        "roberta",
        "question-answering",
        "generated_from_trainer",
        "dataset:squad",
        "license:mit",
        "endpoints_compatible",
        "region:us"
      ],
      "pipeline_tag": "question-answering",
      "library_name": "transformers",
      "createdAt": "2022-03-02T23:29:05.000Z",
      "modelId": "anas-awadalla/roberta-base-few-shot-k-256-finetuned-squad-seed-8"
    },
    {
      "_id": "621ffdc136468d709f17904d",
      "id": "anas-awadalla/roberta-base-few-shot-k-32-finetuned-squad-seed-0",
      "likes": 0,
      "trendingScore": 0,
      "private": false,
      "downloads": 5,
      "tags": [
        "transformers",
        "pytorch",
        "roberta",
        "question-answering",
        "generated_from_trainer",
        "dataset:squad",
        "license:mit",
        "endpoints_compatible",
        "region:us"
      ],
      "pipeline_tag": "question-answering",
      "library_name": "transformers",
      "createdAt": "2022-03-02T23:29:05.000Z",
      "modelId": "anas-awadalla/roberta-base-few-shot-k-32-finetuned-squad-seed-0"
    },
    {
      "_id": "621ffdc136468d709f17904e",
      "id": "anas-awadalla/roberta-base-few-shot-k-32-finetuned-squad-seed-10",
      "likes": 0,
      "trendingScore": 0,
      "private": false,
      "downloads": 6,
      "tags": [
        "transformers",
        "pytorch",
        "roberta",
        "question-answering",
        "generated_from_trainer",
        "dataset:squad",
        "license:mit",
        "endpoints_compatible",
        "region:us"
      ],
      "pipeline_tag": "question-answering",
      "library_name": "transformers",
      "createdAt": "2022-03-02T23:29:05.000Z",
      "modelId": "anas-awadalla/roberta-base-few-shot-k-32-finetuned-squad-seed-10"
    },
    {
      "_id": "621ffdc136468d709f17904f",
      "id": "anas-awadalla/roberta-base-few-shot-k-32-finetuned-squad-seed-2",
      "likes": 0,
      "trendingScore": 0,
      "private": false,
      "downloads": 7,
      "tags": [
        "transformers",
        "pytorch",
        "roberta",
        "question-answering",
        "generated_from_trainer",
        "dataset:squad",
        "license:mit",
        "endpoints_compatible",
        "region:us"
      ],
      "pipeline_tag": "question-answering",
      "library_name": "transformers",
      "createdAt": "2022-03-02T23:29:05.000Z",
      "modelId": "anas-awadalla/roberta-base-few-shot-k-32-finetuned-squad-seed-2"
    },
    {
      "_id": "621ffdc136468d709f179050",
      "id": "anas-awadalla/roberta-base-few-shot-k-32-finetuned-squad-seed-4",
      "likes": 0,
      "trendingScore": 0,
      "private": false,
      "downloads": 4,
      "tags": [
        "transformers",
        "pytorch",
        "roberta",
        "question-answering",
        "generated_from_trainer",
        "dataset:squad",
        "license:mit",
        "endpoints_compatible",
        "region:us"
      ],
      "pipeline_tag": "question-answering",
      "library_name": "transformers",
      "createdAt": "2022-03-02T23:29:05.000Z",
      "modelId": "anas-awadalla/roberta-base-few-shot-k-32-finetuned-squad-seed-4"
    },
    {
      "_id": "621ffdc136468d709f179051",
      "id": "anas-awadalla/roberta-base-few-shot-k-32-finetuned-squad-seed-6",
      "likes": 0,
      "trendingScore": 0,
      "private": false,
      "downloads": 3,
      "tags": [
        "transformers",
        "pytorch",
        "roberta",
        "question-answering",
        "generated_from_trainer",
        "dataset:squad",
        "license:mit",
        "endpoints_compatible",
        "region:us"
      ],
      "pipeline_tag": "question-answering",
      "library_name": "transformers",
      "createdAt": "2022-03-02T23:29:05.000Z",
      "modelId": "anas-awadalla/roberta-base-few-shot-k-32-finetuned-squad-seed-6"
    },
    {
      "_id": "621ffdc136468d709f179052",
      "id": "anas-awadalla/roberta-base-few-shot-k-32-finetuned-squad-seed-8",
      "likes": 0,
      "trendingScore": 0,
      "private": false,
      "downloads": 3,
      "tags": [
        "transformers",
        "pytorch",
        "roberta",
        "question-answering",
        "generated_from_trainer",
        "dataset:squad",
        "license:mit",
        "endpoints_compatible",
        "region:us"
      ],
      "pipeline_tag": "question-answering",
      "library_name": "transformers",
      "createdAt": "2022-03-02T23:29:05.000Z",
      "modelId": "anas-awadalla/roberta-base-few-shot-k-32-finetuned-squad-seed-8"
    },
    {
      "_id": "621ffdc136468d709f179053",
      "id": "anas-awadalla/roberta-base-few-shot-k-512-finetuned-squad-seed-0",
      "likes": 0,
      "trendingScore": 0,
      "private": false,
      "downloads": 3,
      "tags": [
        "transformers",
        "pytorch",
        "roberta",
        "question-answering",
        "generated_from_trainer",
        "dataset:squad",
        "license:mit",
        "endpoints_compatible",
        "region:us"
      ],
      "pipeline_tag": "question-answering",
      "library_name": "transformers",
      "createdAt": "2022-03-02T23:29:05.000Z",
      "modelId": "anas-awadalla/roberta-base-few-shot-k-512-finetuned-squad-seed-0"
    },
    {
      "_id": "621ffdc136468d709f179054",
      "id": "anas-awadalla/roberta-base-few-shot-k-512-finetuned-squad-seed-10",
      "likes": 0,
      "trendingScore": 0,
      "private": false,
      "downloads": 3,
      "tags": [
        "transformers",
        "pytorch",
        "roberta",
        "question-answering",
        "generated_from_trainer",
        "dataset:squad",
        "license:mit",
        "endpoints_compatible",
        "region:us"
      ],
      "pipeline_tag": "question-answering",
      "library_name": "transformers",
      "createdAt": "2022-03-02T23:29:05.000Z",
      "modelId": "anas-awadalla/roberta-base-few-shot-k-512-finetuned-squad-seed-10"
    },
    {
      "_id": "621ffdc136468d709f179055",
      "id": "anas-awadalla/roberta-base-few-shot-k-512-finetuned-squad-seed-2",
      "likes": 0,
      "trendingScore": 0,
      "private": false,
      "downloads": 3,
      "tags": [
        "transformers",
        "pytorch",
        "roberta",
        "question-answering",
        "generated_from_trainer",
        "dataset:squad",
        "license:mit",
        "endpoints_compatible",
        "region:us"
      ],
      "pipeline_tag": "question-answering",
      "library_name": "transformers",
      "createdAt": "2022-03-02T23:29:05.000Z",
      "modelId": "anas-awadalla/roberta-base-few-shot-k-512-finetuned-squad-seed-2"
    },
    {
      "_id": "621ffdc136468d709f179056",
      "id": "anas-awadalla/roberta-base-few-shot-k-512-finetuned-squad-seed-4",
      "likes": 0,
      "trendingScore": 0,
      "private": false,
      "downloads": 2,
      "tags": [
        "transformers",
        "pytorch",
        "roberta",
        "question-answering",
        "generated_from_trainer",
        "dataset:squad",
        "license:mit",
        "endpoints_compatible",
        "region:us"
      ],
      "pipeline_tag": "question-answering",
      "library_name": "transformers",
      "createdAt": "2022-03-02T23:29:05.000Z",
      "modelId": "anas-awadalla/roberta-base-few-shot-k-512-finetuned-squad-seed-4"
    },
    {
      "_id": "621ffdc136468d709f179057",
      "id": "anas-awadalla/roberta-base-few-shot-k-512-finetuned-squad-seed-6",
      "likes": 0,
      "trendingScore": 0,
      "private": false,
      "downloads": 3,
      "tags": [
        "transformers",
        "pytorch",
        "roberta",
        "question-answering",
        "generated_from_trainer",
        "dataset:squad",
        "license:mit",
        "endpoints_compatible",
        "region:us"
      ],
      "pipeline_tag": "question-answering",
      "library_name": "transformers",
      "createdAt": "2022-03-02T23:29:05.000Z",
      "modelId": "anas-awadalla/roberta-base-few-shot-k-512-finetuned-squad-seed-6"
    },
    {
      "_id": "621ffdc136468d709f179058",
      "id": "anas-awadalla/roberta-base-few-shot-k-512-finetuned-squad-seed-8",
      "likes": 0,
      "trendingScore": 0,
      "private": false,
      "downloads": 3,
      "tags": [
        "transformers",
        "pytorch",
        "roberta",
        "question-answering",
        "generated_from_trainer",
        "dataset:squad",
        "license:mit",
        "endpoints_compatible",
        "region:us"
      ],
      "pipeline_tag": "question-answering",
      "library_name": "transformers",
      "createdAt": "2022-03-02T23:29:05.000Z",
      "modelId": "anas-awadalla/roberta-base-few-shot-k-512-finetuned-squad-seed-8"
    },
    {
      "_id": "621ffdc136468d709f179059",
      "id": "anas-awadalla/roberta-base-few-shot-k-64-finetuned-squad-seed-0",
      "likes": 0,
      "trendingScore": 0,
      "private": false,
      "downloads": 3,
      "tags": [
        "transformers",
        "pytorch",
        "roberta",
        "question-answering",
        "generated_from_trainer",
        "dataset:squad",
        "license:mit",
        "endpoints_compatible",
        "region:us"
      ],
      "pipeline_tag": "question-answering",
      "library_name": "transformers",
      "createdAt": "2022-03-02T23:29:05.000Z",
      "modelId": "anas-awadalla/roberta-base-few-shot-k-64-finetuned-squad-seed-0"
    },
    {
      "_id": "621ffdc136468d709f17905a",
      "id": "anas-awadalla/roberta-base-few-shot-k-64-finetuned-squad-seed-10",
      "likes": 0,
      "trendingScore": 0,
      "private": false,
      "downloads": 3,
      "tags": [
        "transformers",
        "pytorch",
        "roberta",
        "question-answering",
        "generated_from_trainer",
        "dataset:squad",
        "license:mit",
        "endpoints_compatible",
        "region:us"
      ],
      "pipeline_tag": "question-answering",
      "library_name": "transformers",
      "createdAt": "2022-03-02T23:29:05.000Z",
      "modelId": "anas-awadalla/roberta-base-few-shot-k-64-finetuned-squad-seed-10"
    },
    {
      "_id": "621ffdc136468d709f17905b",
      "id": "anas-awadalla/roberta-base-few-shot-k-64-finetuned-squad-seed-2",
      "likes": 0,
      "trendingScore": 0,
      "private": false,
      "downloads": 3,
      "tags": [
        "transformers",
        "pytorch",
        "roberta",
        "question-answering",
        "generated_from_trainer",
        "dataset:squad",
        "license:mit",
        "endpoints_compatible",
        "region:us"
      ],
      "pipeline_tag": "question-answering",
      "library_name": "transformers",
      "createdAt": "2022-03-02T23:29:05.000Z",
      "modelId": "anas-awadalla/roberta-base-few-shot-k-64-finetuned-squad-seed-2"
    },
    {
      "_id": "621ffdc136468d709f17905c",
      "id": "anas-awadalla/roberta-base-few-shot-k-64-finetuned-squad-seed-4",
      "likes": 0,
      "trendingScore": 0,
      "private": false,
      "downloads": 3,
      "tags": [
        "transformers",
        "pytorch",
        "roberta",
        "question-answering",
        "generated_from_trainer",
        "dataset:squad",
        "license:mit",
        "endpoints_compatible",
        "region:us"
      ],
      "pipeline_tag": "question-answering",
      "library_name": "transformers",
      "createdAt": "2022-03-02T23:29:05.000Z",
      "modelId": "anas-awadalla/roberta-base-few-shot-k-64-finetuned-squad-seed-4"
    },
    {
      "_id": "621ffdc136468d709f17905d",
      "id": "anas-awadalla/roberta-base-few-shot-k-64-finetuned-squad-seed-6",
      "likes": 0,
      "trendingScore": 0,
      "private": false,
      "downloads": 3,
      "tags": [
        "transformers",
        "pytorch",
        "roberta",
        "question-answering",
        "generated_from_trainer",
        "dataset:squad",
        "license:mit",
        "endpoints_compatible",
        "region:us"
      ],
      "pipeline_tag": "question-answering",
      "library_name": "transformers",
      "createdAt": "2022-03-02T23:29:05.000Z",
      "modelId": "anas-awadalla/roberta-base-few-shot-k-64-finetuned-squad-seed-6"
    }
  ]
}