{
  "items": [
    {
      "_id": "65f3c5d0071893380490517e",
      "id": "SpicyqSama007/nltk_data",
      "likes": 0,
      "trendingScore": 0,
      "private": false,
      "downloads": 0,
      "tags": [
        "license:apache-2.0",
        "region:us"
      ],
      "createdAt": "2024-03-15T03:51:44.000Z",
      "modelId": "SpicyqSama007/nltk_data"
    },
    {
      "_id": "66891798b8e91b9dcda23cf5",
      "id": "wenliang001/nltk_data",
      "likes": 0,
      "trendingScore": 0,
      "private": false,
      "downloads": 0,
      "tags": [
        "license:apache-2.0",
        "region:us"
      ],
      "createdAt": "2024-07-06T10:08:24.000Z",
      "modelId": "wenliang001/nltk_data"
    },
    {
      "_id": "67340827fcbb9cf834cb08d9",
      "id": "housearch/nltk_data",
      "likes": 0,
      "trendingScore": 0,
      "private": false,
      "downloads": 0,
      "tags": [
        "license:apache-2.0",
        "region:us"
      ],
      "createdAt": "2024-11-13T02:00:07.000Z",
      "modelId": "housearch/nltk_data"
    },
    {
      "_id": "67de2ab4bc3c3533c51c58a1",
      "id": "zswzswzsw/nltk_data",
      "likes": 0,
      "trendingScore": 0,
      "private": false,
      "downloads": 0,
      "tags": [
        "region:us"
      ],
      "createdAt": "2025-03-22T03:12:52.000Z",
      "modelId": "zswzswzsw/nltk_data"
    }
  ]
}