{
  "items": [
    {
      "_id": "62f950ae566823f190095be8",
      "id": "Dimitre/universal-sentence-encoder",
      "likes": 14,
      "trendingScore": 0,
      "private": false,
      "downloads": 0,
      "tags": [
        "tfhub",
        "tf-keras",
        "text",
        "sentence-similarity",
        "use",
        "universal-sentence-encoder",
        "dan",
        "tensorflow",
        "en",
        "license:apache-2.0",
        "region:us"
      ],
      "pipeline_tag": "sentence-similarity",
      "library_name": "tfhub",
      "createdAt": "2022-08-14T19:44:46.000Z",
      "modelId": "Dimitre/universal-sentence-encoder"
    },
    {
      "_id": "644561980f2fc80feb26bdae",
      "id": "vprelovac/universal-sentence-encoder-multilingual-large-3",
      "likes": 0,
      "trendingScore": 0,
      "private": false,
      "downloads": 0,
      "tags": [
        "mteb",
        "model-index",
        "region:us"
      ],
      "createdAt": "2023-04-23T16:49:28.000Z",
      "modelId": "vprelovac/universal-sentence-encoder-multilingual-large-3"
    },
    {
      "_id": "6445f60753ecc52f50fbeb93",
      "id": "vprelovac/universal-sentence-encoder-multilingual-3",
      "likes": 0,
      "trendingScore": 0,
      "private": false,
      "downloads": 0,
      "tags": [
        "mteb",
        "model-index",
        "region:us"
      ],
      "createdAt": "2023-04-24T03:22:47.000Z",
      "modelId": "vprelovac/universal-sentence-encoder-multilingual-3"
    },
    {
      "_id": "6445f63f53ecc52f50fbefc3",
      "id": "vprelovac/universal-sentence-encoder-4",
      "likes": 0,
      "trendingScore": 0,
      "private": false,
      "downloads": 0,
      "tags": [
        "mteb",
        "model-index",
        "region:us"
      ],
      "createdAt": "2023-04-24T03:23:43.000Z",
      "modelId": "vprelovac/universal-sentence-encoder-4"
    },
    {
      "_id": "6445f64a53ecc52f50fbf091",
      "id": "vprelovac/universal-sentence-encoder-large-5",
      "likes": 1,
      "trendingScore": 0,
      "private": false,
      "downloads": 0,
      "tags": [
        "mteb",
        "model-index",
        "region:us"
      ],
      "createdAt": "2023-04-24T03:23:54.000Z",
      "modelId": "vprelovac/universal-sentence-encoder-large-5"
    },
    {
      "_id": "6512f16cf60393414af64164",
      "id": "hfarwah/universal-sentence-encoder",
      "likes": 0,
      "trendingScore": 0,
      "private": false,
      "downloads": 5,
      "tags": [
        "tf-keras",
        "license:mit",
        "endpoints_compatible",
        "region:us"
      ],
      "library_name": "tf-keras",
      "createdAt": "2023-09-26T14:57:48.000Z",
      "modelId": "hfarwah/universal-sentence-encoder"
    },
    {
      "_id": "651617fa6f8a6fa0d98d0aca",
      "id": "SamLowe/universal-sentence-encoder-multilingual-3-onnx",
      "likes": 4,
      "trendingScore": 0,
      "private": false,
      "downloads": 0,
      "tags": [
        "onnx",
        "feature-extraction",
        "use",
        "text-embedding",
        "tensorflow-hub",
        "en",
        "ar",
        "zh",
        "fr",
        "de",
        "it",
        "ja",
        "ko",
        "nl",
        "pl",
        "pt",
        "es",
        "th",
        "tr",
        "ru",
        "license:apache-2.0",
        "region:us"
      ],
      "pipeline_tag": "feature-extraction",
      "createdAt": "2023-09-29T00:19:06.000Z",
      "modelId": "SamLowe/universal-sentence-encoder-multilingual-3-onnx"
    },
    {
      "_id": "65161944ff0ecf2255ffef50",
      "id": "SamLowe/universal-sentence-encoder-large-5-onnx",
      "likes": 2,
      "trendingScore": 0,
      "private": false,
      "downloads": 0,
      "tags": [
        "onnx",
        "feature-extraction",
        "use",
        "text-embedding",
        "tensorflow-hub",
        "en",
        "license:apache-2.0",
        "region:us"
      ],
      "pipeline_tag": "feature-extraction",
      "createdAt": "2023-09-29T00:24:36.000Z",
      "modelId": "SamLowe/universal-sentence-encoder-large-5-onnx"
    },
    {
      "_id": "653ad41ee935ed58810d3f55",
      "id": "WiseIntelligence/universal-sentence-encoder-multilingual-3-onnx-quantized",
      "likes": 0,
      "trendingScore": 0,
      "private": false,
      "downloads": 0,
      "tags": [
        "onnx",
        "region:us"
      ],
      "createdAt": "2023-10-26T21:03:26.000Z",
      "modelId": "WiseIntelligence/universal-sentence-encoder-multilingual-3-onnx-quantized"
    },
    {
      "_id": "664d07cf9543c9c6e9733759",
      "id": "dayyass/universal-sentence-encoder-multilingual-large-3-pytorch",
      "likes": 14,
      "trendingScore": 0,
      "private": false,
      "downloads": 0,
      "tags": [
        "sentence-transformers",
        "onnx",
        "mteb",
        "Sentence Transformers",
        "sentence-similarity",
        "arxiv:1803.11175",
        "arxiv:1907.04307",
        "feature-extraction",
        "en",
        "ru",
        "ar",
        "zh",
        "fr",
        "de",
        "it",
        "ja",
        "ko",
        "nl",
        "pl",
        "pt",
        "es",
        "th",
        "tr",
        "license:mit",
        "autotrain_compatible",
        "endpoints_compatible",
        "region:us"
      ],
      "pipeline_tag": "feature-extraction",
      "library_name": "sentence-transformers",
      "createdAt": "2024-05-21T20:45:03.000Z",
      "modelId": "dayyass/universal-sentence-encoder-multilingual-large-3-pytorch"
    }
  ]
}