{
  "items": [
    {
      "_id": "621ffdc136468d709f17b611",
      "id": "google/bigbird-pegasus-large-arxiv",
      "likes": 64,
      "trendingScore": 1,
      "private": false,
      "downloads": 5275,
      "tags": [
        "transformers",
        "pytorch",
        "bigbird_pegasus",
        "text2text-generation",
        "summarization",
        "en",
        "dataset:scientific_papers",
        "arxiv:2007.14062",
        "license:apache-2.0",
        "model-index",
        "endpoints_compatible",
        "region:us"
      ],
      "pipeline_tag": "summarization",
      "library_name": "transformers",
      "createdAt": "2022-03-02T23:29:05.000Z",
      "modelId": "google/bigbird-pegasus-large-arxiv"
    },
    {
      "_id": "621ffdc036468d709f175374",
      "id": "Edwardlzy/pegasus-large-finetuned-xsum",
      "likes": 0,
      "trendingScore": 0,
      "private": false,
      "downloads": 0,
      "tags": [
        "region:us"
      ],
      "createdAt": "2022-03-02T23:29:04.000Z",
      "modelId": "Edwardlzy/pegasus-large-finetuned-xsum"
    },
    {
      "_id": "621ffdc136468d709f177686",
      "id": "SophieTr/fine-tune-Pegasus-large",
      "likes": 1,
      "trendingScore": 0,
      "private": false,
      "downloads": 2,
      "tags": [
        "transformers",
        "pytorch",
        "pegasus",
        "text2text-generation",
        "generated_from_trainer",
        "endpoints_compatible",
        "region:us"
      ],
      "library_name": "transformers",
      "createdAt": "2022-03-02T23:29:05.000Z",
      "modelId": "SophieTr/fine-tune-Pegasus-large"
    },
    {
      "_id": "621ffdc136468d709f178ef4",
      "id": "alvinwatner/pegasus-large-qg-squad-alpha-interro",
      "likes": 0,
      "trendingScore": 0,
      "private": false,
      "downloads": 9,
      "tags": [
        "transformers",
        "pytorch",
        "jax",
        "tensorboard",
        "pegasus",
        "text2text-generation",
        "endpoints_compatible",
        "region:us"
      ],
      "library_name": "transformers",
      "createdAt": "2022-03-02T23:29:05.000Z",
      "modelId": "alvinwatner/pegasus-large-qg-squad-alpha-interro"
    },
    {
      "_id": "621ffdc136468d709f178ef5",
      "id": "alvinwatner/pegasus-large-qg-squad",
      "likes": 0,
      "trendingScore": 0,
      "private": false,
      "downloads": 2,
      "tags": [
        "transformers",
        "jax",
        "tensorboard",
        "pegasus",
        "text2text-generation",
        "endpoints_compatible",
        "region:us"
      ],
      "library_name": "transformers",
      "createdAt": "2022-03-02T23:29:05.000Z",
      "modelId": "alvinwatner/pegasus-large-qg-squad"
    },
    {
      "_id": "621ffdc136468d709f179ec3",
      "id": "ccdv/lsg-pegasus-large-4096",
      "likes": 0,
      "trendingScore": 0,
      "private": false,
      "downloads": 12,
      "tags": [
        "transformers",
        "pytorch",
        "pegasus",
        "text2text-generation",
        "summarization",
        "long context",
        "fill-mask",
        "custom_code",
        "en",
        "arxiv:2210.15497",
        "arxiv:1912.08777",
        "region:us"
      ],
      "pipeline_tag": "fill-mask",
      "library_name": "transformers",
      "createdAt": "2022-03-02T23:29:05.000Z",
      "modelId": "ccdv/lsg-pegasus-large-4096"
    },
    {
      "_id": "621ffdc136468d709f179fbe",
      "id": "chinhon/pegasus-large-commentaries_hd",
      "likes": 0,
      "trendingScore": 0,
      "private": false,
      "downloads": 1,
      "tags": [
        "transformers",
        "pytorch",
        "tensorboard",
        "pegasus",
        "text2text-generation",
        "generated_from_trainer",
        "base_model:google/pegasus-large",
        "base_model:finetune:google/pegasus-large",
        "endpoints_compatible",
        "region:us"
      ],
      "library_name": "transformers",
      "createdAt": "2022-03-02T23:29:05.000Z",
      "modelId": "chinhon/pegasus-large-commentaries_hd"
    },
    {
      "_id": "621ffdc136468d709f17a118",
      "id": "cnicu/pegasus-large-booksum",
      "likes": 0,
      "trendingScore": 0,
      "private": false,
      "downloads": 3,
      "tags": [
        "transformers",
        "pytorch",
        "pegasus",
        "text2text-generation",
        "summarization",
        "dataset:kmfoda/booksum",
        "license:mit",
        "endpoints_compatible",
        "region:us"
      ],
      "pipeline_tag": "summarization",
      "library_name": "transformers",
      "createdAt": "2022-03-02T23:29:05.000Z",
      "modelId": "cnicu/pegasus-large-booksum"
    },
    {
      "_id": "621ffdc136468d709f17b612",
      "id": "google/bigbird-pegasus-large-bigpatent",
      "likes": 40,
      "trendingScore": 0,
      "private": false,
      "downloads": 654,
      "tags": [
        "transformers",
        "pytorch",
        "bigbird_pegasus",
        "text2text-generation",
        "summarization",
        "en",
        "dataset:big_patent",
        "arxiv:2007.14062",
        "license:apache-2.0",
        "endpoints_compatible",
        "region:us"
      ],
      "pipeline_tag": "summarization",
      "library_name": "transformers",
      "createdAt": "2022-03-02T23:29:05.000Z",
      "modelId": "google/bigbird-pegasus-large-bigpatent"
    },
    {
      "_id": "621ffdc136468d709f17b613",
      "id": "google/bigbird-pegasus-large-pubmed",
      "likes": 47,
      "trendingScore": 0,
      "private": false,
      "downloads": 639,
      "tags": [
        "transformers",
        "pytorch",
        "bigbird_pegasus",
        "text2text-generation",
        "summarization",
        "en",
        "dataset:scientific_papers",
        "arxiv:2007.14062",
        "license:apache-2.0",
        "model-index",
        "endpoints_compatible",
        "region:us"
      ],
      "pipeline_tag": "summarization",
      "library_name": "transformers",
      "createdAt": "2022-03-02T23:29:05.000Z",
      "modelId": "google/bigbird-pegasus-large-pubmed"
    },
    {
      "_id": "621ffdc136468d709f17b6dd",
      "id": "google/pegasus-large",
      "likes": 103,
      "trendingScore": 0,
      "private": false,
      "downloads": 42275,
      "tags": [
        "transformers",
        "pytorch",
        "tf",
        "jax",
        "pegasus",
        "text2text-generation",
        "summarization",
        "en",
        "arxiv:1912.08777",
        "endpoints_compatible",
        "region:us"
      ],
      "pipeline_tag": "summarization",
      "library_name": "transformers",
      "createdAt": "2022-03-02T23:29:05.000Z",
      "modelId": "google/pegasus-large"
    },
    {
      "_id": "621ffdc136468d709f17ce42",
      "id": "jpcorb20/pegasus-large-reddit_tifu-samsum-256",
      "likes": 0,
      "trendingScore": 0,
      "private": false,
      "downloads": 5,
      "tags": [
        "transformers",
        "pytorch",
        "pegasus",
        "text2text-generation",
        "google/pegasus-reddit_tifu",
        "summarization",
        "samsum",
        "en",
        "dataset:samsum",
        "endpoints_compatible",
        "region:us"
      ],
      "pipeline_tag": "summarization",
      "library_name": "transformers",
      "createdAt": "2022-03-02T23:29:05.000Z",
      "modelId": "jpcorb20/pegasus-large-reddit_tifu-samsum-256"
    },
    {
      "_id": "621ffdc136468d709f17ce43",
      "id": "jpcorb20/pegasus-large-reddit_tifu-samsum-512",
      "likes": 0,
      "trendingScore": 0,
      "private": false,
      "downloads": 7,
      "tags": [
        "transformers",
        "pytorch",
        "pegasus",
        "text2text-generation",
        "google/pegasus-reddit_tifu",
        "summarization",
        "samsum",
        "en",
        "dataset:samsum",
        "endpoints_compatible",
        "region:us"
      ],
      "pipeline_tag": "summarization",
      "library_name": "transformers",
      "createdAt": "2022-03-02T23:29:05.000Z",
      "modelId": "jpcorb20/pegasus-large-reddit_tifu-samsum-512"
    },
    {
      "_id": "621ffdc136468d709f17d404",
      "id": "kshrestha/pegasus-large-finetuned-xsum",
      "likes": 0,
      "trendingScore": 0,
      "private": false,
      "downloads": 0,
      "tags": [
        "region:us"
      ],
      "createdAt": "2022-03-02T23:29:05.000Z",
      "modelId": "kshrestha/pegasus-large-finetuned-xsum"
    },
    {
      "_id": "621ffdc136468d709f17d405",
      "id": "kshrestha/pegasus-large",
      "likes": 0,
      "trendingScore": 0,
      "private": false,
      "downloads": 0,
      "tags": [
        "region:us"
      ],
      "createdAt": "2022-03-02T23:29:05.000Z",
      "modelId": "kshrestha/pegasus-large"
    },
    {
      "_id": "621ffdc136468d709f17dd50",
      "id": "mayu0007/pegasus_large_covid",
      "likes": 1,
      "trendingScore": 0,
      "private": false,
      "downloads": 4,
      "tags": [
        "transformers",
        "pytorch",
        "pegasus",
        "text2text-generation",
        "summarization",
        "en",
        "dataset:CORD-19",
        "arxiv:1912.08777",
        "endpoints_compatible",
        "region:us"
      ],
      "pipeline_tag": "summarization",
      "library_name": "transformers",
      "createdAt": "2022-03-02T23:29:05.000Z",
      "modelId": "mayu0007/pegasus_large_covid"
    },
    {
      "_id": "621ffdc136468d709f17e37d",
      "id": "mse30/pegasus-large-finetuned-xsum",
      "likes": 0,
      "trendingScore": 0,
      "private": false,
      "downloads": 0,
      "tags": [
        "region:us"
      ],
      "createdAt": "2022-03-02T23:29:05.000Z",
      "modelId": "mse30/pegasus-large-finetuned-xsum"
    },
    {
      "_id": "621ffdc136468d709f17f0d1",
      "id": "pszemraj/bigbird-pegasus-large-K-booksum",
      "likes": 6,
      "trendingScore": 0,
      "private": false,
      "downloads": 101,
      "tags": [
        "transformers",
        "pytorch",
        "onnx",
        "safetensors",
        "bigbird_pegasus",
        "text2text-generation",
        "summarization",
        "summarisation",
        "summary",
        "notes",
        "bigbird_pegasus_",
        "pegasus",
        "bigbird",
        "en",
        "dataset:kmfoda/booksum",
        "arxiv:2105.08209",
        "license:apache-2.0",
        "model-index",
        "endpoints_compatible",
        "region:us"
      ],
      "pipeline_tag": "summarization",
      "library_name": "transformers",
      "createdAt": "2022-03-02T23:29:05.000Z",
      "modelId": "pszemraj/bigbird-pegasus-large-K-booksum"
    },
    {
      "_id": "621ffdc136468d709f17f0ed",
      "id": "pszemraj/pegasus-large-book-summary",
      "likes": 1,
      "trendingScore": 0,
      "private": false,
      "downloads": 8,
      "tags": [
        "transformers",
        "pytorch",
        "safetensors",
        "pegasus",
        "text2text-generation",
        "summarization",
        "en",
        "dataset:kmfoda/booksum",
        "license:apache-2.0",
        "endpoints_compatible",
        "region:us"
      ],
      "pipeline_tag": "summarization",
      "library_name": "transformers",
      "createdAt": "2022-03-02T23:29:05.000Z",
      "modelId": "pszemraj/pegasus-large-book-summary"
    },
    {
      "_id": "621ffdc136468d709f17f0ee",
      "id": "pszemraj/pegasus-large-summary-explain",
      "likes": 4,
      "trendingScore": 0,
      "private": false,
      "downloads": 8,
      "tags": [
        "transformers",
        "pytorch",
        "safetensors",
        "pegasus",
        "text2text-generation",
        "summarization",
        "en",
        "dataset:kmfoda/booksum",
        "license:apache-2.0",
        "model-index",
        "endpoints_compatible",
        "region:us"
      ],
      "pipeline_tag": "summarization",
      "library_name": "transformers",
      "createdAt": "2022-03-02T23:29:05.000Z",
      "modelId": "pszemraj/pegasus-large-summary-explain"
    },
    {
      "_id": "621ffdc136468d709f181337",
      "id": "vasudevgupta/bigbird-pegasus-large-arxiv",
      "likes": 0,
      "trendingScore": 0,
      "private": false,
      "downloads": 8,
      "tags": [
        "transformers",
        "pytorch",
        "bigbird_pegasus",
        "text2text-generation",
        "endpoints_compatible",
        "region:us"
      ],
      "library_name": "transformers",
      "createdAt": "2022-03-02T23:29:05.000Z",
      "modelId": "vasudevgupta/bigbird-pegasus-large-arxiv"
    },
    {
      "_id": "621ffdc136468d709f181338",
      "id": "vasudevgupta/bigbird-pegasus-large-bigpatent",
      "likes": 0,
      "trendingScore": 0,
      "private": false,
      "downloads": 2,
      "tags": [
        "transformers",
        "pytorch",
        "bigbird_pegasus",
        "text2text-generation",
        "endpoints_compatible",
        "region:us"
      ],
      "library_name": "transformers",
      "createdAt": "2022-03-02T23:29:05.000Z",
      "modelId": "vasudevgupta/bigbird-pegasus-large-bigpatent"
    },
    {
      "_id": "621ffdc136468d709f181339",
      "id": "vasudevgupta/bigbird-pegasus-large-pubmed",
      "likes": 0,
      "trendingScore": 0,
      "private": false,
      "downloads": 3,
      "tags": [
        "transformers",
        "pytorch",
        "bigbird_pegasus",
        "text2text-generation",
        "endpoints_compatible",
        "region:us"
      ],
      "library_name": "transformers",
      "createdAt": "2022-03-02T23:29:05.000Z",
      "modelId": "vasudevgupta/bigbird-pegasus-large-pubmed"
    },
    {
      "_id": "621ffdc136468d709f181340",
      "id": "vasudevgupta/dl-hack-pegasus-large",
      "likes": 0,
      "trendingScore": 0,
      "private": false,
      "downloads": 2,
      "tags": [
        "transformers",
        "pytorch",
        "pegasus",
        "text2text-generation",
        "endpoints_compatible",
        "region:us"
      ],
      "library_name": "transformers",
      "createdAt": "2022-03-02T23:29:05.000Z",
      "modelId": "vasudevgupta/dl-hack-pegasus-large"
    },
    {
      "_id": "6228e0714323cef93a956b08",
      "id": "Kevincp560/bigbird-pegasus-large-arxiv-finetuned-pubmed",
      "likes": 0,
      "trendingScore": 0,
      "private": false,
      "downloads": 4,
      "tags": [
        "transformers",
        "pytorch",
        "bigbird_pegasus",
        "text2text-generation",
        "generated_from_trainer",
        "dataset:pub_med_summarization_dataset",
        "license:apache-2.0",
        "model-index",
        "endpoints_compatible",
        "region:us"
      ],
      "library_name": "transformers",
      "createdAt": "2022-03-09T17:14:25.000Z",
      "modelId": "Kevincp560/bigbird-pegasus-large-arxiv-finetuned-pubmed"
    },
    {
      "_id": "6229887cfa6d2a409264ad97",
      "id": "cammy/bigbird-pegasus-large-arxiv-100-pad-early-lit",
      "likes": 0,
      "trendingScore": 0,
      "private": false,
      "downloads": 0,
      "tags": [
        "region:us"
      ],
      "createdAt": "2022-03-10T05:11:24.000Z",
      "modelId": "cammy/bigbird-pegasus-large-arxiv-100-pad-early-lit"
    },
    {
      "_id": "6229d9b8b8c5f583fa931c73",
      "id": "Kevincp560/bigbird-pegasus-large-bigpatent-finetuned-pubMed",
      "likes": 2,
      "trendingScore": 0,
      "private": false,
      "downloads": 4,
      "tags": [
        "transformers",
        "pytorch",
        "bigbird_pegasus",
        "text2text-generation",
        "generated_from_trainer",
        "dataset:pub_med_summarization_dataset",
        "license:apache-2.0",
        "model-index",
        "endpoints_compatible",
        "region:us"
      ],
      "library_name": "transformers",
      "createdAt": "2022-03-10T10:58:00.000Z",
      "modelId": "Kevincp560/bigbird-pegasus-large-bigpatent-finetuned-pubMed"
    },
    {
      "_id": "622f86b33f3276a897728cd3",
      "id": "Kevincp560/pegasus-large-finetuned-Pubmed",
      "likes": 0,
      "trendingScore": 0,
      "private": false,
      "downloads": 2,
      "tags": [
        "transformers",
        "pytorch",
        "pegasus",
        "text2text-generation",
        "generated_from_trainer",
        "dataset:pub_med_summarization_dataset",
        "model-index",
        "endpoints_compatible",
        "region:us"
      ],
      "library_name": "transformers",
      "createdAt": "2022-03-14T18:17:23.000Z",
      "modelId": "Kevincp560/pegasus-large-finetuned-Pubmed"
    },
    {
      "_id": "62385bec6dadcce9c72fbf64",
      "id": "uer/pegasus-large-chinese-cluecorpussmall",
      "likes": 2,
      "trendingScore": 0,
      "private": false,
      "downloads": 5,
      "tags": [
        "transformers",
        "pytorch",
        "tf",
        "pegasus",
        "text2text-generation",
        "zh",
        "dataset:CLUECorpusSmall",
        "arxiv:1909.05658",
        "arxiv:2212.06385",
        "endpoints_compatible",
        "region:us"
      ],
      "library_name": "transformers",
      "createdAt": "2022-03-21T11:05:16.000Z",
      "modelId": "uer/pegasus-large-chinese-cluecorpussmall"
    },
    {
      "_id": "6281639f58ca7bc54280a690",
      "id": "nizamudma/pegasus-large-finetuned-cnn-1",
      "likes": 0,
      "trendingScore": 0,
      "private": false,
      "downloads": 0,
      "tags": [
        "region:us"
      ],
      "createdAt": "2022-05-15T20:33:35.000Z",
      "modelId": "nizamudma/pegasus-large-finetuned-cnn-1"
    },
    {
      "_id": "62881ffe7f6178a5f80dddf2",
      "id": "Gergoe/pegasus-finetuned-booksum-pegasus-large",
      "likes": 0,
      "trendingScore": 0,
      "private": false,
      "downloads": 0,
      "tags": [
        "region:us"
      ],
      "createdAt": "2022-05-20T23:10:54.000Z",
      "modelId": "Gergoe/pegasus-finetuned-booksum-pegasus-large"
    },
    {
      "_id": "6288a673d2282d24e1101b40",
      "id": "marksverdhei/pegasus-large-reddit-syac",
      "likes": 0,
      "trendingScore": 0,
      "private": false,
      "downloads": 1,
      "tags": [
        "transformers",
        "pytorch",
        "pegasus",
        "text2text-generation",
        "endpoints_compatible",
        "region:us"
      ],
      "library_name": "transformers",
      "createdAt": "2022-05-21T08:44:35.000Z",
      "modelId": "marksverdhei/pegasus-large-reddit-syac"
    },
    {
      "_id": "628c0465bfc5e9e8a2a2140c",
      "id": "Gergoe/pegasus-large-finetuned-booksum",
      "likes": 0,
      "trendingScore": 0,
      "private": false,
      "downloads": 0,
      "tags": [
        "region:us"
      ],
      "createdAt": "2022-05-23T22:02:13.000Z",
      "modelId": "Gergoe/pegasus-large-finetuned-booksum"
    },
    {
      "_id": "628fa16d47d5d4937a64d9fc",
      "id": "Gergoe/pegasus-large-booksum-finetuned-test",
      "likes": 0,
      "trendingScore": 0,
      "private": false,
      "downloads": 0,
      "tags": [
        "region:us"
      ],
      "createdAt": "2022-05-26T15:49:01.000Z",
      "modelId": "Gergoe/pegasus-large-booksum-finetuned-test"
    },
    {
      "_id": "628ff6140ea7e76254bf9ae3",
      "id": "vectorian/pegasus-large-finetuned-tds",
      "likes": 0,
      "trendingScore": 0,
      "private": false,
      "downloads": 0,
      "tags": [
        "region:us"
      ],
      "createdAt": "2022-05-26T21:50:12.000Z",
      "modelId": "vectorian/pegasus-large-finetuned-tds"
    },
    {
      "_id": "629d7e0ce6709241d6a0a9da",
      "id": "jcai1/pegasus-large-finetuned-templates",
      "likes": 0,
      "trendingScore": 0,
      "private": false,
      "downloads": 0,
      "tags": [
        "region:us"
      ],
      "createdAt": "2022-06-06T04:09:48.000Z",
      "modelId": "jcai1/pegasus-large-finetuned-templates"
    },
    {
      "_id": "62bc49db16897fa76cdce5d5",
      "id": "vaibhavagg303/Pegasus-Large",
      "likes": 0,
      "trendingScore": 0,
      "private": false,
      "downloads": 1,
      "tags": [
        "transformers",
        "pytorch",
        "pegasus",
        "text2text-generation",
        "endpoints_compatible",
        "region:us"
      ],
      "library_name": "transformers",
      "createdAt": "2022-06-29T12:47:23.000Z",
      "modelId": "vaibhavagg303/Pegasus-Large"
    },
    {
      "_id": "62cacfa99653024bc4677cb6",
      "id": "ShooterRon/bigbird-pegasus-large-bigpatent_summarization",
      "likes": 0,
      "trendingScore": 0,
      "private": false,
      "downloads": 0,
      "tags": [
        "region:us"
      ],
      "createdAt": "2022-07-10T13:10:01.000Z",
      "modelId": "ShooterRon/bigbird-pegasus-large-bigpatent_summarization"
    },
    {
      "_id": "62d2a4ce498762ed5f3b1549",
      "id": "RobertoFont/pegasus-large-samsum",
      "likes": 0,
      "trendingScore": 0,
      "private": false,
      "downloads": 2,
      "tags": [
        "transformers",
        "pytorch",
        "tensorboard",
        "pegasus",
        "text2text-generation",
        "generated_from_trainer",
        "dataset:samsum",
        "model-index",
        "endpoints_compatible",
        "region:us"
      ],
      "library_name": "transformers",
      "createdAt": "2022-07-16T11:45:18.000Z",
      "modelId": "RobertoFont/pegasus-large-samsum"
    },
    {
      "_id": "62ef61acd88b150b068cf832",
      "id": "zphang/pegasus-x-large",
      "likes": 0,
      "trendingScore": 0,
      "private": false,
      "downloads": 7,
      "tags": [
        "transformers",
        "pytorch",
        "pegasus_x",
        "text2text-generation",
        "endpoints_compatible",
        "region:us"
      ],
      "library_name": "transformers",
      "createdAt": "2022-08-07T06:54:36.000Z",
      "modelId": "zphang/pegasus-x-large"
    },
    {
      "_id": "6310fbb9bc152fa3e8109f45",
      "id": "google/pegasus-x-large",
      "likes": 20,
      "trendingScore": 0,
      "private": false,
      "downloads": 200,
      "tags": [
        "transformers",
        "pytorch",
        "pegasus_x",
        "text2text-generation",
        "endpoints_compatible",
        "region:us"
      ],
      "library_name": "transformers",
      "createdAt": "2022-09-01T18:36:41.000Z",
      "modelId": "google/pegasus-x-large"
    },
    {
      "_id": "631c049e2ea8535ea48c90d3",
      "id": "Vasanth/pegasus-large-finetuned-arxiv",
      "likes": 0,
      "trendingScore": 0,
      "private": false,
      "downloads": 2,
      "tags": [
        "transformers",
        "pytorch",
        "tensorboard",
        "pegasus",
        "text2text-generation",
        "generated_from_trainer",
        "dataset:arxiv-summarization",
        "endpoints_compatible",
        "region:us"
      ],
      "library_name": "transformers",
      "createdAt": "2022-09-10T03:29:34.000Z",
      "modelId": "Vasanth/pegasus-large-finetuned-arxiv"
    },
    {
      "_id": "6324560f264f38eaab91bf59",
      "id": "pszemraj/pegasus-x-large-book-summary",
      "likes": 36,
      "trendingScore": 0,
      "private": false,
      "downloads": 996,
      "tags": [
        "transformers",
        "pytorch",
        "safetensors",
        "pegasus_x",
        "text2text-generation",
        "summarization",
        "summary",
        "booksum",
        "long-document",
        "long-form",
        "dataset:kmfoda/booksum",
        "base_model:google/pegasus-x-large",
        "base_model:finetune:google/pegasus-x-large",
        "license:apache-2.0",
        "license:bsd-3-clause",
        "model-index",
        "endpoints_compatible",
        "region:us"
      ],
      "pipeline_tag": "summarization",
      "library_name": "transformers",
      "createdAt": "2022-09-16T10:55:11.000Z",
      "modelId": "pszemraj/pegasus-x-large-book-summary"
    },
    {
      "_id": "632a260e4ee2960462e879ba",
      "id": "farleyknight/patent-summarization-google-pegasus-large-2022-09-20",
      "likes": 0,
      "trendingScore": 0,
      "private": false,
      "downloads": 0,
      "tags": [
        "region:us"
      ],
      "createdAt": "2022-09-20T20:43:58.000Z",
      "modelId": "farleyknight/patent-summarization-google-pegasus-large-2022-09-20"
    },
    {
      "_id": "632a317059950c1d279e741d",
      "id": "farleyknight/patent-summarization-google-bigbird-pegasus-large-arxiv-2022-09-20",
      "likes": 0,
      "trendingScore": 0,
      "private": false,
      "downloads": 2,
      "tags": [
        "transformers",
        "pytorch",
        "bigbird_pegasus",
        "text2text-generation",
        "generated_from_trainer",
        "dataset:farleyknight/big_patent_5_percent",
        "license:apache-2.0",
        "model-index",
        "endpoints_compatible",
        "region:us"
      ],
      "library_name": "transformers",
      "createdAt": "2022-09-20T21:32:32.000Z",
      "modelId": "farleyknight/patent-summarization-google-bigbird-pegasus-large-arxiv-2022-09-20"
    },
    {
      "_id": "632dafae97bf54d2a75661f0",
      "id": "farleyknight/ccdv-arxiv-summarization-summarization-google-bigbird-pegasus-large-arxiv-2022-09-23",
      "likes": 0,
      "trendingScore": 0,
      "private": false,
      "downloads": 0,
      "tags": [
        "region:us"
      ],
      "createdAt": "2022-09-23T13:07:58.000Z",
      "modelId": "farleyknight/ccdv-arxiv-summarization-summarization-google-bigbird-pegasus-large-arxiv-2022-09-23"
    },
    {
      "_id": "632dfd3d8bc22d67f77e90c1",
      "id": "farleyknight/ccdv-arxiv-summarization-summarization-google-pegasus-large-2022-09-23",
      "likes": 0,
      "trendingScore": 0,
      "private": false,
      "downloads": 0,
      "tags": [
        "region:us"
      ],
      "createdAt": "2022-09-23T18:38:53.000Z",
      "modelId": "farleyknight/ccdv-arxiv-summarization-summarization-google-pegasus-large-2022-09-23"
    },
    {
      "_id": "63346cb4ffacdca2bdfa8ded",
      "id": "theojolliffe/bigbird-pegasus-large-arxiv-finetuned-roundup-280922",
      "likes": 0,
      "trendingScore": 0,
      "private": false,
      "downloads": 2,
      "tags": [
        "transformers",
        "pytorch",
        "tensorboard",
        "bigbird_pegasus",
        "text2text-generation",
        "generated_from_trainer",
        "license:apache-2.0",
        "endpoints_compatible",
        "region:us"
      ],
      "library_name": "transformers",
      "createdAt": "2022-09-28T15:48:04.000Z",
      "modelId": "theojolliffe/bigbird-pegasus-large-arxiv-finetuned-roundup-280922"
    },
    {
      "_id": "636a81a5c0be1b0cfbe3cd31",
      "id": "shabnam/pegasus_large_xsum_sr",
      "likes": 0,
      "trendingScore": 0,
      "private": false,
      "downloads": 0,
      "tags": [
        "region:us"
      ],
      "createdAt": "2022-11-08T16:19:49.000Z",
      "modelId": "shabnam/pegasus_large_xsum_sr"
    },
    {
      "_id": "638d57599fd4474f0a267b0a",
      "id": "jdminor/autotrain-pegasus-large-summary-2.0-2338573727",
      "likes": 0,
      "trendingScore": 0,
      "private": false,
      "downloads": 1,
      "tags": [
        "transformers",
        "pytorch",
        "autotrain",
        "summarization",
        "unk",
        "dataset:jdminor/autotrain-data-pegasus-large-summary-2.0",
        "co2_eq_emissions",
        "endpoints_compatible",
        "region:us"
      ],
      "pipeline_tag": "summarization",
      "library_name": "transformers",
      "createdAt": "2022-12-05T02:28:41.000Z",
      "modelId": "jdminor/autotrain-pegasus-large-summary-2.0-2338573727"
    }
  ]
}