{
  "items": [
    {
      "_id": "62862fbd504d37700308a82e",
      "id": "bigscience/bloom",
      "likes": 4935,
      "trendingScore": 6,
      "private": false,
      "downloads": 16908,
      "tags": [
        "transformers",
        "pytorch",
        "tensorboard",
        "safetensors",
        "bloom",
        "text-generation",
        "ak",
        "ar",
        "as",
        "bm",
        "bn",
        "ca",
        "code",
        "en",
        "es",
        "eu",
        "fon",
        "fr",
        "gu",
        "hi",
        "id",
        "ig",
        "ki",
        "kn",
        "lg",
        "ln",
        "ml",
        "mr",
        "ne",
        "nso",
        "ny",
        "or",
        "pa",
        "pt",
        "rn",
        "rw",
        "sn",
        "st",
        "sw",
        "ta",
        "te",
        "tn",
        "ts",
        "tum",
        "tw",
        "ur",
        "vi",
        "wo",
        "xh",
        "yo",
        "zh",
        "zu",
        "arxiv:2211.05100",
        "arxiv:1909.08053",
        "arxiv:2110.02861",
        "arxiv:2108.12409",
        "doi:10.57967/hf/0003",
        "license:bigscience-bloom-rail-1.0",
        "model-index",
        "co2_eq_emissions",
        "autotrain_compatible",
        "text-generation-inference",
        "endpoints_compatible",
        "region:us"
      ],
      "pipeline_tag": "text-generation",
      "library_name": "transformers",
      "createdAt": "2022-05-19T11:53:33.000Z",
      "modelId": "bigscience/bloom"
    },
    {
      "_id": "62862f3ce0ba4d3805ce3c7a",
      "id": "bigscience/bloom-560m",
      "likes": 363,
      "trendingScore": 1,
      "private": false,
      "downloads": 106715,
      "tags": [
        "transformers",
        "pytorch",
        "jax",
        "onnx",
        "safetensors",
        "bloom",
        "text-generation",
        "ak",
        "ar",
        "as",
        "bm",
        "bn",
        "ca",
        "code",
        "en",
        "es",
        "eu",
        "fon",
        "fr",
        "gu",
        "hi",
        "id",
        "ig",
        "ki",
        "kn",
        "lg",
        "ln",
        "ml",
        "mr",
        "ne",
        "nso",
        "ny",
        "or",
        "pa",
        "pt",
        "rn",
        "rw",
        "sn",
        "st",
        "sw",
        "ta",
        "te",
        "tn",
        "ts",
        "tum",
        "tw",
        "ur",
        "vi",
        "wo",
        "xh",
        "yo",
        "zh",
        "zhs",
        "zht",
        "zu",
        "arxiv:1909.08053",
        "arxiv:2110.02861",
        "arxiv:2108.12409",
        "license:bigscience-bloom-rail-1.0",
        "autotrain_compatible",
        "text-generation-inference",
        "endpoints_compatible",
        "region:us"
      ],
      "pipeline_tag": "text-generation",
      "library_name": "transformers",
      "createdAt": "2022-05-19T11:51:24.000Z",
      "modelId": "bigscience/bloom-560m"
    },
    {
      "_id": "62862f547cc3b7bc1b90315f",
      "id": "bigscience/bloom-1b1",
      "likes": 63,
      "trendingScore": 0,
      "private": false,
      "downloads": 9479,
      "tags": [
        "transformers",
        "pytorch",
        "jax",
        "onnx",
        "safetensors",
        "bloom",
        "text-generation",
        "ak",
        "ar",
        "as",
        "bm",
        "bn",
        "ca",
        "code",
        "en",
        "es",
        "eu",
        "fon",
        "fr",
        "gu",
        "hi",
        "id",
        "ig",
        "ki",
        "kn",
        "lg",
        "ln",
        "ml",
        "mr",
        "ne",
        "nso",
        "ny",
        "or",
        "pa",
        "pt",
        "rn",
        "rw",
        "sn",
        "st",
        "sw",
        "ta",
        "te",
        "tn",
        "ts",
        "tum",
        "tw",
        "ur",
        "vi",
        "wo",
        "xh",
        "yo",
        "zh",
        "zhs",
        "zht",
        "zu",
        "arxiv:1909.08053",
        "arxiv:2110.02861",
        "arxiv:2108.12409",
        "license:bigscience-bloom-rail-1.0",
        "autotrain_compatible",
        "text-generation-inference",
        "endpoints_compatible",
        "region:us"
      ],
      "pipeline_tag": "text-generation",
      "library_name": "transformers",
      "createdAt": "2022-05-19T11:51:48.000Z",
      "modelId": "bigscience/bloom-1b1"
    },
    {
      "_id": "62862f667cc3b7bc1b9031ee",
      "id": "bigscience/bloom-1b7",
      "likes": 121,
      "trendingScore": 0,
      "private": false,
      "downloads": 26543,
      "tags": [
        "transformers",
        "pytorch",
        "jax",
        "safetensors",
        "bloom",
        "text-generation",
        "ak",
        "ar",
        "as",
        "bm",
        "bn",
        "ca",
        "code",
        "en",
        "es",
        "eu",
        "fon",
        "fr",
        "gu",
        "hi",
        "id",
        "ig",
        "ki",
        "kn",
        "lg",
        "ln",
        "ml",
        "mr",
        "ne",
        "nso",
        "ny",
        "or",
        "pa",
        "pt",
        "rn",
        "rw",
        "sn",
        "st",
        "sw",
        "ta",
        "te",
        "tn",
        "ts",
        "tum",
        "tw",
        "ur",
        "vi",
        "wo",
        "xh",
        "yo",
        "zh",
        "zhs",
        "zht",
        "zu",
        "arxiv:1909.08053",
        "arxiv:2110.02861",
        "arxiv:2108.12409",
        "license:bigscience-bloom-rail-1.0",
        "autotrain_compatible",
        "text-generation-inference",
        "endpoints_compatible",
        "region:us"
      ],
      "pipeline_tag": "text-generation",
      "library_name": "transformers",
      "createdAt": "2022-05-19T11:52:06.000Z",
      "modelId": "bigscience/bloom-1b7"
    },
    {
      "_id": "62862f7bd238eeca58871c49",
      "id": "bigscience/bloom-3b",
      "likes": 93,
      "trendingScore": 0,
      "private": false,
      "downloads": 11687,
      "tags": [
        "transformers",
        "pytorch",
        "safetensors",
        "bloom",
        "text-generation",
        "ak",
        "ar",
        "as",
        "bm",
        "bn",
        "ca",
        "code",
        "en",
        "es",
        "eu",
        "fon",
        "fr",
        "gu",
        "hi",
        "id",
        "ig",
        "ki",
        "kn",
        "lg",
        "ln",
        "ml",
        "mr",
        "ne",
        "nso",
        "ny",
        "or",
        "pa",
        "pt",
        "rn",
        "rw",
        "sn",
        "st",
        "sw",
        "ta",
        "te",
        "tn",
        "ts",
        "tum",
        "tw",
        "ur",
        "vi",
        "wo",
        "xh",
        "yo",
        "zh",
        "zhs",
        "zht",
        "zu",
        "arxiv:1909.08053",
        "arxiv:2110.02861",
        "arxiv:2108.12409",
        "license:bigscience-bloom-rail-1.0",
        "model-index",
        "autotrain_compatible",
        "text-generation-inference",
        "endpoints_compatible",
        "region:us"
      ],
      "pipeline_tag": "text-generation",
      "library_name": "transformers",
      "createdAt": "2022-05-19T11:52:27.000Z",
      "modelId": "bigscience/bloom-3b"
    },
    {
      "_id": "62862fae7cc3b7bc1b903469",
      "id": "bigscience/bloom-7b1",
      "likes": 204,
      "trendingScore": 0,
      "private": false,
      "downloads": 11390,
      "tags": [
        "transformers",
        "pytorch",
        "jax",
        "safetensors",
        "bloom",
        "text-generation",
        "ak",
        "ar",
        "as",
        "bm",
        "bn",
        "ca",
        "code",
        "en",
        "es",
        "eu",
        "fon",
        "fr",
        "gu",
        "hi",
        "id",
        "ig",
        "ki",
        "kn",
        "lg",
        "ln",
        "ml",
        "mr",
        "ne",
        "nso",
        "ny",
        "or",
        "pa",
        "pt",
        "rn",
        "rw",
        "sn",
        "st",
        "sw",
        "ta",
        "te",
        "tn",
        "ts",
        "tum",
        "tw",
        "ur",
        "vi",
        "wo",
        "xh",
        "yo",
        "zh",
        "zhs",
        "zht",
        "zu",
        "arxiv:1909.08053",
        "arxiv:2110.02861",
        "arxiv:2108.12409",
        "doi:10.57967/hf/2655",
        "license:bigscience-bloom-rail-1.0",
        "autotrain_compatible",
        "text-generation-inference",
        "endpoints_compatible",
        "region:us"
      ],
      "pipeline_tag": "text-generation",
      "library_name": "transformers",
      "createdAt": "2022-05-19T11:53:18.000Z",
      "modelId": "bigscience/bloom-7b1"
    },
    {
      "_id": "62c2dbbbdc086103897edc6b",
      "id": "bigscience/bloom-intermediate",
      "likes": 12,
      "trendingScore": 0,
      "private": false,
      "downloads": 16,
      "tags": [
        "transformers",
        "pytorch",
        "safetensors",
        "bloom",
        "ak",
        "ar",
        "as",
        "bm",
        "bn",
        "ca",
        "code",
        "en",
        "es",
        "eu",
        "fon",
        "fr",
        "gu",
        "hi",
        "id",
        "ig",
        "ki",
        "kn",
        "lg",
        "ln",
        "ml",
        "mr",
        "ne",
        "nso",
        "ny",
        "or",
        "pa",
        "pt",
        "rn",
        "rw",
        "sn",
        "st",
        "sw",
        "ta",
        "te",
        "tn",
        "ts",
        "tum",
        "tw",
        "ur",
        "vi",
        "wo",
        "xh",
        "yo",
        "zh",
        "zhs",
        "zht",
        "zu",
        "arxiv:1909.08053",
        "arxiv:2110.02861",
        "arxiv:2108.12409",
        "license:bigscience-bloom-rail-1.0",
        "text-generation-inference",
        "endpoints_compatible",
        "region:us"
      ],
      "library_name": "transformers",
      "createdAt": "2022-07-04T12:23:23.000Z",
      "modelId": "bigscience/bloom-intermediate"
    },
    {
      "_id": "62d6b028ab55594d584f07a4",
      "id": "bigscience/bloom-optimizer-states",
      "likes": 8,
      "trendingScore": 0,
      "private": false,
      "downloads": 0,
      "tags": [
        "ak",
        "ar",
        "as",
        "bm",
        "bn",
        "ca",
        "code",
        "en",
        "es",
        "eu",
        "fon",
        "fr",
        "gu",
        "hi",
        "id",
        "ig",
        "ki",
        "kn",
        "lg",
        "ln",
        "ml",
        "mr",
        "ne",
        "nso",
        "ny",
        "or",
        "pa",
        "pt",
        "rn",
        "rw",
        "sn",
        "st",
        "sw",
        "ta",
        "te",
        "tn",
        "ts",
        "tum",
        "tw",
        "ur",
        "vi",
        "wo",
        "xh",
        "yo",
        "zh",
        "zhs",
        "zht",
        "zu",
        "arxiv:1909.08053",
        "arxiv:2110.02861",
        "arxiv:2108.12409",
        "license:bigscience-bloom-rail-1.0",
        "region:us"
      ],
      "createdAt": "2022-07-19T13:22:48.000Z",
      "modelId": "bigscience/bloom-optimizer-states"
    },
    {
      "_id": "62eff0b6b5fc039c7e3c8781",
      "id": "bigscience/bloom-7b1-intermediate",
      "likes": 0,
      "trendingScore": 0,
      "private": false,
      "downloads": 33,
      "tags": [
        "transformers",
        "pytorch",
        "safetensors",
        "bloom",
        "text-generation",
        "ak",
        "ar",
        "as",
        "bm",
        "bn",
        "ca",
        "code",
        "en",
        "es",
        "eu",
        "fon",
        "fr",
        "gu",
        "hi",
        "id",
        "ig",
        "ki",
        "kn",
        "lg",
        "ln",
        "ml",
        "mr",
        "ne",
        "nso",
        "ny",
        "or",
        "pa",
        "pt",
        "rn",
        "rw",
        "sn",
        "st",
        "sw",
        "ta",
        "te",
        "tn",
        "ts",
        "tum",
        "tw",
        "ur",
        "vi",
        "wo",
        "xh",
        "yo",
        "zh",
        "zhs",
        "zht",
        "zu",
        "arxiv:1909.08053",
        "arxiv:2110.02861",
        "arxiv:2108.12409",
        "license:bigscience-bloom-rail-1.0",
        "autotrain_compatible",
        "text-generation-inference",
        "endpoints_compatible",
        "region:us"
      ],
      "pipeline_tag": "text-generation",
      "library_name": "transformers",
      "createdAt": "2022-08-07T17:04:54.000Z",
      "modelId": "bigscience/bloom-7b1-intermediate"
    },
    {
      "_id": "62effac620f6d0eed55efd08",
      "id": "bigscience/bloom-3b-intermediate",
      "likes": 1,
      "trendingScore": 0,
      "private": false,
      "downloads": 33,
      "tags": [
        "transformers",
        "pytorch",
        "safetensors",
        "bloom",
        "text-generation",
        "ak",
        "ar",
        "as",
        "bm",
        "bn",
        "ca",
        "code",
        "en",
        "es",
        "eu",
        "fon",
        "fr",
        "gu",
        "hi",
        "id",
        "ig",
        "ki",
        "kn",
        "lg",
        "ln",
        "ml",
        "mr",
        "ne",
        "nso",
        "ny",
        "or",
        "pa",
        "pt",
        "rn",
        "rw",
        "sn",
        "st",
        "sw",
        "ta",
        "te",
        "tn",
        "ts",
        "tum",
        "tw",
        "ur",
        "vi",
        "wo",
        "xh",
        "yo",
        "zh",
        "zhs",
        "zht",
        "zu",
        "arxiv:1909.08053",
        "arxiv:2110.02861",
        "arxiv:2108.12409",
        "license:bigscience-bloom-rail-1.0",
        "autotrain_compatible",
        "text-generation-inference",
        "endpoints_compatible",
        "region:us"
      ],
      "pipeline_tag": "text-generation",
      "library_name": "transformers",
      "createdAt": "2022-08-07T17:47:50.000Z",
      "modelId": "bigscience/bloom-3b-intermediate"
    },
    {
      "_id": "62f0015b71164d46818bd6cb",
      "id": "bigscience/bloom-1b7-intermediate",
      "likes": 0,
      "trendingScore": 0,
      "private": false,
      "downloads": 34,
      "tags": [
        "transformers",
        "pytorch",
        "safetensors",
        "bloom",
        "text-generation",
        "ak",
        "ar",
        "as",
        "bm",
        "bn",
        "ca",
        "code",
        "en",
        "es",
        "eu",
        "fon",
        "fr",
        "gu",
        "hi",
        "id",
        "ig",
        "ki",
        "kn",
        "lg",
        "ln",
        "ml",
        "mr",
        "ne",
        "nso",
        "ny",
        "or",
        "pa",
        "pt",
        "rn",
        "rw",
        "sn",
        "st",
        "sw",
        "ta",
        "te",
        "tn",
        "ts",
        "tum",
        "tw",
        "ur",
        "vi",
        "wo",
        "xh",
        "yo",
        "zh",
        "zhs",
        "zht",
        "zu",
        "arxiv:1909.08053",
        "arxiv:2110.02861",
        "arxiv:2108.12409",
        "license:bigscience-bloom-rail-1.0",
        "autotrain_compatible",
        "text-generation-inference",
        "endpoints_compatible",
        "region:us"
      ],
      "pipeline_tag": "text-generation",
      "library_name": "transformers",
      "createdAt": "2022-08-07T18:15:55.000Z",
      "modelId": "bigscience/bloom-1b7-intermediate"
    },
    {
      "_id": "62f0036e44208410437471a0",
      "id": "bigscience/bloom-1b1-intermediate",
      "likes": 0,
      "trendingScore": 0,
      "private": false,
      "downloads": 1241,
      "tags": [
        "transformers",
        "pytorch",
        "safetensors",
        "bloom",
        "text-generation",
        "ak",
        "ar",
        "as",
        "bm",
        "bn",
        "ca",
        "code",
        "en",
        "es",
        "eu",
        "fon",
        "fr",
        "gu",
        "hi",
        "id",
        "ig",
        "ki",
        "kn",
        "lg",
        "ln",
        "ml",
        "mr",
        "ne",
        "nso",
        "ny",
        "or",
        "pa",
        "pt",
        "rn",
        "rw",
        "sn",
        "st",
        "sw",
        "ta",
        "te",
        "tn",
        "ts",
        "tum",
        "tw",
        "ur",
        "vi",
        "wo",
        "xh",
        "yo",
        "zh",
        "zhs",
        "zht",
        "zu",
        "arxiv:1909.08053",
        "arxiv:2110.02861",
        "arxiv:2108.12409",
        "license:bigscience-bloom-rail-1.0",
        "autotrain_compatible",
        "text-generation-inference",
        "endpoints_compatible",
        "region:us"
      ],
      "pipeline_tag": "text-generation",
      "library_name": "transformers",
      "createdAt": "2022-08-07T18:24:46.000Z",
      "modelId": "bigscience/bloom-1b1-intermediate"
    },
    {
      "_id": "62f0037f145c6dda36c73a62",
      "id": "bigscience/bloom-560m-intermediate",
      "likes": 1,
      "trendingScore": 0,
      "private": false,
      "downloads": 31,
      "tags": [
        "transformers",
        "pytorch",
        "safetensors",
        "bloom",
        "text-generation",
        "ak",
        "ar",
        "as",
        "bm",
        "bn",
        "ca",
        "code",
        "en",
        "es",
        "eu",
        "fon",
        "fr",
        "gu",
        "hi",
        "id",
        "ig",
        "ki",
        "kn",
        "lg",
        "ln",
        "ml",
        "mr",
        "ne",
        "nso",
        "ny",
        "or",
        "pa",
        "pt",
        "rn",
        "rw",
        "sn",
        "st",
        "sw",
        "ta",
        "te",
        "tn",
        "ts",
        "tum",
        "tw",
        "ur",
        "vi",
        "wo",
        "xh",
        "yo",
        "zh",
        "zhs",
        "zht",
        "zu",
        "arxiv:1909.08053",
        "arxiv:2110.02861",
        "arxiv:2108.12409",
        "license:bigscience-bloom-rail-1.0",
        "autotrain_compatible",
        "text-generation-inference",
        "endpoints_compatible",
        "region:us"
      ],
      "pipeline_tag": "text-generation",
      "library_name": "transformers",
      "createdAt": "2022-08-07T18:25:03.000Z",
      "modelId": "bigscience/bloom-560m-intermediate"
    },
    {
      "_id": "62f01d23b3ee98d524dc1168",
      "id": "bigscience/bloom-7b1-optimizer-states",
      "likes": 0,
      "trendingScore": 0,
      "private": false,
      "downloads": 0,
      "tags": [
        "region:us"
      ],
      "createdAt": "2022-08-07T20:14:27.000Z",
      "modelId": "bigscience/bloom-7b1-optimizer-states"
    },
    {
      "_id": "62f01ef4b3ee98d524dc2174",
      "id": "bigscience/bloom-3b-optimizer-states",
      "likes": 0,
      "trendingScore": 0,
      "private": false,
      "downloads": 0,
      "tags": [
        "region:us"
      ],
      "createdAt": "2022-08-07T20:22:12.000Z",
      "modelId": "bigscience/bloom-3b-optimizer-states"
    },
    {
      "_id": "62f01f01a55204f8601ca8f4",
      "id": "bigscience/bloom-1b7-optimizer-states",
      "likes": 0,
      "trendingScore": 0,
      "private": false,
      "downloads": 0,
      "tags": [
        "region:us"
      ],
      "createdAt": "2022-08-07T20:22:25.000Z",
      "modelId": "bigscience/bloom-1b7-optimizer-states"
    },
    {
      "_id": "62f01f17a55204f8601ca991",
      "id": "bigscience/bloom-560m-optimizer-states",
      "likes": 1,
      "trendingScore": 0,
      "private": false,
      "downloads": 0,
      "tags": [
        "region:us"
      ],
      "createdAt": "2022-08-07T20:22:47.000Z",
      "modelId": "bigscience/bloom-560m-optimizer-states"
    },
    {
      "_id": "62f01f486228bf3464e9a906",
      "id": "bigscience/bloom-1b1-optimizer-states",
      "likes": 1,
      "trendingScore": 0,
      "private": false,
      "downloads": 0,
      "tags": [
        "region:us"
      ],
      "createdAt": "2022-08-07T20:23:36.000Z",
      "modelId": "bigscience/bloom-1b1-optimizer-states"
    },
    {
      "_id": "62f40c8e1f30a5ac0ecc223a",
      "id": "bigscience/bloom-megatron-deepspeed",
      "likes": 1,
      "trendingScore": 0,
      "private": false,
      "downloads": 0,
      "tags": [
        "region:us"
      ],
      "createdAt": "2022-08-10T19:52:46.000Z",
      "modelId": "bigscience/bloom-megatron-deepspeed"
    },
    {
      "_id": "62fe0d78029f73cec27582e9",
      "id": "bigscience/bloom-petals",
      "likes": 21,
      "trendingScore": 0,
      "private": false,
      "downloads": 23,
      "tags": [
        "transformers",
        "pytorch",
        "bloom",
        "text-generation",
        "autotrain_compatible",
        "text-generation-inference",
        "endpoints_compatible",
        "region:us"
      ],
      "pipeline_tag": "text-generation",
      "library_name": "transformers",
      "createdAt": "2022-08-18T09:59:20.000Z",
      "modelId": "bigscience/bloom-petals"
    },
    {
      "_id": "630893903485f377829f3d6b",
      "id": "bigscience/sgpt-bloom-7b1-msmarco",
      "likes": 42,
      "trendingScore": 0,
      "private": false,
      "downloads": 29,
      "tags": [
        "sentence-transformers",
        "pytorch",
        "bloom",
        "feature-extraction",
        "sentence-similarity",
        "mteb",
        "arxiv:2202.08904",
        "model-index",
        "autotrain_compatible",
        "endpoints_compatible",
        "region:us"
      ],
      "pipeline_tag": "sentence-similarity",
      "library_name": "sentence-transformers",
      "createdAt": "2022-08-26T09:34:08.000Z",
      "modelId": "bigscience/sgpt-bloom-7b1-msmarco"
    },
    {
      "_id": "6325a6072a0af3bd451ea46c",
      "id": "bigscience/bloomz",
      "likes": 512,
      "trendingScore": 0,
      "private": false,
      "downloads": 2671,
      "tags": [
        "transformers",
        "pytorch",
        "tensorboard",
        "safetensors",
        "bloom",
        "text-generation",
        "ak",
        "ar",
        "as",
        "bm",
        "bn",
        "ca",
        "code",
        "en",
        "es",
        "eu",
        "fon",
        "fr",
        "gu",
        "hi",
        "id",
        "ig",
        "ki",
        "kn",
        "lg",
        "ln",
        "ml",
        "mr",
        "ne",
        "nso",
        "ny",
        "or",
        "pa",
        "pt",
        "rn",
        "rw",
        "sn",
        "st",
        "sw",
        "ta",
        "te",
        "tn",
        "ts",
        "tum",
        "tw",
        "ur",
        "vi",
        "wo",
        "xh",
        "yo",
        "zh",
        "zu",
        "dataset:bigscience/xP3",
        "arxiv:2211.01786",
        "license:bigscience-bloom-rail-1.0",
        "model-index",
        "autotrain_compatible",
        "text-generation-inference",
        "region:us"
      ],
      "pipeline_tag": "text-generation",
      "library_name": "transformers",
      "createdAt": "2022-09-17T10:48:39.000Z",
      "modelId": "bigscience/bloomz"
    },
    {
      "_id": "6325a68dab50d3a02a2bd15f",
      "id": "bigscience/bloomz-p3",
      "likes": 17,
      "trendingScore": 0,
      "private": false,
      "downloads": 33,
      "tags": [
        "transformers",
        "pytorch",
        "tensorboard",
        "safetensors",
        "bloom",
        "text-generation",
        "ak",
        "ar",
        "as",
        "bm",
        "bn",
        "ca",
        "code",
        "en",
        "es",
        "eu",
        "fon",
        "fr",
        "gu",
        "hi",
        "id",
        "ig",
        "ki",
        "kn",
        "lg",
        "ln",
        "ml",
        "mr",
        "ne",
        "nso",
        "ny",
        "or",
        "pa",
        "pt",
        "rn",
        "rw",
        "sn",
        "st",
        "sw",
        "ta",
        "te",
        "tn",
        "ts",
        "tum",
        "tw",
        "ur",
        "vi",
        "wo",
        "xh",
        "yo",
        "zh",
        "zu",
        "dataset:Muennighoff/P3",
        "arxiv:2211.01786",
        "license:bigscience-bloom-rail-1.0",
        "model-index",
        "autotrain_compatible",
        "text-generation-inference",
        "region:us"
      ],
      "pipeline_tag": "text-generation",
      "library_name": "transformers",
      "createdAt": "2022-09-17T10:50:53.000Z",
      "modelId": "bigscience/bloomz-p3"
    },
    {
      "_id": "6325a7672a0af3bd451eb60b",
      "id": "bigscience/bloomz-ckpts",
      "likes": 0,
      "trendingScore": 0,
      "private": false,
      "downloads": 0,
      "tags": [
        "region:us"
      ],
      "createdAt": "2022-09-17T10:54:31.000Z",
      "modelId": "bigscience/bloomz-ckpts"
    },
    {
      "_id": "6332bbc914204ffa8922cd14",
      "id": "bigscience/bloomz-7b1",
      "likes": 144,
      "trendingScore": 0,
      "private": false,
      "downloads": 9450,
      "tags": [
        "transformers",
        "pytorch",
        "safetensors",
        "bloom",
        "text-generation",
        "ak",
        "ar",
        "as",
        "bm",
        "bn",
        "ca",
        "code",
        "en",
        "es",
        "eu",
        "fon",
        "fr",
        "gu",
        "hi",
        "id",
        "ig",
        "ki",
        "kn",
        "lg",
        "ln",
        "ml",
        "mr",
        "ne",
        "nso",
        "ny",
        "or",
        "pa",
        "pt",
        "rn",
        "rw",
        "sn",
        "st",
        "sw",
        "ta",
        "te",
        "tn",
        "ts",
        "tum",
        "tw",
        "ur",
        "vi",
        "wo",
        "xh",
        "yo",
        "zh",
        "zu",
        "dataset:bigscience/xP3",
        "arxiv:2211.01786",
        "license:bigscience-bloom-rail-1.0",
        "model-index",
        "autotrain_compatible",
        "text-generation-inference",
        "endpoints_compatible",
        "region:us"
      ],
      "pipeline_tag": "text-generation",
      "library_name": "transformers",
      "createdAt": "2022-09-27T09:00:57.000Z",
      "modelId": "bigscience/bloomz-7b1"
    },
    {
      "_id": "6332c5b511d301ae7333836c",
      "id": "bigscience/bloomz-7b1-p3",
      "likes": 6,
      "trendingScore": 0,
      "private": false,
      "downloads": 50,
      "tags": [
        "transformers",
        "pytorch",
        "safetensors",
        "bloom",
        "text-generation",
        "ak",
        "ar",
        "as",
        "bm",
        "bn",
        "ca",
        "code",
        "en",
        "es",
        "eu",
        "fon",
        "fr",
        "gu",
        "hi",
        "id",
        "ig",
        "ki",
        "kn",
        "lg",
        "ln",
        "ml",
        "mr",
        "ne",
        "nso",
        "ny",
        "or",
        "pa",
        "pt",
        "rn",
        "rw",
        "sn",
        "st",
        "sw",
        "ta",
        "te",
        "tn",
        "ts",
        "tum",
        "tw",
        "ur",
        "vi",
        "wo",
        "xh",
        "yo",
        "zh",
        "zu",
        "dataset:Muennighoff/P3",
        "arxiv:2211.01786",
        "license:bigscience-bloom-rail-1.0",
        "model-index",
        "autotrain_compatible",
        "text-generation-inference",
        "endpoints_compatible",
        "region:us"
      ],
      "pipeline_tag": "text-generation",
      "library_name": "transformers",
      "createdAt": "2022-09-27T09:43:17.000Z",
      "modelId": "bigscience/bloomz-7b1-p3"
    },
    {
      "_id": "633318971a41600d6745b0a1",
      "id": "bigscience/bloomz-7b1-ckpts",
      "likes": 0,
      "trendingScore": 0,
      "private": false,
      "downloads": 0,
      "tags": [
        "region:us"
      ],
      "createdAt": "2022-09-27T15:36:55.000Z",
      "modelId": "bigscience/bloomz-7b1-ckpts"
    },
    {
      "_id": "633433237eb49986ce084fa9",
      "id": "bigscience/bloomz-7b1-p3-ckpts",
      "likes": 0,
      "trendingScore": 0,
      "private": false,
      "downloads": 0,
      "tags": [
        "region:us"
      ],
      "createdAt": "2022-09-28T11:42:27.000Z",
      "modelId": "bigscience/bloomz-7b1-p3-ckpts"
    },
    {
      "_id": "63343695e5e52bbbf5f959ca",
      "id": "bigscience/bloomz-7b1-mt",
      "likes": 142,
      "trendingScore": 0,
      "private": false,
      "downloads": 2426,
      "tags": [
        "transformers",
        "pytorch",
        "tensorboard",
        "safetensors",
        "bloom",
        "text-generation",
        "ak",
        "ar",
        "as",
        "bm",
        "bn",
        "ca",
        "code",
        "en",
        "es",
        "eu",
        "fon",
        "fr",
        "gu",
        "hi",
        "id",
        "ig",
        "ki",
        "kn",
        "lg",
        "ln",
        "ml",
        "mr",
        "ne",
        "nso",
        "ny",
        "or",
        "pa",
        "pt",
        "rn",
        "rw",
        "sn",
        "st",
        "sw",
        "ta",
        "te",
        "tn",
        "ts",
        "tum",
        "tw",
        "ur",
        "vi",
        "wo",
        "xh",
        "yo",
        "zh",
        "zu",
        "dataset:bigscience/xP3mt",
        "arxiv:2211.01786",
        "license:bigscience-bloom-rail-1.0",
        "model-index",
        "autotrain_compatible",
        "text-generation-inference",
        "endpoints_compatible",
        "region:us"
      ],
      "pipeline_tag": "text-generation",
      "library_name": "transformers",
      "createdAt": "2022-09-28T11:57:09.000Z",
      "modelId": "bigscience/bloomz-7b1-mt"
    },
    {
      "_id": "633438ab8003819e16aff533",
      "id": "bigscience/bloomz-p3-ckpts",
      "likes": 0,
      "trendingScore": 0,
      "private": false,
      "downloads": 0,
      "tags": [
        "region:us"
      ],
      "createdAt": "2022-09-28T12:06:03.000Z",
      "modelId": "bigscience/bloomz-p3-ckpts"
    },
    {
      "_id": "633afaf3c9b44f5c6ac24169",
      "id": "bigscience/bloomz-mt",
      "likes": 32,
      "trendingScore": 0,
      "private": false,
      "downloads": 36,
      "tags": [
        "transformers",
        "pytorch",
        "tensorboard",
        "safetensors",
        "bloom",
        "text-generation",
        "ak",
        "ar",
        "as",
        "bm",
        "bn",
        "ca",
        "code",
        "en",
        "es",
        "eu",
        "fon",
        "fr",
        "gu",
        "hi",
        "id",
        "ig",
        "ki",
        "kn",
        "lg",
        "ln",
        "ml",
        "mr",
        "ne",
        "nso",
        "ny",
        "or",
        "pa",
        "pt",
        "rn",
        "rw",
        "sn",
        "st",
        "sw",
        "ta",
        "te",
        "tn",
        "ts",
        "tum",
        "tw",
        "ur",
        "vi",
        "wo",
        "xh",
        "yo",
        "zh",
        "zu",
        "dataset:bigscience/xP3mt",
        "arxiv:2211.01786",
        "license:bigscience-bloom-rail-1.0",
        "model-index",
        "autotrain_compatible",
        "text-generation-inference",
        "endpoints_compatible",
        "region:us"
      ],
      "pipeline_tag": "text-generation",
      "library_name": "transformers",
      "createdAt": "2022-10-03T15:08:35.000Z",
      "modelId": "bigscience/bloomz-mt"
    },
    {
      "_id": "6341a1f24c9a81858b2ed60e",
      "id": "bigscience/bloomz-560m",
      "likes": 125,
      "trendingScore": 0,
      "private": false,
      "downloads": 1237148,
      "tags": [
        "transformers",
        "pytorch",
        "tensorboard",
        "safetensors",
        "bloom",
        "text-generation",
        "ak",
        "ar",
        "as",
        "bm",
        "bn",
        "ca",
        "code",
        "en",
        "es",
        "eu",
        "fon",
        "fr",
        "gu",
        "hi",
        "id",
        "ig",
        "ki",
        "kn",
        "lg",
        "ln",
        "ml",
        "mr",
        "ne",
        "nso",
        "ny",
        "or",
        "pa",
        "pt",
        "rn",
        "rw",
        "sn",
        "st",
        "sw",
        "ta",
        "te",
        "tn",
        "ts",
        "tum",
        "tw",
        "ur",
        "vi",
        "wo",
        "xh",
        "yo",
        "zh",
        "zu",
        "dataset:bigscience/xP3",
        "arxiv:2211.01786",
        "license:bigscience-bloom-rail-1.0",
        "model-index",
        "autotrain_compatible",
        "text-generation-inference",
        "endpoints_compatible",
        "region:us"
      ],
      "pipeline_tag": "text-generation",
      "library_name": "transformers",
      "createdAt": "2022-10-08T16:14:42.000Z",
      "modelId": "bigscience/bloomz-560m"
    },
    {
      "_id": "6341a241df7779d7886578bf",
      "id": "bigscience/bloomz-1b1",
      "likes": 33,
      "trendingScore": 0,
      "private": false,
      "downloads": 6696,
      "tags": [
        "transformers",
        "pytorch",
        "tensorboard",
        "safetensors",
        "bloom",
        "text-generation",
        "ak",
        "ar",
        "as",
        "bm",
        "bn",
        "ca",
        "code",
        "en",
        "es",
        "eu",
        "fon",
        "fr",
        "gu",
        "hi",
        "id",
        "ig",
        "ki",
        "kn",
        "lg",
        "ln",
        "ml",
        "mr",
        "ne",
        "nso",
        "ny",
        "or",
        "pa",
        "pt",
        "rn",
        "rw",
        "sn",
        "st",
        "sw",
        "ta",
        "te",
        "tn",
        "ts",
        "tum",
        "tw",
        "ur",
        "vi",
        "wo",
        "xh",
        "yo",
        "zh",
        "zu",
        "dataset:bigscience/xP3",
        "arxiv:2211.01786",
        "license:bigscience-bloom-rail-1.0",
        "model-index",
        "autotrain_compatible",
        "text-generation-inference",
        "endpoints_compatible",
        "region:us"
      ],
      "pipeline_tag": "text-generation",
      "library_name": "transformers",
      "createdAt": "2022-10-08T16:16:01.000Z",
      "modelId": "bigscience/bloomz-1b1"
    },
    {
      "_id": "6341a588dd8853dc7e35a144",
      "id": "bigscience/bloomz-560m-ckpts",
      "likes": 1,
      "trendingScore": 0,
      "private": false,
      "downloads": 0,
      "tags": [
        "region:us"
      ],
      "createdAt": "2022-10-08T16:30:00.000Z",
      "modelId": "bigscience/bloomz-560m-ckpts"
    },
    {
      "_id": "6341a8a97a0225764f4035ad",
      "id": "bigscience/bloomz-1b1-ckpts",
      "likes": 0,
      "trendingScore": 0,
      "private": false,
      "downloads": 0,
      "tags": [
        "region:us"
      ],
      "createdAt": "2022-10-08T16:43:21.000Z",
      "modelId": "bigscience/bloomz-1b1-ckpts"
    },
    {
      "_id": "6341a99c9948f573f372a01b",
      "id": "bigscience/bloomz-3b",
      "likes": 81,
      "trendingScore": 0,
      "private": false,
      "downloads": 8662,
      "tags": [
        "transformers",
        "pytorch",
        "tensorboard",
        "safetensors",
        "bloom",
        "text-generation",
        "ak",
        "ar",
        "as",
        "bm",
        "bn",
        "ca",
        "code",
        "en",
        "es",
        "eu",
        "fon",
        "fr",
        "gu",
        "hi",
        "id",
        "ig",
        "ki",
        "kn",
        "lg",
        "ln",
        "ml",
        "mr",
        "ne",
        "nso",
        "ny",
        "or",
        "pa",
        "pt",
        "rn",
        "rw",
        "sn",
        "st",
        "sw",
        "ta",
        "te",
        "tn",
        "ts",
        "tum",
        "tw",
        "ur",
        "vi",
        "wo",
        "xh",
        "yo",
        "zh",
        "zu",
        "dataset:bigscience/xP3",
        "arxiv:2211.01786",
        "license:bigscience-bloom-rail-1.0",
        "model-index",
        "autotrain_compatible",
        "text-generation-inference",
        "endpoints_compatible",
        "region:us"
      ],
      "pipeline_tag": "text-generation",
      "library_name": "transformers",
      "createdAt": "2022-10-08T16:47:24.000Z",
      "modelId": "bigscience/bloomz-3b"
    },
    {
      "_id": "6341a9b6dd8853dc7e35d4b5",
      "id": "bigscience/bloomz-3b-ckpts",
      "likes": 0,
      "trendingScore": 0,
      "private": false,
      "downloads": 0,
      "tags": [
        "region:us"
      ],
      "createdAt": "2022-10-08T16:47:50.000Z",
      "modelId": "bigscience/bloomz-3b-ckpts"
    },
    {
      "_id": "6341ce77dd8853dc7e377d7f",
      "id": "bigscience/bloomz-1b7",
      "likes": 23,
      "trendingScore": 0,
      "private": false,
      "downloads": 3630,
      "tags": [
        "transformers",
        "pytorch",
        "tensorboard",
        "safetensors",
        "bloom",
        "text-generation",
        "ak",
        "ar",
        "as",
        "bm",
        "bn",
        "ca",
        "code",
        "en",
        "es",
        "eu",
        "fon",
        "fr",
        "gu",
        "hi",
        "id",
        "ig",
        "ki",
        "kn",
        "lg",
        "ln",
        "ml",
        "mr",
        "ne",
        "nso",
        "ny",
        "or",
        "pa",
        "pt",
        "rn",
        "rw",
        "sn",
        "st",
        "sw",
        "ta",
        "te",
        "tn",
        "ts",
        "tum",
        "tw",
        "ur",
        "vi",
        "wo",
        "xh",
        "yo",
        "zh",
        "zu",
        "dataset:bigscience/xP3",
        "arxiv:2211.01786",
        "license:bigscience-bloom-rail-1.0",
        "model-index",
        "autotrain_compatible",
        "text-generation-inference",
        "endpoints_compatible",
        "region:us"
      ],
      "pipeline_tag": "text-generation",
      "library_name": "transformers",
      "createdAt": "2022-10-08T19:24:39.000Z",
      "modelId": "bigscience/bloomz-1b7"
    },
    {
      "_id": "6341d3899948f573f37476c1",
      "id": "bigscience/bloomz-mt-optimizer-states",
      "likes": 2,
      "trendingScore": 0,
      "private": false,
      "downloads": 0,
      "tags": [
        "region:us"
      ],
      "createdAt": "2022-10-08T19:46:17.000Z",
      "modelId": "bigscience/bloomz-mt-optimizer-states"
    },
    {
      "_id": "6341d47c8d8089ebaef76258",
      "id": "bigscience/bloomz-optimizer-states",
      "likes": 1,
      "trendingScore": 0,
      "private": false,
      "downloads": 0,
      "tags": [
        "region:us"
      ],
      "createdAt": "2022-10-08T19:50:20.000Z",
      "modelId": "bigscience/bloomz-optimizer-states"
    },
    {
      "_id": "6341d7a407ca6f9c6227c45e",
      "id": "bigscience/bloomz-560m-optimizer-states",
      "likes": 0,
      "trendingScore": 0,
      "private": false,
      "downloads": 0,
      "tags": [
        "region:us"
      ],
      "createdAt": "2022-10-08T20:03:48.000Z",
      "modelId": "bigscience/bloomz-560m-optimizer-states"
    },
    {
      "_id": "6341d82c07ca6f9c6227ca60",
      "id": "bigscience/bloomz-1b1-optimizer-states",
      "likes": 0,
      "trendingScore": 0,
      "private": false,
      "downloads": 0,
      "tags": [
        "region:us"
      ],
      "createdAt": "2022-10-08T20:06:04.000Z",
      "modelId": "bigscience/bloomz-1b1-optimizer-states"
    },
    {
      "_id": "6341d96edf7779d78867f0b0",
      "id": "bigscience/bloomz-3b-optimizer-states",
      "likes": 0,
      "trendingScore": 0,
      "private": false,
      "downloads": 0,
      "tags": [
        "region:us"
      ],
      "createdAt": "2022-10-08T20:11:26.000Z",
      "modelId": "bigscience/bloomz-3b-optimizer-states"
    },
    {
      "_id": "6341d9fe8d8089ebaef7a0e2",
      "id": "bigscience/bloomz-7b1-optimizer-states",
      "likes": 1,
      "trendingScore": 0,
      "private": false,
      "downloads": 0,
      "tags": [
        "region:us"
      ],
      "createdAt": "2022-10-08T20:13:50.000Z",
      "modelId": "bigscience/bloomz-7b1-optimizer-states"
    },
    {
      "_id": "634296085b97f50938878937",
      "id": "bigscience/bloomz-1b7-optimizer-states",
      "likes": 0,
      "trendingScore": 0,
      "private": false,
      "downloads": 0,
      "tags": [
        "region:us"
      ],
      "createdAt": "2022-10-09T09:36:08.000Z",
      "modelId": "bigscience/bloomz-1b7-optimizer-states"
    },
    {
      "_id": "63c4f366bfd39d7373accd65",
      "id": "bigscience/bloomz-petals",
      "likes": 12,
      "trendingScore": 0,
      "private": false,
      "downloads": 24,
      "tags": [
        "transformers",
        "pytorch",
        "bloom",
        "text-generation",
        "autotrain_compatible",
        "text-generation-inference",
        "endpoints_compatible",
        "region:us"
      ],
      "pipeline_tag": "text-generation",
      "library_name": "transformers",
      "createdAt": "2023-01-16T06:49:10.000Z",
      "modelId": "bigscience/bloomz-petals"
    },
    {
      "_id": "63ccabf9df168f678c6da02d",
      "id": "bigscience/bloom-7b1-petals",
      "likes": 1,
      "trendingScore": 0,
      "private": false,
      "downloads": 30,
      "tags": [
        "transformers",
        "pytorch",
        "safetensors",
        "bloom",
        "text-generation",
        "autotrain_compatible",
        "text-generation-inference",
        "endpoints_compatible",
        "region:us"
      ],
      "pipeline_tag": "text-generation",
      "library_name": "transformers",
      "createdAt": "2023-01-22T03:22:33.000Z",
      "modelId": "bigscience/bloom-7b1-petals"
    },
    {
      "_id": "640a628ae0f5dbef40fed8ee",
      "id": "lokmantsui/twitter_complaints_bigscience_bloomz-7b1_LORA_CAUSAL_LM",
      "likes": 0,
      "trendingScore": 0,
      "private": false,
      "downloads": 0,
      "tags": [
        "region:us"
      ],
      "createdAt": "2023-03-09T22:49:46.000Z",
      "modelId": "lokmantsui/twitter_complaints_bigscience_bloomz-7b1_LORA_CAUSAL_LM"
    },
    {
      "_id": "641729bd188a260d6b8c64c0",
      "id": "ayushk4/bigscience-.-bloom-7b1",
      "likes": 0,
      "trendingScore": 0,
      "private": false,
      "downloads": 0,
      "tags": [
        "license:bigscience-bloom-rail-1.0",
        "region:us"
      ],
      "createdAt": "2023-03-19T15:26:53.000Z",
      "modelId": "ayushk4/bigscience-.-bloom-7b1"
    },
    {
      "_id": "6425be9d973402b9bd1a2317",
      "id": "helenai/bigscience-bloom-560m-ov",
      "likes": 2,
      "trendingScore": 0,
      "private": false,
      "downloads": 13,
      "tags": [
        "transformers",
        "openvino",
        "bloom",
        "text-generation",
        "en",
        "autotrain_compatible",
        "endpoints_compatible",
        "region:us"
      ],
      "pipeline_tag": "text-generation",
      "library_name": "transformers",
      "createdAt": "2023-03-30T16:53:49.000Z",
      "modelId": "helenai/bigscience-bloom-560m-ov"
    }
  ]
}