{
  "items": [
    {
      "_id": "621ffdc136468d709f17df0f",
      "id": "microsoft/trocr-base-handwritten",
      "likes": 430,
      "trendingScore": 4,
      "private": false,
      "downloads": 707015,
      "tags": [
        "transformers",
        "pytorch",
        "safetensors",
        "vision-encoder-decoder",
        "image-to-text",
        "trocr",
        "arxiv:2109.10282",
        "license:mit",
        "endpoints_compatible",
        "region:us"
      ],
      "pipeline_tag": "image-to-text",
      "library_name": "transformers",
      "createdAt": "2022-03-02T23:29:05.000Z",
      "modelId": "microsoft/trocr-base-handwritten"
    },
    {
      "_id": "621ffdc136468d709f17df10",
      "id": "microsoft/trocr-base-printed",
      "likes": 187,
      "trendingScore": 2,
      "private": false,
      "downloads": 421052,
      "tags": [
        "transformers",
        "pytorch",
        "safetensors",
        "vision-encoder-decoder",
        "image-to-text",
        "trocr",
        "arxiv:2109.10282",
        "endpoints_compatible",
        "region:us"
      ],
      "pipeline_tag": "image-to-text",
      "library_name": "transformers",
      "createdAt": "2022-03-02T23:29:05.000Z",
      "modelId": "microsoft/trocr-base-printed"
    },
    {
      "_id": "621ffdc136468d709f17df11",
      "id": "microsoft/trocr-base-stage1",
      "likes": 14,
      "trendingScore": 0,
      "private": false,
      "downloads": 82490,
      "tags": [
        "transformers",
        "pytorch",
        "safetensors",
        "vision-encoder-decoder",
        "image-to-text",
        "trocr",
        "arxiv:2109.10282",
        "endpoints_compatible",
        "region:us"
      ],
      "pipeline_tag": "image-to-text",
      "library_name": "transformers",
      "createdAt": "2022-03-02T23:29:05.000Z",
      "modelId": "microsoft/trocr-base-stage1"
    },
    {
      "_id": "6319af89063671aa39d4fc0b",
      "id": "microsoft/trocr-base-str",
      "likes": 6,
      "trendingScore": 0,
      "private": false,
      "downloads": 831,
      "tags": [
        "transformers",
        "pytorch",
        "vision-encoder-decoder",
        "image-to-text",
        "trocr",
        "arxiv:2109.10282",
        "endpoints_compatible",
        "region:us"
      ],
      "pipeline_tag": "image-to-text",
      "library_name": "transformers",
      "createdAt": "2022-09-08T09:02:01.000Z",
      "modelId": "microsoft/trocr-base-str"
    }
  ]
}