{
  "items": [
    {
      "_id": "621ffdc136468d709f17adf9",
      "id": "facebook/m2m100_418M",
      "likes": 309,
      "trendingScore": 3,
      "private": false,
      "downloads": 605236,
      "tags": [
        "transformers",
        "pytorch",
        "rust",
        "m2m_100",
        "text2text-generation",
        "multilingual",
        "af",
        "am",
        "ar",
        "ast",
        "az",
        "ba",
        "be",
        "bg",
        "bn",
        "br",
        "bs",
        "ca",
        "ceb",
        "cs",
        "cy",
        "da",
        "de",
        "el",
        "en",
        "es",
        "et",
        "fa",
        "ff",
        "fi",
        "fr",
        "fy",
        "ga",
        "gd",
        "gl",
        "gu",
        "ha",
        "he",
        "hi",
        "hr",
        "ht",
        "hu",
        "hy",
        "id",
        "ig",
        "ilo",
        "is",
        "it",
        "ja",
        "jv",
        "ka",
        "kk",
        "km",
        "kn",
        "ko",
        "lb",
        "lg",
        "ln",
        "lo",
        "lt",
        "lv",
        "mg",
        "mk",
        "ml",
        "mn",
        "mr",
        "ms",
        "my",
        "ne",
        "nl",
        "no",
        "ns",
        "oc",
        "or",
        "pa",
        "pl",
        "ps",
        "pt",
        "ro",
        "ru",
        "sd",
        "si",
        "sk",
        "sl",
        "so",
        "sq",
        "sr",
        "ss",
        "su",
        "sv",
        "sw",
        "ta",
        "th",
        "tl",
        "tn",
        "tr",
        "uk",
        "ur",
        "uz",
        "vi",
        "wo",
        "xh",
        "yi",
        "yo",
        "zh",
        "zu",
        "arxiv:2010.11125",
        "license:mit",
        "endpoints_compatible",
        "region:us"
      ],
      "library_name": "transformers",
      "createdAt": "2022-03-02T23:29:05.000Z",
      "modelId": "facebook/m2m100_418M"
    },
    {
      "_id": "67adaf9a1c626851620dfa06",
      "id": "DSlana/facebook_m2m100_418M-5_6",
      "likes": 0,
      "trendingScore": 0,
      "private": false,
      "downloads": 1,
      "tags": [
        "transformers",
        "safetensors",
        "m2m_100",
        "text2text-generation",
        "arxiv:1910.09700",
        "endpoints_compatible",
        "region:us"
      ],
      "library_name": "transformers",
      "createdAt": "2025-02-13T08:38:50.000Z",
      "modelId": "DSlana/facebook_m2m100_418M-5_6"
    },
    {
      "_id": "683747950177eccdd677bee3",
      "id": "longvnhue1/facebook-m2m100_418M-fine_tuning",
      "likes": 0,
      "trendingScore": 0,
      "private": false,
      "downloads": 0,
      "tags": [
        "adapter-transformers",
        "safetensors",
        "m2m_100",
        "en",
        "vi",
        "base_model:facebook/m2m100_418M",
        "base_model:adapter:facebook/m2m100_418M",
        "license:mit",
        "region:us"
      ],
      "library_name": "adapter-transformers",
      "createdAt": "2025-05-28T17:27:49.000Z",
      "modelId": "longvnhue1/facebook-m2m100_418M-fine_tuning"
    },
    {
      "_id": "6859ab5151ebff98ee31fe71",
      "id": "macchatou/facebook_m2m100_418M_MEP_CN-FR_Fine-tuning",
      "likes": 0,
      "trendingScore": 0,
      "private": false,
      "downloads": 2,
      "tags": [
        "safetensors",
        "m2m_100",
        "license:mit",
        "region:us"
      ],
      "createdAt": "2025-06-23T19:30:25.000Z",
      "modelId": "macchatou/facebook_m2m100_418M_MEP_CN-FR_Fine-tuning"
    },
    {
      "_id": "685a6815a68a3db6909cf3ee",
      "id": "macchatou/facebook_m2m100_418M_MEP_CN-FR_Fine-tuning2",
      "likes": 0,
      "trendingScore": 0,
      "private": false,
      "downloads": 3,
      "tags": [
        "safetensors",
        "m2m_100",
        "license:mit",
        "region:us"
      ],
      "createdAt": "2025-06-24T08:55:49.000Z",
      "modelId": "macchatou/facebook_m2m100_418M_MEP_CN-FR_Fine-tuning2"
    }
  ]
}