{
  "items": [
    {
      "_id": "65cac0d27faf059c56a5821f",
      "id": "google/gemma-7b-it",
      "likes": 1207,
      "trendingScore": 4,
      "private": false,
      "downloads": 127378,
      "tags": [
        "transformers",
        "safetensors",
        "gguf",
        "gemma",
        "text-generation",
        "conversational",
        "arxiv:2312.11805",
        "arxiv:2009.03300",
        "arxiv:1905.07830",
        "arxiv:1911.11641",
        "arxiv:1904.09728",
        "arxiv:1905.10044",
        "arxiv:1907.10641",
        "arxiv:1811.00937",
        "arxiv:1809.02789",
        "arxiv:1911.01547",
        "arxiv:1705.03551",
        "arxiv:2107.03374",
        "arxiv:2108.07732",
        "arxiv:2110.14168",
        "arxiv:2304.06364",
        "arxiv:2206.04615",
        "arxiv:1804.06876",
        "arxiv:2110.08193",
        "arxiv:2009.11462",
        "arxiv:2101.11718",
        "arxiv:1804.09301",
        "arxiv:2109.07958",
        "arxiv:2203.09509",
        "base_model:google/gemma-7b",
        "base_model:finetune:google/gemma-7b",
        "license:gemma",
        "autotrain_compatible",
        "text-generation-inference",
        "endpoints_compatible",
        "region:us"
      ],
      "pipeline_tag": "text-generation",
      "library_name": "transformers",
      "createdAt": "2024-02-13T01:07:30.000Z",
      "modelId": "google/gemma-7b-it"
    },
    {
      "_id": "65d7ed253a52cd9bcd5bb838",
      "id": "cloudyu/google-gemma-7b-it-dpo-v1",
      "likes": 0,
      "trendingScore": 0,
      "private": false,
      "downloads": 3,
      "tags": [
        "transformers",
        "safetensors",
        "gemma",
        "text-generation",
        "conversational",
        "license:other",
        "autotrain_compatible",
        "text-generation-inference",
        "endpoints_compatible",
        "region:us"
      ],
      "pipeline_tag": "text-generation",
      "library_name": "transformers",
      "createdAt": "2024-02-23T00:56:05.000Z",
      "modelId": "cloudyu/google-gemma-7b-it-dpo-v1"
    },
    {
      "_id": "65d90b3d16cebdd689fe4892",
      "id": "google/gemma-7b-it-GGUF",
      "likes": 43,
      "trendingScore": 0,
      "private": false,
      "downloads": 105,
      "tags": [
        "llama.cpp",
        "gguf",
        "arxiv:2312.11805",
        "arxiv:2009.03300",
        "arxiv:1905.07830",
        "arxiv:1911.11641",
        "arxiv:1904.09728",
        "arxiv:1905.10044",
        "arxiv:1907.10641",
        "arxiv:1811.00937",
        "arxiv:1809.02789",
        "arxiv:1911.01547",
        "arxiv:1705.03551",
        "arxiv:2107.03374",
        "arxiv:2108.07732",
        "arxiv:2110.14168",
        "arxiv:2304.06364",
        "arxiv:2206.04615",
        "arxiv:1804.06876",
        "arxiv:2110.08193",
        "arxiv:2009.11462",
        "arxiv:2101.11718",
        "arxiv:1804.09301",
        "arxiv:2109.07958",
        "arxiv:2203.09509",
        "base_model:google/gemma-7b-it",
        "base_model:quantized:google/gemma-7b-it",
        "license:gemma",
        "endpoints_compatible",
        "region:us"
      ],
      "library_name": "llama.cpp",
      "createdAt": "2024-02-23T21:16:45.000Z",
      "modelId": "google/gemma-7b-it-GGUF"
    },
    {
      "_id": "65db96b5bebcf940d3db116c",
      "id": "libklein/google-gemma-7b-it-tracks",
      "likes": 0,
      "trendingScore": 0,
      "private": false,
      "downloads": 0,
      "tags": [
        "region:us"
      ],
      "createdAt": "2024-02-25T19:36:21.000Z",
      "modelId": "libklein/google-gemma-7b-it-tracks"
    },
    {
      "_id": "65dcc038dceb54d42056e755",
      "id": "google/gemma-7b-it-cpp",
      "likes": 1,
      "trendingScore": 0,
      "private": false,
      "downloads": 0,
      "tags": [
        "gemma.cpp",
        "text-generation",
        "license:gemma",
        "region:us"
      ],
      "pipeline_tag": "text-generation",
      "library_name": "gemma.cpp",
      "createdAt": "2024-02-26T16:45:44.000Z",
      "modelId": "google/gemma-7b-it-cpp"
    },
    {
      "_id": "65dcf6df538de88960245af9",
      "id": "google/gemma-7b-it-pytorch",
      "likes": 6,
      "trendingScore": 0,
      "private": false,
      "downloads": 41,
      "tags": [
        "gemma_torch",
        "pytorch",
        "text-generation",
        "license:gemma",
        "region:us"
      ],
      "pipeline_tag": "text-generation",
      "library_name": "gemma_torch",
      "createdAt": "2024-02-26T20:38:55.000Z",
      "modelId": "google/gemma-7b-it-pytorch"
    },
    {
      "_id": "65dd2652df2d4e092fc0a720",
      "id": "justinxzhao/google-gemma-7b-it-dequantized",
      "likes": 0,
      "trendingScore": 0,
      "private": false,
      "downloads": 2,
      "tags": [
        "transformers",
        "safetensors",
        "gemma",
        "text-generation",
        "conversational",
        "autotrain_compatible",
        "text-generation-inference",
        "endpoints_compatible",
        "region:us"
      ],
      "pipeline_tag": "text-generation",
      "library_name": "transformers",
      "createdAt": "2024-02-27T00:01:22.000Z",
      "modelId": "justinxzhao/google-gemma-7b-it-dequantized"
    },
    {
      "_id": "65dd26b6c1ef45fb89afc40e",
      "id": "google/gemma-7b-it-keras",
      "likes": 2,
      "trendingScore": 0,
      "private": false,
      "downloads": 31,
      "tags": [
        "keras-hub",
        "text-generation",
        "license:gemma",
        "region:us"
      ],
      "pipeline_tag": "text-generation",
      "library_name": "keras-hub",
      "createdAt": "2024-02-27T00:03:02.000Z",
      "modelId": "google/gemma-7b-it-keras"
    },
    {
      "_id": "65ddc14308430d6080c61baa",
      "id": "google/gemma-7b-it-sfp-cpp",
      "likes": 1,
      "trendingScore": 0,
      "private": false,
      "downloads": 0,
      "tags": [
        "gemma.cpp",
        "text-generation",
        "license:gemma",
        "region:us"
      ],
      "pipeline_tag": "text-generation",
      "library_name": "gemma.cpp",
      "createdAt": "2024-02-27T11:02:27.000Z",
      "modelId": "google/gemma-7b-it-sfp-cpp"
    },
    {
      "_id": "65ddcec47386a8f5594b37fd",
      "id": "google/gemma-7b-it-quant-pytorch",
      "likes": 11,
      "trendingScore": 0,
      "private": false,
      "downloads": 102,
      "tags": [
        "gemma_torch",
        "pytorch",
        "text-generation",
        "license:gemma",
        "region:us"
      ],
      "pipeline_tag": "text-generation",
      "library_name": "gemma_torch",
      "createdAt": "2024-02-27T12:00:04.000Z",
      "modelId": "google/gemma-7b-it-quant-pytorch"
    },
    {
      "_id": "65ddeab87b8cd1aab17f3d06",
      "id": "google/gemma-7b-it-flax",
      "likes": 1,
      "trendingScore": 0,
      "private": false,
      "downloads": 0,
      "tags": [
        "jax",
        "gemma_jax",
        "text-generation",
        "license:gemma",
        "region:us"
      ],
      "pipeline_tag": "text-generation",
      "library_name": "jax",
      "createdAt": "2024-02-27T13:59:20.000Z",
      "modelId": "google/gemma-7b-it-flax"
    },
    {
      "_id": "65f47c8588a1b8264517b773",
      "id": "google/gemma-1.1-7b-it-pytorch",
      "likes": 4,
      "trendingScore": 0,
      "private": false,
      "downloads": 41,
      "tags": [
        "gemma_torch",
        "pytorch",
        "text-generation",
        "license:gemma",
        "region:us"
      ],
      "pipeline_tag": "text-generation",
      "library_name": "gemma_torch",
      "createdAt": "2024-03-15T16:51:17.000Z",
      "modelId": "google/gemma-1.1-7b-it-pytorch"
    },
    {
      "_id": "65f4fc27df29f02c6d28dc97",
      "id": "google/gemma-1.1-7b-it-GGUF",
      "likes": 20,
      "trendingScore": 0,
      "private": false,
      "downloads": 22,
      "tags": [
        "llama.cpp",
        "gguf",
        "arxiv:2312.11805",
        "arxiv:2009.03300",
        "arxiv:1905.07830",
        "arxiv:1911.11641",
        "arxiv:1904.09728",
        "arxiv:1905.10044",
        "arxiv:1907.10641",
        "arxiv:1811.00937",
        "arxiv:1809.02789",
        "arxiv:1911.01547",
        "arxiv:1705.03551",
        "arxiv:2107.03374",
        "arxiv:2108.07732",
        "arxiv:2110.14168",
        "arxiv:2304.06364",
        "arxiv:2206.04615",
        "arxiv:1804.06876",
        "arxiv:2110.08193",
        "arxiv:2009.11462",
        "arxiv:2101.11718",
        "arxiv:1804.09301",
        "arxiv:2109.07958",
        "arxiv:2203.09509",
        "license:gemma",
        "endpoints_compatible",
        "region:us"
      ],
      "library_name": "llama.cpp",
      "createdAt": "2024-03-16T01:55:51.000Z",
      "modelId": "google/gemma-1.1-7b-it-GGUF"
    },
    {
      "_id": "66034ec09b43d04417fd3e35",
      "id": "google/gemma-1.1-7b-it",
      "likes": 274,
      "trendingScore": 0,
      "private": false,
      "downloads": 15614,
      "tags": [
        "transformers",
        "safetensors",
        "gemma",
        "text-generation",
        "conversational",
        "arxiv:2312.11805",
        "arxiv:2009.03300",
        "arxiv:1905.07830",
        "arxiv:1911.11641",
        "arxiv:1904.09728",
        "arxiv:1905.10044",
        "arxiv:1907.10641",
        "arxiv:1811.00937",
        "arxiv:1809.02789",
        "arxiv:1911.01547",
        "arxiv:1705.03551",
        "arxiv:2107.03374",
        "arxiv:2108.07732",
        "arxiv:2110.14168",
        "arxiv:2304.06364",
        "arxiv:2206.04615",
        "arxiv:1804.06876",
        "arxiv:2110.08193",
        "license:gemma",
        "autotrain_compatible",
        "text-generation-inference",
        "endpoints_compatible",
        "region:us"
      ],
      "pipeline_tag": "text-generation",
      "library_name": "transformers",
      "createdAt": "2024-03-26T22:40:00.000Z",
      "modelId": "google/gemma-1.1-7b-it"
    },
    {
      "_id": "66040ae509f8e97e9f3db085",
      "id": "Geerath/google-gemma-7b-it-finetuned-web-questions",
      "likes": 0,
      "trendingScore": 0,
      "private": false,
      "downloads": 4,
      "tags": [
        "transformers",
        "safetensors",
        "gemma",
        "text-generation",
        "conversational",
        "dataset:web_questions",
        "autotrain_compatible",
        "text-generation-inference",
        "endpoints_compatible",
        "region:us"
      ],
      "pipeline_tag": "text-generation",
      "library_name": "transformers",
      "createdAt": "2024-03-27T12:02:45.000Z",
      "modelId": "Geerath/google-gemma-7b-it-finetuned-web-questions"
    },
    {
      "_id": "66169f8aec00e526b0afc54c",
      "id": "google/gemma-1.1-7b-it-keras",
      "likes": 3,
      "trendingScore": 0,
      "private": false,
      "downloads": 32,
      "tags": [
        "keras-hub",
        "text-generation",
        "license:gemma",
        "region:us"
      ],
      "pipeline_tag": "text-generation",
      "library_name": "keras-hub",
      "createdAt": "2024-04-10T14:17:46.000Z",
      "modelId": "google/gemma-1.1-7b-it-keras"
    },
    {
      "_id": "6618ff687d8c2cd6fbee5f64",
      "id": "RichardErkhov/google_-_gemma-1.1-7b-it-gguf",
      "likes": 0,
      "trendingScore": 0,
      "private": false,
      "downloads": 17,
      "tags": [
        "gguf",
        "endpoints_compatible",
        "region:us",
        "conversational"
      ],
      "createdAt": "2024-04-12T09:31:20.000Z",
      "modelId": "RichardErkhov/google_-_gemma-1.1-7b-it-gguf"
    },
    {
      "_id": "66195876efcbd637f927c868",
      "id": "easynet/google-gemma-1.1-7b-it-GGUF",
      "likes": 1,
      "trendingScore": 0,
      "private": false,
      "downloads": 6,
      "tags": [
        "gguf",
        "license:gemma",
        "endpoints_compatible",
        "region:us",
        "conversational"
      ],
      "createdAt": "2024-04-12T15:51:18.000Z",
      "modelId": "easynet/google-gemma-1.1-7b-it-GGUF"
    },
    {
      "_id": "662f9c727dc03cfaae84ff79",
      "id": "PrunaAI/google-gemma-7b-it-HQQ-2bit-smashed",
      "likes": 0,
      "trendingScore": 0,
      "private": false,
      "downloads": 2,
      "tags": [
        "transformers",
        "gemma",
        "text-generation",
        "pruna-ai",
        "base_model:google/gemma-7b-it",
        "base_model:finetune:google/gemma-7b-it",
        "autotrain_compatible",
        "endpoints_compatible",
        "region:us"
      ],
      "pipeline_tag": "text-generation",
      "library_name": "transformers",
      "createdAt": "2024-04-29T13:11:14.000Z",
      "modelId": "PrunaAI/google-gemma-7b-it-HQQ-2bit-smashed"
    },
    {
      "_id": "662f9c7e35acb81eed38dfab",
      "id": "PrunaAI/google-gemma-7b-it-HQQ-1bit-smashed",
      "likes": 0,
      "trendingScore": 0,
      "private": false,
      "downloads": 4,
      "tags": [
        "transformers",
        "gemma",
        "text-generation",
        "pruna-ai",
        "base_model:google/gemma-7b-it",
        "base_model:finetune:google/gemma-7b-it",
        "autotrain_compatible",
        "endpoints_compatible",
        "region:us"
      ],
      "pipeline_tag": "text-generation",
      "library_name": "transformers",
      "createdAt": "2024-04-29T13:11:26.000Z",
      "modelId": "PrunaAI/google-gemma-7b-it-HQQ-1bit-smashed"
    },
    {
      "_id": "662fc4ced2f21fa96cf50691",
      "id": "PrunaAI/google-gemma-7b-it-HQQ-4bit-smashed",
      "likes": 0,
      "trendingScore": 0,
      "private": false,
      "downloads": 2,
      "tags": [
        "transformers",
        "gemma",
        "text-generation",
        "pruna-ai",
        "base_model:google/gemma-7b-it",
        "base_model:finetune:google/gemma-7b-it",
        "autotrain_compatible",
        "endpoints_compatible",
        "region:us"
      ],
      "pipeline_tag": "text-generation",
      "library_name": "transformers",
      "createdAt": "2024-04-29T16:03:26.000Z",
      "modelId": "PrunaAI/google-gemma-7b-it-HQQ-4bit-smashed"
    },
    {
      "_id": "662fc8d326e1fbe9bde3bc40",
      "id": "PrunaAI/google-gemma-7b-it-AWQ-4bit-smashed",
      "likes": 0,
      "trendingScore": 0,
      "private": false,
      "downloads": 4,
      "tags": [
        "transformers",
        "safetensors",
        "gemma",
        "text-generation",
        "pruna-ai",
        "conversational",
        "base_model:google/gemma-7b-it",
        "base_model:quantized:google/gemma-7b-it",
        "autotrain_compatible",
        "text-generation-inference",
        "endpoints_compatible",
        "4-bit",
        "awq",
        "region:us"
      ],
      "pipeline_tag": "text-generation",
      "library_name": "transformers",
      "createdAt": "2024-04-29T16:20:35.000Z",
      "modelId": "PrunaAI/google-gemma-7b-it-AWQ-4bit-smashed"
    },
    {
      "_id": "6632dd13bc4ab4b4506c3ab7",
      "id": "PrunaAI/google-gemma-7b-it-bnb-4bit-smashed",
      "likes": 0,
      "trendingScore": 0,
      "private": false,
      "downloads": 2,
      "tags": [
        "transformers",
        "safetensors",
        "gemma",
        "text-generation",
        "pruna-ai",
        "conversational",
        "base_model:google/gemma-7b-it",
        "base_model:quantized:google/gemma-7b-it",
        "autotrain_compatible",
        "text-generation-inference",
        "endpoints_compatible",
        "4-bit",
        "bitsandbytes",
        "region:us"
      ],
      "pipeline_tag": "text-generation",
      "library_name": "transformers",
      "createdAt": "2024-05-02T00:23:47.000Z",
      "modelId": "PrunaAI/google-gemma-7b-it-bnb-4bit-smashed"
    },
    {
      "_id": "6633785ab0d78e3edbbda4ed",
      "id": "RichardErkhov/google_-_gemma-7b-it-4bits",
      "likes": 0,
      "trendingScore": 0,
      "private": false,
      "downloads": 4,
      "tags": [
        "transformers",
        "safetensors",
        "gemma",
        "text-generation",
        "conversational",
        "arxiv:2312.11805",
        "arxiv:2009.03300",
        "arxiv:1905.07830",
        "arxiv:1911.11641",
        "arxiv:1904.09728",
        "arxiv:1905.10044",
        "arxiv:1907.10641",
        "arxiv:1811.00937",
        "arxiv:1809.02789",
        "arxiv:1911.01547",
        "arxiv:1705.03551",
        "arxiv:2107.03374",
        "arxiv:2108.07732",
        "arxiv:2110.14168",
        "arxiv:2304.06364",
        "arxiv:2206.04615",
        "arxiv:1804.06876",
        "arxiv:2110.08193",
        "arxiv:2009.11462",
        "arxiv:2101.11718",
        "arxiv:1804.09301",
        "arxiv:2109.07958",
        "arxiv:2203.09509",
        "autotrain_compatible",
        "text-generation-inference",
        "endpoints_compatible",
        "4-bit",
        "bitsandbytes",
        "region:us"
      ],
      "pipeline_tag": "text-generation",
      "library_name": "transformers",
      "createdAt": "2024-05-02T11:26:18.000Z",
      "modelId": "RichardErkhov/google_-_gemma-7b-it-4bits"
    },
    {
      "_id": "663383480fccada4619e22f6",
      "id": "RichardErkhov/google_-_gemma-7b-it-8bits",
      "likes": 0,
      "trendingScore": 0,
      "private": false,
      "downloads": 2,
      "tags": [
        "transformers",
        "safetensors",
        "gemma",
        "text-generation",
        "conversational",
        "arxiv:2312.11805",
        "arxiv:2009.03300",
        "arxiv:1905.07830",
        "arxiv:1911.11641",
        "arxiv:1904.09728",
        "arxiv:1905.10044",
        "arxiv:1907.10641",
        "arxiv:1811.00937",
        "arxiv:1809.02789",
        "arxiv:1911.01547",
        "arxiv:1705.03551",
        "arxiv:2107.03374",
        "arxiv:2108.07732",
        "arxiv:2110.14168",
        "arxiv:2304.06364",
        "arxiv:2206.04615",
        "arxiv:1804.06876",
        "arxiv:2110.08193",
        "arxiv:2009.11462",
        "arxiv:2101.11718",
        "arxiv:1804.09301",
        "arxiv:2109.07958",
        "arxiv:2203.09509",
        "autotrain_compatible",
        "text-generation-inference",
        "endpoints_compatible",
        "8-bit",
        "bitsandbytes",
        "region:us"
      ],
      "pipeline_tag": "text-generation",
      "library_name": "transformers",
      "createdAt": "2024-05-02T12:12:56.000Z",
      "modelId": "RichardErkhov/google_-_gemma-7b-it-8bits"
    },
    {
      "_id": "6633882d118de0763bdf2352",
      "id": "RichardErkhov/google_-_gemma-7b-it-gguf",
      "likes": 0,
      "trendingScore": 0,
      "private": false,
      "downloads": 14,
      "tags": [
        "gguf",
        "arxiv:2312.11805",
        "arxiv:2009.03300",
        "arxiv:1905.07830",
        "arxiv:1911.11641",
        "arxiv:1904.09728",
        "arxiv:1905.10044",
        "arxiv:1907.10641",
        "arxiv:1811.00937",
        "arxiv:1809.02789",
        "arxiv:1911.01547",
        "arxiv:1705.03551",
        "arxiv:2107.03374",
        "arxiv:2108.07732",
        "arxiv:2110.14168",
        "arxiv:2304.06364",
        "arxiv:2206.04615",
        "arxiv:1804.06876",
        "arxiv:2110.08193",
        "arxiv:2009.11462",
        "arxiv:2101.11718",
        "arxiv:1804.09301",
        "arxiv:2109.07958",
        "arxiv:2203.09509",
        "endpoints_compatible",
        "region:us",
        "conversational"
      ],
      "createdAt": "2024-05-02T12:33:49.000Z",
      "modelId": "RichardErkhov/google_-_gemma-7b-it-gguf"
    },
    {
      "_id": "66774eaafd082beb33c3a259",
      "id": "yifanxie/google-gemma-7b-it-1719094954",
      "likes": 0,
      "trendingScore": 0,
      "private": false,
      "downloads": 0,
      "tags": [
        "peft",
        "safetensors",
        "arxiv:1910.09700",
        "base_model:google/gemma-7b-it",
        "base_model:adapter:google/gemma-7b-it",
        "region:us"
      ],
      "library_name": "peft",
      "createdAt": "2024-06-22T22:22:34.000Z",
      "modelId": "yifanxie/google-gemma-7b-it-1719094954"
    },
    {
      "_id": "669149b494ab6fcc69df0ed0",
      "id": "PrunaAI/google-gemma-1.1-7b-it-HQQ-2bit-smashed",
      "likes": 0,
      "trendingScore": 0,
      "private": false,
      "downloads": 1,
      "tags": [
        "transformers",
        "pruna-ai",
        "base_model:google/gemma-1.1-7b-it",
        "base_model:finetune:google/gemma-1.1-7b-it",
        "endpoints_compatible",
        "region:us"
      ],
      "library_name": "transformers",
      "createdAt": "2024-07-12T15:20:20.000Z",
      "modelId": "PrunaAI/google-gemma-1.1-7b-it-HQQ-2bit-smashed"
    },
    {
      "_id": "669149b8afe69b98eec68097",
      "id": "PrunaAI/google-gemma-1.1-7b-it-HQQ-4bit-smashed",
      "likes": 0,
      "trendingScore": 0,
      "private": false,
      "downloads": 1,
      "tags": [
        "transformers",
        "pruna-ai",
        "base_model:google/gemma-1.1-7b-it",
        "base_model:finetune:google/gemma-1.1-7b-it",
        "endpoints_compatible",
        "region:us"
      ],
      "library_name": "transformers",
      "createdAt": "2024-07-12T15:20:24.000Z",
      "modelId": "PrunaAI/google-gemma-1.1-7b-it-HQQ-4bit-smashed"
    },
    {
      "_id": "669149de30591280e1c83577",
      "id": "PrunaAI/google-gemma-1.1-7b-it-HQQ-1bit-smashed",
      "likes": 0,
      "trendingScore": 0,
      "private": false,
      "downloads": 1,
      "tags": [
        "transformers",
        "pruna-ai",
        "base_model:google/gemma-1.1-7b-it",
        "base_model:finetune:google/gemma-1.1-7b-it",
        "endpoints_compatible",
        "region:us"
      ],
      "library_name": "transformers",
      "createdAt": "2024-07-12T15:21:02.000Z",
      "modelId": "PrunaAI/google-gemma-1.1-7b-it-HQQ-1bit-smashed"
    },
    {
      "_id": "669149e094ab6fcc69df2869",
      "id": "PrunaAI/google-gemma-1.1-7b-it-QUANTO-int2bit-smashed",
      "likes": 0,
      "trendingScore": 0,
      "private": false,
      "downloads": 1,
      "tags": [
        "transformers",
        "pruna-ai",
        "base_model:google/gemma-1.1-7b-it",
        "base_model:finetune:google/gemma-1.1-7b-it",
        "endpoints_compatible",
        "region:us"
      ],
      "library_name": "transformers",
      "createdAt": "2024-07-12T15:21:04.000Z",
      "modelId": "PrunaAI/google-gemma-1.1-7b-it-QUANTO-int2bit-smashed"
    },
    {
      "_id": "66dac250e8dd73ce1f6b4505",
      "id": "google/gemma-7b-aps-it",
      "likes": 40,
      "trendingScore": 0,
      "private": false,
      "downloads": 2275,
      "tags": [
        "transformers",
        "safetensors",
        "gemma",
        "text-generation",
        "conversational",
        "arxiv:2406.19803",
        "base_model:google/gemma-7b",
        "base_model:finetune:google/gemma-7b",
        "license:gemma",
        "autotrain_compatible",
        "text-generation-inference",
        "endpoints_compatible",
        "region:us"
      ],
      "pipeline_tag": "text-generation",
      "library_name": "transformers",
      "createdAt": "2024-09-06T08:50:24.000Z",
      "modelId": "google/gemma-7b-aps-it"
    },
    {
      "_id": "66debb4295d6388895f8d130",
      "id": "RichardErkhov/justinxzhao_-_google-gemma-7b-it-dequantized-gguf",
      "likes": 0,
      "trendingScore": 0,
      "private": false,
      "downloads": 0,
      "tags": [
        "gguf",
        "endpoints_compatible",
        "region:us",
        "conversational"
      ],
      "createdAt": "2024-09-09T09:09:22.000Z",
      "modelId": "RichardErkhov/justinxzhao_-_google-gemma-7b-it-dequantized-gguf"
    },
    {
      "_id": "67338eb02f0f0d8e0ec3a045",
      "id": "RichardErkhov/google_-_gemma-1.1-7b-it-4bits",
      "likes": 0,
      "trendingScore": 0,
      "private": false,
      "downloads": 2,
      "tags": [
        "safetensors",
        "gemma",
        "arxiv:2312.11805",
        "arxiv:2009.03300",
        "arxiv:1905.07830",
        "arxiv:1911.11641",
        "arxiv:1904.09728",
        "arxiv:1905.10044",
        "arxiv:1907.10641",
        "arxiv:1811.00937",
        "arxiv:1809.02789",
        "arxiv:1911.01547",
        "arxiv:1705.03551",
        "arxiv:2107.03374",
        "arxiv:2108.07732",
        "arxiv:2110.14168",
        "arxiv:2304.06364",
        "arxiv:2206.04615",
        "arxiv:1804.06876",
        "arxiv:2110.08193",
        "4-bit",
        "bitsandbytes",
        "region:us"
      ],
      "createdAt": "2024-11-12T17:21:52.000Z",
      "modelId": "RichardErkhov/google_-_gemma-1.1-7b-it-4bits"
    },
    {
      "_id": "6739faed04ba77f721c2080b",
      "id": "RichardErkhov/google_-_gemma-7b-aps-it-gguf",
      "likes": 0,
      "trendingScore": 0,
      "private": false,
      "downloads": 112,
      "tags": [
        "gguf",
        "arxiv:2406.19803",
        "endpoints_compatible",
        "region:us",
        "conversational"
      ],
      "createdAt": "2024-11-17T14:17:17.000Z",
      "modelId": "RichardErkhov/google_-_gemma-7b-aps-it-gguf"
    },
    {
      "_id": "675ac48f23f8870d6fe5e753",
      "id": "espressor/google.gemma-7b-it_W8A8_FP8",
      "likes": 0,
      "trendingScore": 0,
      "private": false,
      "downloads": 4,
      "tags": [
        "transformers",
        "safetensors",
        "gemma",
        "text-generation",
        "conversational",
        "dataset:HuggingFaceH4/ultrachat_200k",
        "base_model:google/gemma-7b-it",
        "base_model:quantized:google/gemma-7b-it",
        "autotrain_compatible",
        "text-generation-inference",
        "endpoints_compatible",
        "compressed-tensors",
        "region:us"
      ],
      "pipeline_tag": "text-generation",
      "library_name": "transformers",
      "createdAt": "2024-12-12T11:10:07.000Z",
      "modelId": "espressor/google.gemma-7b-it_W8A8_FP8"
    },
    {
      "_id": "675ba1c8201b461fe6e0be2a",
      "id": "tensorblock/google-gemma-7b-it-dequantized-GGUF",
      "likes": 0,
      "trendingScore": 0,
      "private": false,
      "downloads": 68,
      "tags": [
        "gguf",
        "TensorBlock",
        "GGUF",
        "base_model:justinxzhao/google-gemma-7b-it-dequantized",
        "base_model:quantized:justinxzhao/google-gemma-7b-it-dequantized",
        "endpoints_compatible",
        "region:us",
        "conversational"
      ],
      "createdAt": "2024-12-13T02:54:00.000Z",
      "modelId": "tensorblock/google-gemma-7b-it-dequantized-GGUF"
    },
    {
      "_id": "677cd0b004c67a51c98824c5",
      "id": "mikekubi/task-1-google-gemma-7b-it",
      "likes": 0,
      "trendingScore": 0,
      "private": false,
      "downloads": 2,
      "tags": [
        "peft",
        "safetensors",
        "arxiv:1910.09700",
        "base_model:google/gemma-7b-it",
        "base_model:adapter:google/gemma-7b-it",
        "region:us"
      ],
      "library_name": "peft",
      "createdAt": "2025-01-07T06:58:56.000Z",
      "modelId": "mikekubi/task-1-google-gemma-7b-it"
    },
    {
      "_id": "67856e8b3ad1c0d48db9016e",
      "id": "bambambamhahah/task-1-google-gemma-7b-it",
      "likes": 1,
      "trendingScore": 0,
      "private": false,
      "downloads": 1,
      "tags": [
        "peft",
        "safetensors",
        "arxiv:1910.09700",
        "base_model:google/gemma-7b-it",
        "base_model:adapter:google/gemma-7b-it",
        "region:us"
      ],
      "library_name": "peft",
      "createdAt": "2025-01-13T19:50:35.000Z",
      "modelId": "bambambamhahah/task-1-google-gemma-7b-it"
    }
  ]
}