{
  "items": [
    {
      "_id": "621ffdc036468d709f175374",
      "id": "Edwardlzy/pegasus-large-finetuned-xsum",
      "likes": 0,
      "trendingScore": 0,
      "private": false,
      "downloads": 0,
      "tags": [
        "region:us"
      ],
      "createdAt": "2022-03-02T23:29:04.000Z",
      "modelId": "Edwardlzy/pegasus-large-finetuned-xsum"
    },
    {
      "_id": "621ffdc036468d709f175375",
      "id": "Edwardlzy/pegasus-xsum-finetuned-xsum",
      "likes": 0,
      "trendingScore": 0,
      "private": false,
      "downloads": 0,
      "tags": [
        "region:us"
      ],
      "createdAt": "2022-03-02T23:29:04.000Z",
      "modelId": "Edwardlzy/pegasus-xsum-finetuned-xsum"
    },
    {
      "_id": "621ffdc036468d709f175398",
      "id": "Einmalumdiewelt/PegasusXSUM_GNAD",
      "likes": 1,
      "trendingScore": 0,
      "private": false,
      "downloads": 30,
      "tags": [
        "transformers",
        "pytorch",
        "pegasus",
        "text2text-generation",
        "generated_from_trainer",
        "summarization",
        "de",
        "endpoints_compatible",
        "region:us"
      ],
      "pipeline_tag": "summarization",
      "library_name": "transformers",
      "createdAt": "2022-03-02T23:29:04.000Z",
      "modelId": "Einmalumdiewelt/PegasusXSUM_GNAD"
    },
    {
      "_id": "621ffdc036468d709f176828",
      "id": "Marc/pegasus_xsum_gigaword",
      "likes": 0,
      "trendingScore": 0,
      "private": false,
      "downloads": 8,
      "tags": [
        "transformers",
        "pytorch",
        "pegasus",
        "text2text-generation",
        "dataset:XSUM",
        "dataset:Gigaword",
        "endpoints_compatible",
        "region:us"
      ],
      "library_name": "transformers",
      "createdAt": "2022-03-02T23:29:04.000Z",
      "modelId": "Marc/pegasus_xsum_gigaword"
    },
    {
      "_id": "621ffdc036468d709f17701b",
      "id": "QuickRead/Reward_training_Pegasus_xsum",
      "likes": 0,
      "trendingScore": 0,
      "private": false,
      "downloads": 3,
      "tags": [
        "transformers",
        "pytorch",
        "pegasus",
        "feature-extraction",
        "endpoints_compatible",
        "region:us"
      ],
      "pipeline_tag": "feature-extraction",
      "library_name": "transformers",
      "createdAt": "2022-03-02T23:29:04.000Z",
      "modelId": "QuickRead/Reward_training_Pegasus_xsum"
    },
    {
      "_id": "621ffdc136468d709f1792a3",
      "id": "arawat/pegasus-custom-xsum",
      "likes": 0,
      "trendingScore": 0,
      "private": false,
      "downloads": 3,
      "tags": [
        "transformers",
        "pytorch",
        "pegasus",
        "text2text-generation",
        "generated_from_trainer",
        "endpoints_compatible",
        "region:us"
      ],
      "library_name": "transformers",
      "createdAt": "2022-03-02T23:29:05.000Z",
      "modelId": "arawat/pegasus-custom-xsum"
    },
    {
      "_id": "621ffdc136468d709f179de7",
      "id": "cammy/pegasus-xsum-finetuned-weaksup-1000",
      "likes": 0,
      "trendingScore": 0,
      "private": false,
      "downloads": 0,
      "tags": [
        "region:us"
      ],
      "createdAt": "2022-03-02T23:29:05.000Z",
      "modelId": "cammy/pegasus-xsum-finetuned-weaksup-1000"
    },
    {
      "_id": "621ffdc136468d709f17a119",
      "id": "cnicu/pegasus-xsum-booksum",
      "likes": 1,
      "trendingScore": 0,
      "private": false,
      "downloads": 2,
      "tags": [
        "transformers",
        "pytorch",
        "pegasus",
        "text2text-generation",
        "license:mit",
        "endpoints_compatible",
        "region:us"
      ],
      "library_name": "transformers",
      "createdAt": "2022-03-02T23:29:05.000Z",
      "modelId": "cnicu/pegasus-xsum-booksum"
    },
    {
      "_id": "621ffdc136468d709f17b307",
      "id": "fvlr/pegasus-xsum",
      "likes": 0,
      "trendingScore": 0,
      "private": false,
      "downloads": 1,
      "tags": [
        "transformers",
        "pegasus",
        "text2text-generation",
        "endpoints_compatible",
        "region:us"
      ],
      "library_name": "transformers",
      "createdAt": "2022-03-02T23:29:05.000Z",
      "modelId": "fvlr/pegasus-xsum"
    },
    {
      "_id": "621ffdc136468d709f17b6e3",
      "id": "google/pegasus-xsum",
      "likes": 207,
      "trendingScore": 0,
      "private": false,
      "downloads": 136791,
      "tags": [
        "transformers",
        "pytorch",
        "tf",
        "jax",
        "pegasus",
        "text2text-generation",
        "summarization",
        "en",
        "arxiv:1912.08777",
        "model-index",
        "endpoints_compatible",
        "region:us"
      ],
      "pipeline_tag": "summarization",
      "library_name": "transformers",
      "createdAt": "2022-03-02T23:29:05.000Z",
      "modelId": "google/pegasus-xsum"
    },
    {
      "_id": "621ffdc136468d709f17d404",
      "id": "kshrestha/pegasus-large-finetuned-xsum",
      "likes": 0,
      "trendingScore": 0,
      "private": false,
      "downloads": 0,
      "tags": [
        "region:us"
      ],
      "createdAt": "2022-03-02T23:29:05.000Z",
      "modelId": "kshrestha/pegasus-large-finetuned-xsum"
    },
    {
      "_id": "621ffdc136468d709f17e37d",
      "id": "mse30/pegasus-large-finetuned-xsum",
      "likes": 0,
      "trendingScore": 0,
      "private": false,
      "downloads": 0,
      "tags": [
        "region:us"
      ],
      "createdAt": "2022-03-02T23:29:05.000Z",
      "modelId": "mse30/pegasus-large-finetuned-xsum"
    },
    {
      "_id": "621ffdc136468d709f1808cc",
      "id": "sshleifer/distill-pegasus-xsum-12-12",
      "likes": 0,
      "trendingScore": 0,
      "private": false,
      "downloads": 3,
      "tags": [
        "transformers",
        "pytorch",
        "pegasus",
        "text2text-generation",
        "endpoints_compatible",
        "region:us"
      ],
      "library_name": "transformers",
      "createdAt": "2022-03-02T23:29:05.000Z",
      "modelId": "sshleifer/distill-pegasus-xsum-12-12"
    },
    {
      "_id": "621ffdc136468d709f1808cd",
      "id": "sshleifer/distill-pegasus-xsum-16-4",
      "likes": 4,
      "trendingScore": 0,
      "private": false,
      "downloads": 122,
      "tags": [
        "transformers",
        "pytorch",
        "pegasus",
        "text2text-generation",
        "summarization",
        "en",
        "arxiv:1912.08777",
        "endpoints_compatible",
        "region:us"
      ],
      "pipeline_tag": "summarization",
      "library_name": "transformers",
      "createdAt": "2022-03-02T23:29:05.000Z",
      "modelId": "sshleifer/distill-pegasus-xsum-16-4"
    },
    {
      "_id": "621ffdc136468d709f1808ce",
      "id": "sshleifer/distill-pegasus-xsum-16-8",
      "likes": 1,
      "trendingScore": 0,
      "private": false,
      "downloads": 5,
      "tags": [
        "transformers",
        "pytorch",
        "pegasus",
        "text2text-generation",
        "summarization",
        "en",
        "arxiv:1912.08777",
        "endpoints_compatible",
        "region:us"
      ],
      "pipeline_tag": "summarization",
      "library_name": "transformers",
      "createdAt": "2022-03-02T23:29:05.000Z",
      "modelId": "sshleifer/distill-pegasus-xsum-16-8"
    },
    {
      "_id": "621ffdc136468d709f1808d4",
      "id": "sshleifer/student-pegasus-xsum-12-12",
      "likes": 0,
      "trendingScore": 0,
      "private": false,
      "downloads": 2,
      "tags": [
        "transformers",
        "pytorch",
        "pegasus",
        "text2text-generation",
        "endpoints_compatible",
        "region:us"
      ],
      "library_name": "transformers",
      "createdAt": "2022-03-02T23:29:05.000Z",
      "modelId": "sshleifer/student-pegasus-xsum-12-12"
    },
    {
      "_id": "621ffdc136468d709f1808d5",
      "id": "sshleifer/student-pegasus-xsum-6-6",
      "likes": 0,
      "trendingScore": 0,
      "private": false,
      "downloads": 2,
      "tags": [
        "transformers",
        "pytorch",
        "pegasus",
        "text2text-generation",
        "endpoints_compatible",
        "region:us"
      ],
      "library_name": "transformers",
      "createdAt": "2022-03-02T23:29:05.000Z",
      "modelId": "sshleifer/student-pegasus-xsum-6-6"
    },
    {
      "_id": "621ffdc136468d709f1808f4",
      "id": "sshleifer/student_pegasus-xsum-12-4",
      "likes": 0,
      "trendingScore": 0,
      "private": false,
      "downloads": 2,
      "tags": [
        "transformers",
        "pytorch",
        "pegasus",
        "text2text-generation",
        "endpoints_compatible",
        "region:us"
      ],
      "library_name": "transformers",
      "createdAt": "2022-03-02T23:29:05.000Z",
      "modelId": "sshleifer/student_pegasus-xsum-12-4"
    },
    {
      "_id": "621ffdc136468d709f1808f6",
      "id": "sshleifer/student_pegasus_xsum_16_4",
      "likes": 0,
      "trendingScore": 0,
      "private": false,
      "downloads": 2,
      "tags": [
        "transformers",
        "pytorch",
        "pegasus",
        "text2text-generation",
        "endpoints_compatible",
        "region:us"
      ],
      "library_name": "transformers",
      "createdAt": "2022-03-02T23:29:05.000Z",
      "modelId": "sshleifer/student_pegasus_xsum_16_4"
    },
    {
      "_id": "621ffdc136468d709f1808f7",
      "id": "sshleifer/student_pegasus_xsum_16_8",
      "likes": 0,
      "trendingScore": 0,
      "private": false,
      "downloads": 2,
      "tags": [
        "transformers",
        "pytorch",
        "pegasus",
        "text2text-generation",
        "endpoints_compatible",
        "region:us"
      ],
      "library_name": "transformers",
      "createdAt": "2022-03-02T23:29:05.000Z",
      "modelId": "sshleifer/student_pegasus_xsum_16_8"
    },
    {
      "_id": "621ffdc136468d709f18158c",
      "id": "vuiseng9/pegasus-xsum",
      "likes": 0,
      "trendingScore": 0,
      "private": false,
      "downloads": 2,
      "tags": [
        "transformers",
        "pytorch",
        "pegasus",
        "text2text-generation",
        "endpoints_compatible",
        "region:us"
      ],
      "library_name": "transformers",
      "createdAt": "2022-03-02T23:29:05.000Z",
      "modelId": "vuiseng9/pegasus-xsum"
    },
    {
      "_id": "6229f52283a8e49b4ddba4a7",
      "id": "neo-nlp-dev/pegasus-xsum-finetuned-xsum",
      "likes": 0,
      "trendingScore": 0,
      "private": false,
      "downloads": 0,
      "tags": [
        "region:us"
      ],
      "createdAt": "2022-03-10T12:54:58.000Z",
      "modelId": "neo-nlp-dev/pegasus-xsum-finetuned-xsum"
    },
    {
      "_id": "623dbe747d2f5b63ac1a0ed2",
      "id": "ssardorf/pegasus-xsum-new-dataset",
      "likes": 0,
      "trendingScore": 0,
      "private": false,
      "downloads": 3,
      "tags": [
        "transformers",
        "pytorch",
        "pegasus",
        "text2text-generation",
        "generated_from_trainer",
        "endpoints_compatible",
        "region:us"
      ],
      "library_name": "transformers",
      "createdAt": "2022-03-25T13:07:00.000Z",
      "modelId": "ssardorf/pegasus-xsum-new-dataset"
    },
    {
      "_id": "6253d270259dceeb91894e90",
      "id": "adasnew/pegasus-xsum-abhijit",
      "likes": 0,
      "trendingScore": 0,
      "private": false,
      "downloads": 0,
      "tags": [
        "region:us"
      ],
      "createdAt": "2022-04-11T07:02:08.000Z",
      "modelId": "adasnew/pegasus-xsum-abhijit"
    },
    {
      "_id": "6253da92f4b1789e0316ff6b",
      "id": "adasnew/pegasus-xsum-finetuned-xsum",
      "likes": 0,
      "trendingScore": 0,
      "private": false,
      "downloads": 0,
      "tags": [
        "region:us"
      ],
      "createdAt": "2022-04-11T07:36:50.000Z",
      "modelId": "adasnew/pegasus-xsum-finetuned-xsum"
    },
    {
      "_id": "6254011fac20544682b9d663",
      "id": "aakash-mahesha/pegasus-xsum-aakash",
      "likes": 0,
      "trendingScore": 0,
      "private": false,
      "downloads": 0,
      "tags": [
        "region:us"
      ],
      "createdAt": "2022-04-11T10:21:19.000Z",
      "modelId": "aakash-mahesha/pegasus-xsum-aakash"
    },
    {
      "_id": "6268d02426476157a92798bf",
      "id": "MrezaPRZ/pegasus-xsum-finetuned",
      "likes": 0,
      "trendingScore": 0,
      "private": false,
      "downloads": 0,
      "tags": [
        "region:us"
      ],
      "createdAt": "2022-04-27T05:09:56.000Z",
      "modelId": "MrezaPRZ/pegasus-xsum-finetuned"
    },
    {
      "_id": "626a7d3c9427f3db4236b8be",
      "id": "hmcgovern/pegasus-xsum-from_pretrained",
      "likes": 0,
      "trendingScore": 0,
      "private": false,
      "downloads": 0,
      "tags": [
        "region:us"
      ],
      "createdAt": "2022-04-28T11:40:44.000Z",
      "modelId": "hmcgovern/pegasus-xsum-from_pretrained"
    },
    {
      "_id": "627ca90d8b4e56cfc27070c1",
      "id": "yogeshchandrasekharuni/pegasus_paraphrase-finetuned-xsum",
      "likes": 0,
      "trendingScore": 0,
      "private": false,
      "downloads": 0,
      "tags": [
        "region:us"
      ],
      "createdAt": "2022-05-12T06:28:29.000Z",
      "modelId": "yogeshchandrasekharuni/pegasus_paraphrase-finetuned-xsum"
    },
    {
      "_id": "6289d947c204ff147824521b",
      "id": "picaso9628/pegasus-xsum-finetuned",
      "likes": 0,
      "trendingScore": 0,
      "private": false,
      "downloads": 0,
      "tags": [
        "region:us"
      ],
      "createdAt": "2022-05-22T06:33:43.000Z",
      "modelId": "picaso9628/pegasus-xsum-finetuned"
    },
    {
      "_id": "6289d9606a2a449b99a72509",
      "id": "picaso9628/pegasus-xsum-finetuned-amazon-en-es",
      "likes": 0,
      "trendingScore": 0,
      "private": false,
      "downloads": 0,
      "tags": [
        "region:us"
      ],
      "createdAt": "2022-05-22T06:34:08.000Z",
      "modelId": "picaso9628/pegasus-xsum-finetuned-amazon-en-es"
    },
    {
      "_id": "629a6526e0753998f1fb1580",
      "id": "santiviquez/pegasus-xsum-finetuned-samsum-en",
      "likes": 0,
      "trendingScore": 0,
      "private": false,
      "downloads": 0,
      "tags": [
        "region:us"
      ],
      "createdAt": "2022-06-03T19:46:46.000Z",
      "modelId": "santiviquez/pegasus-xsum-finetuned-samsum-en"
    },
    {
      "_id": "629d814e7e19013796d97d39",
      "id": "jcai1/pegasus-xsum-finetuned-templates",
      "likes": 0,
      "trendingScore": 0,
      "private": false,
      "downloads": 0,
      "tags": [
        "region:us"
      ],
      "createdAt": "2022-06-06T04:23:42.000Z",
      "modelId": "jcai1/pegasus-xsum-finetuned-templates"
    },
    {
      "_id": "62b587771e82c1fbbaebd573",
      "id": "javind/pegasus-xsum-ytubenewssum",
      "likes": 0,
      "trendingScore": 0,
      "private": false,
      "downloads": 4,
      "tags": [
        "transformers",
        "pytorch",
        "pegasus",
        "text2text-generation",
        "license:unlicense",
        "endpoints_compatible",
        "region:us"
      ],
      "library_name": "transformers",
      "createdAt": "2022-06-24T09:44:23.000Z",
      "modelId": "javind/pegasus-xsum-ytubenewssum"
    },
    {
      "_id": "62cac3112e4fbd838f60d8e7",
      "id": "ShooterRon/pegasus-xsum_summarization",
      "likes": 0,
      "trendingScore": 0,
      "private": false,
      "downloads": 2,
      "tags": [
        "transformers",
        "pytorch",
        "pegasus",
        "text2text-generation",
        "generated_from_trainer",
        "endpoints_compatible",
        "region:us"
      ],
      "library_name": "transformers",
      "createdAt": "2022-07-10T12:16:17.000Z",
      "modelId": "ShooterRon/pegasus-xsum_summarization"
    },
    {
      "_id": "62cd29675b04d6fab9c6673c",
      "id": "marksverdhei/pegasus-xsum-reddit-syac",
      "likes": 0,
      "trendingScore": 0,
      "private": false,
      "downloads": 1,
      "tags": [
        "transformers",
        "pytorch",
        "pegasus",
        "text2text-generation",
        "endpoints_compatible",
        "region:us"
      ],
      "library_name": "transformers",
      "createdAt": "2022-07-12T07:57:27.000Z",
      "modelId": "marksverdhei/pegasus-xsum-reddit-syac"
    },
    {
      "_id": "62d43fa85bffe7df01ab9ac5",
      "id": "domenicrosati/pegasus-xsum-finetuned-paws",
      "likes": 0,
      "trendingScore": 0,
      "private": false,
      "downloads": 3,
      "tags": [
        "transformers",
        "pytorch",
        "pegasus",
        "text2text-generation",
        "paraphrasing",
        "generated_from_trainer",
        "dataset:paws",
        "model-index",
        "endpoints_compatible",
        "region:us"
      ],
      "library_name": "transformers",
      "createdAt": "2022-07-17T16:58:16.000Z",
      "modelId": "domenicrosati/pegasus-xsum-finetuned-paws"
    },
    {
      "_id": "62d55105ca25c6bf55812c9a",
      "id": "domenicrosati/pegasus-xsum-finetuned-paws-parasci",
      "likes": 0,
      "trendingScore": 0,
      "private": false,
      "downloads": 11,
      "tags": [
        "transformers",
        "pytorch",
        "tensorboard",
        "pegasus",
        "text2text-generation",
        "paraphrasing",
        "generated_from_trainer",
        "endpoints_compatible",
        "region:us"
      ],
      "library_name": "transformers",
      "createdAt": "2022-07-18T12:24:37.000Z",
      "modelId": "domenicrosati/pegasus-xsum-finetuned-paws-parasci"
    },
    {
      "_id": "62f39320261bc5fb2e069b3d",
      "id": "aniketface/pegasus-xsum-summary",
      "likes": 0,
      "trendingScore": 0,
      "private": false,
      "downloads": 3,
      "tags": [
        "transformers",
        "pytorch",
        "pegasus",
        "text2text-generation",
        "endpoints_compatible",
        "region:us"
      ],
      "library_name": "transformers",
      "createdAt": "2022-08-10T11:14:40.000Z",
      "modelId": "aniketface/pegasus-xsum-summary"
    },
    {
      "_id": "633449fb56ed43a47d4c5280",
      "id": "theojolliffe/pegasus-cnn_dailymail-finetuned-xsum",
      "likes": 0,
      "trendingScore": 0,
      "private": false,
      "downloads": 0,
      "tags": [
        "region:us"
      ],
      "createdAt": "2022-09-28T13:19:55.000Z",
      "modelId": "theojolliffe/pegasus-cnn_dailymail-finetuned-xsum"
    },
    {
      "_id": "636a81a5c0be1b0cfbe3cd31",
      "id": "shabnam/pegasus_large_xsum_sr",
      "likes": 0,
      "trendingScore": 0,
      "private": false,
      "downloads": 0,
      "tags": [
        "region:us"
      ],
      "createdAt": "2022-11-08T16:19:49.000Z",
      "modelId": "shabnam/pegasus_large_xsum_sr"
    },
    {
      "_id": "636c5700720cd391cb275565",
      "id": "Mohan515/pegasus-xsum-finetuned-mtsample-pegasus",
      "likes": 0,
      "trendingScore": 0,
      "private": false,
      "downloads": 0,
      "tags": [
        "region:us"
      ],
      "createdAt": "2022-11-10T01:42:24.000Z",
      "modelId": "Mohan515/pegasus-xsum-finetuned-mtsample-pegasus"
    },
    {
      "_id": "63734980e75ef9e9652c6d63",
      "id": "Mohan515/pegasus-xsum-finetuned-medical-pegasus",
      "likes": 0,
      "trendingScore": 0,
      "private": false,
      "downloads": 0,
      "tags": [
        "region:us"
      ],
      "createdAt": "2022-11-15T08:10:40.000Z",
      "modelId": "Mohan515/pegasus-xsum-finetuned-medical-pegasus"
    },
    {
      "_id": "637844748f288aba3d0157ba",
      "id": "jonathanrichard13/pegasus-xsum-reddit-clean",
      "likes": 0,
      "trendingScore": 0,
      "private": false,
      "downloads": 1,
      "tags": [
        "transformers",
        "pytorch",
        "tensorboard",
        "pegasus",
        "text2text-generation",
        "endpoints_compatible",
        "region:us"
      ],
      "library_name": "transformers",
      "createdAt": "2022-11-19T02:50:28.000Z",
      "modelId": "jonathanrichard13/pegasus-xsum-reddit-clean"
    },
    {
      "_id": "637850558f288aba3d01b4c9",
      "id": "jonathanrichard13/pegasus-xsum-reddit-clean-2",
      "likes": 0,
      "trendingScore": 0,
      "private": false,
      "downloads": 1,
      "tags": [
        "transformers",
        "pytorch",
        "tensorboard",
        "pegasus",
        "text2text-generation",
        "endpoints_compatible",
        "region:us"
      ],
      "library_name": "transformers",
      "createdAt": "2022-11-19T03:41:09.000Z",
      "modelId": "jonathanrichard13/pegasus-xsum-reddit-clean-2"
    },
    {
      "_id": "63786b2bea2a9a0283b4c9a9",
      "id": "jonathanrichard13/pegasus-xsum-reddit-clean-3",
      "likes": 0,
      "trendingScore": 0,
      "private": false,
      "downloads": 1,
      "tags": [
        "transformers",
        "pytorch",
        "tensorboard",
        "pegasus",
        "text2text-generation",
        "endpoints_compatible",
        "region:us"
      ],
      "library_name": "transformers",
      "createdAt": "2022-11-19T05:35:39.000Z",
      "modelId": "jonathanrichard13/pegasus-xsum-reddit-clean-3"
    },
    {
      "_id": "637883e8438c92a3c12591e3",
      "id": "jonathanrichard13/pegasus-xsum-reddit-clean-4",
      "likes": 0,
      "trendingScore": 0,
      "private": false,
      "downloads": 1,
      "tags": [
        "transformers",
        "pytorch",
        "pegasus",
        "text2text-generation",
        "generated_from_trainer",
        "dataset:reddit",
        "model-index",
        "endpoints_compatible",
        "region:us"
      ],
      "library_name": "transformers",
      "createdAt": "2022-11-19T07:21:12.000Z",
      "modelId": "jonathanrichard13/pegasus-xsum-reddit-clean-4"
    },
    {
      "_id": "6383fa5711cd91c15d5da606",
      "id": "amagzari/pegasus-xsum-finetuned-samsum-v2",
      "likes": 0,
      "trendingScore": 0,
      "private": false,
      "downloads": 2,
      "tags": [
        "transformers",
        "pytorch",
        "tensorboard",
        "pegasus",
        "text2text-generation",
        "generated_from_trainer",
        "dataset:samsum",
        "model-index",
        "endpoints_compatible",
        "region:us"
      ],
      "library_name": "transformers",
      "createdAt": "2022-11-28T00:01:27.000Z",
      "modelId": "amagzari/pegasus-xsum-finetuned-samsum-v2"
    },
    {
      "_id": "638d783ed138669379cf0c9c",
      "id": "Paligonshik/pegasus-large-finetune-xsum",
      "likes": 0,
      "trendingScore": 0,
      "private": false,
      "downloads": 1,
      "tags": [
        "transformers",
        "pytorch",
        "pegasus",
        "text2text-generation",
        "xsum_v1_last",
        "generated_from_trainer",
        "dataset:xsum",
        "model-index",
        "endpoints_compatible",
        "region:us"
      ],
      "library_name": "transformers",
      "createdAt": "2022-12-05T04:49:02.000Z",
      "modelId": "Paligonshik/pegasus-large-finetune-xsum"
    },
    {
      "_id": "6390d36a54a9dba96f8de8e8",
      "id": "psriraj17/pegasus-xsum-summarization-model-t5-small",
      "likes": 0,
      "trendingScore": 0,
      "private": false,
      "downloads": 0,
      "tags": [
        "region:us"
      ],
      "createdAt": "2022-12-07T17:54:50.000Z",
      "modelId": "psriraj17/pegasus-xsum-summarization-model-t5-small"
    }
  ]
}