{
  "items": [
    {
      "_id": "65cac0d27faf059c56a5821f",
      "id": "google/gemma-7b-it",
      "likes": 1207,
      "trendingScore": 4,
      "private": false,
      "downloads": 127378,
      "tags": [
        "transformers",
        "safetensors",
        "gguf",
        "gemma",
        "text-generation",
        "conversational",
        "arxiv:2312.11805",
        "arxiv:2009.03300",
        "arxiv:1905.07830",
        "arxiv:1911.11641",
        "arxiv:1904.09728",
        "arxiv:1905.10044",
        "arxiv:1907.10641",
        "arxiv:1811.00937",
        "arxiv:1809.02789",
        "arxiv:1911.01547",
        "arxiv:1705.03551",
        "arxiv:2107.03374",
        "arxiv:2108.07732",
        "arxiv:2110.14168",
        "arxiv:2304.06364",
        "arxiv:2206.04615",
        "arxiv:1804.06876",
        "arxiv:2110.08193",
        "arxiv:2009.11462",
        "arxiv:2101.11718",
        "arxiv:1804.09301",
        "arxiv:2109.07958",
        "arxiv:2203.09509",
        "base_model:google/gemma-7b",
        "base_model:finetune:google/gemma-7b",
        "license:gemma",
        "autotrain_compatible",
        "text-generation-inference",
        "endpoints_compatible",
        "region:us"
      ],
      "pipeline_tag": "text-generation",
      "library_name": "transformers",
      "createdAt": "2024-02-13T01:07:30.000Z",
      "modelId": "google/gemma-7b-it"
    },
    {
      "_id": "65c5577b1080431ea9e083cd",
      "id": "google/gemma-7b",
      "likes": 3191,
      "trendingScore": 3,
      "private": false,
      "downloads": 57840,
      "tags": [
        "transformers",
        "safetensors",
        "gguf",
        "gemma",
        "text-generation",
        "arxiv:2305.14314",
        "arxiv:2312.11805",
        "arxiv:2009.03300",
        "arxiv:1905.07830",
        "arxiv:1911.11641",
        "arxiv:1904.09728",
        "arxiv:1905.10044",
        "arxiv:1907.10641",
        "arxiv:1811.00937",
        "arxiv:1809.02789",
        "arxiv:1911.01547",
        "arxiv:1705.03551",
        "arxiv:2107.03374",
        "arxiv:2108.07732",
        "arxiv:2110.14168",
        "arxiv:2304.06364",
        "arxiv:2206.04615",
        "arxiv:1804.06876",
        "arxiv:2110.08193",
        "arxiv:2009.11462",
        "arxiv:2101.11718",
        "arxiv:1804.09301",
        "arxiv:2109.07958",
        "arxiv:2203.09509",
        "license:gemma",
        "autotrain_compatible",
        "text-generation-inference",
        "endpoints_compatible",
        "region:us"
      ],
      "pipeline_tag": "text-generation",
      "library_name": "transformers",
      "createdAt": "2024-02-08T22:36:43.000Z",
      "modelId": "google/gemma-7b"
    },
    {
      "_id": "65d71c7afc2da9f5bdffadff",
      "id": "SameerArz/Sameer-google-gemma-7b",
      "likes": 0,
      "trendingScore": 0,
      "private": false,
      "downloads": 0,
      "tags": [
        "transformers",
        "code",
        "text-generation",
        "en",
        "dataset:open-llm-leaderboard/details_google__gemma-7b",
        "license:mit",
        "endpoints_compatible",
        "region:us"
      ],
      "pipeline_tag": "text-generation",
      "library_name": "transformers",
      "createdAt": "2024-02-22T10:05:46.000Z",
      "modelId": "SameerArz/Sameer-google-gemma-7b"
    },
    {
      "_id": "65d7ed253a52cd9bcd5bb838",
      "id": "cloudyu/google-gemma-7b-it-dpo-v1",
      "likes": 0,
      "trendingScore": 0,
      "private": false,
      "downloads": 3,
      "tags": [
        "transformers",
        "safetensors",
        "gemma",
        "text-generation",
        "conversational",
        "license:other",
        "autotrain_compatible",
        "text-generation-inference",
        "endpoints_compatible",
        "region:us"
      ],
      "pipeline_tag": "text-generation",
      "library_name": "transformers",
      "createdAt": "2024-02-23T00:56:05.000Z",
      "modelId": "cloudyu/google-gemma-7b-it-dpo-v1"
    },
    {
      "_id": "65d90b3d16cebdd689fe4892",
      "id": "google/gemma-7b-it-GGUF",
      "likes": 43,
      "trendingScore": 0,
      "private": false,
      "downloads": 105,
      "tags": [
        "llama.cpp",
        "gguf",
        "arxiv:2312.11805",
        "arxiv:2009.03300",
        "arxiv:1905.07830",
        "arxiv:1911.11641",
        "arxiv:1904.09728",
        "arxiv:1905.10044",
        "arxiv:1907.10641",
        "arxiv:1811.00937",
        "arxiv:1809.02789",
        "arxiv:1911.01547",
        "arxiv:1705.03551",
        "arxiv:2107.03374",
        "arxiv:2108.07732",
        "arxiv:2110.14168",
        "arxiv:2304.06364",
        "arxiv:2206.04615",
        "arxiv:1804.06876",
        "arxiv:2110.08193",
        "arxiv:2009.11462",
        "arxiv:2101.11718",
        "arxiv:1804.09301",
        "arxiv:2109.07958",
        "arxiv:2203.09509",
        "base_model:google/gemma-7b-it",
        "base_model:quantized:google/gemma-7b-it",
        "license:gemma",
        "endpoints_compatible",
        "region:us"
      ],
      "library_name": "llama.cpp",
      "createdAt": "2024-02-23T21:16:45.000Z",
      "modelId": "google/gemma-7b-it-GGUF"
    },
    {
      "_id": "65d90cd30e78521363e81aa8",
      "id": "google/gemma-7b-GGUF",
      "likes": 19,
      "trendingScore": 0,
      "private": false,
      "downloads": 192,
      "tags": [
        "llama.cpp",
        "gguf",
        "arxiv:2312.11805",
        "arxiv:2009.03300",
        "arxiv:1905.07830",
        "arxiv:1911.11641",
        "arxiv:1904.09728",
        "arxiv:1905.10044",
        "arxiv:1907.10641",
        "arxiv:1811.00937",
        "arxiv:1809.02789",
        "arxiv:1911.01547",
        "arxiv:1705.03551",
        "arxiv:2107.03374",
        "arxiv:2108.07732",
        "arxiv:2110.14168",
        "arxiv:2304.06364",
        "arxiv:2206.04615",
        "arxiv:1804.06876",
        "arxiv:2110.08193",
        "arxiv:2009.11462",
        "arxiv:2101.11718",
        "arxiv:1804.09301",
        "arxiv:2109.07958",
        "arxiv:2203.09509",
        "license:gemma",
        "endpoints_compatible",
        "region:us"
      ],
      "library_name": "llama.cpp",
      "createdAt": "2024-02-23T21:23:31.000Z",
      "modelId": "google/gemma-7b-GGUF"
    },
    {
      "_id": "65db96b5bebcf940d3db116c",
      "id": "libklein/google-gemma-7b-it-tracks",
      "likes": 0,
      "trendingScore": 0,
      "private": false,
      "downloads": 0,
      "tags": [
        "region:us"
      ],
      "createdAt": "2024-02-25T19:36:21.000Z",
      "modelId": "libklein/google-gemma-7b-it-tracks"
    },
    {
      "_id": "65dc0ae8730386b492bf89f0",
      "id": "cloudyu/google-gemma-7b-chinese-sft-v1",
      "likes": 3,
      "trendingScore": 0,
      "private": false,
      "downloads": 3,
      "tags": [
        "transformers",
        "safetensors",
        "gemma",
        "text-generation",
        "license:cc-by-nc-nd-4.0",
        "autotrain_compatible",
        "text-generation-inference",
        "endpoints_compatible",
        "region:us"
      ],
      "pipeline_tag": "text-generation",
      "library_name": "transformers",
      "createdAt": "2024-02-26T03:52:08.000Z",
      "modelId": "cloudyu/google-gemma-7b-chinese-sft-v1"
    },
    {
      "_id": "65dcaf19b7d048b6b2033363",
      "id": "google/gemma-7b-cpp",
      "likes": 3,
      "trendingScore": 0,
      "private": false,
      "downloads": 0,
      "tags": [
        "gemma.cpp",
        "text-generation",
        "license:gemma",
        "region:us"
      ],
      "pipeline_tag": "text-generation",
      "library_name": "gemma.cpp",
      "createdAt": "2024-02-26T15:32:41.000Z",
      "modelId": "google/gemma-7b-cpp"
    },
    {
      "_id": "65dcc038dceb54d42056e755",
      "id": "google/gemma-7b-it-cpp",
      "likes": 1,
      "trendingScore": 0,
      "private": false,
      "downloads": 0,
      "tags": [
        "gemma.cpp",
        "text-generation",
        "license:gemma",
        "region:us"
      ],
      "pipeline_tag": "text-generation",
      "library_name": "gemma.cpp",
      "createdAt": "2024-02-26T16:45:44.000Z",
      "modelId": "google/gemma-7b-it-cpp"
    },
    {
      "_id": "65dccfce9e07deb11ae1b70a",
      "id": "google/gemma-7b-pytorch",
      "likes": 3,
      "trendingScore": 0,
      "private": false,
      "downloads": 48,
      "tags": [
        "gemma_torch",
        "pytorch",
        "text-generation",
        "license:gemma",
        "region:us"
      ],
      "pipeline_tag": "text-generation",
      "library_name": "gemma_torch",
      "createdAt": "2024-02-26T17:52:14.000Z",
      "modelId": "google/gemma-7b-pytorch"
    },
    {
      "_id": "65dcf6df538de88960245af9",
      "id": "google/gemma-7b-it-pytorch",
      "likes": 6,
      "trendingScore": 0,
      "private": false,
      "downloads": 41,
      "tags": [
        "gemma_torch",
        "pytorch",
        "text-generation",
        "license:gemma",
        "region:us"
      ],
      "pipeline_tag": "text-generation",
      "library_name": "gemma_torch",
      "createdAt": "2024-02-26T20:38:55.000Z",
      "modelId": "google/gemma-7b-it-pytorch"
    },
    {
      "_id": "65dd175f5012ec503ffd88af",
      "id": "google/gemma-7b-keras",
      "likes": 3,
      "trendingScore": 0,
      "private": false,
      "downloads": 31,
      "tags": [
        "keras-hub",
        "text-generation",
        "license:gemma",
        "region:us"
      ],
      "pipeline_tag": "text-generation",
      "library_name": "keras-hub",
      "createdAt": "2024-02-26T22:57:35.000Z",
      "modelId": "google/gemma-7b-keras"
    },
    {
      "_id": "65dd22acce348fc5b10079fb",
      "id": "justinxzhao/google-gemma-7b-dequantized",
      "likes": 0,
      "trendingScore": 0,
      "private": false,
      "downloads": 3,
      "tags": [
        "transformers",
        "safetensors",
        "gemma",
        "text-generation",
        "autotrain_compatible",
        "text-generation-inference",
        "endpoints_compatible",
        "region:us"
      ],
      "pipeline_tag": "text-generation",
      "library_name": "transformers",
      "createdAt": "2024-02-26T23:45:48.000Z",
      "modelId": "justinxzhao/google-gemma-7b-dequantized"
    },
    {
      "_id": "65dd2652df2d4e092fc0a720",
      "id": "justinxzhao/google-gemma-7b-it-dequantized",
      "likes": 0,
      "trendingScore": 0,
      "private": false,
      "downloads": 2,
      "tags": [
        "transformers",
        "safetensors",
        "gemma",
        "text-generation",
        "conversational",
        "autotrain_compatible",
        "text-generation-inference",
        "endpoints_compatible",
        "region:us"
      ],
      "pipeline_tag": "text-generation",
      "library_name": "transformers",
      "createdAt": "2024-02-27T00:01:22.000Z",
      "modelId": "justinxzhao/google-gemma-7b-it-dequantized"
    },
    {
      "_id": "65dd26b6c1ef45fb89afc40e",
      "id": "google/gemma-7b-it-keras",
      "likes": 2,
      "trendingScore": 0,
      "private": false,
      "downloads": 31,
      "tags": [
        "keras-hub",
        "text-generation",
        "license:gemma",
        "region:us"
      ],
      "pipeline_tag": "text-generation",
      "library_name": "keras-hub",
      "createdAt": "2024-02-27T00:03:02.000Z",
      "modelId": "google/gemma-7b-it-keras"
    },
    {
      "_id": "65ddb7a2a73adc1c32e6a3a3",
      "id": "google/gemma-7b-sfp-cpp",
      "likes": 1,
      "trendingScore": 0,
      "private": false,
      "downloads": 1,
      "tags": [
        "gemma.cpp",
        "text-generation",
        "license:gemma",
        "region:us"
      ],
      "pipeline_tag": "text-generation",
      "library_name": "gemma.cpp",
      "createdAt": "2024-02-27T10:21:22.000Z",
      "modelId": "google/gemma-7b-sfp-cpp"
    },
    {
      "_id": "65ddc14308430d6080c61baa",
      "id": "google/gemma-7b-it-sfp-cpp",
      "likes": 1,
      "trendingScore": 0,
      "private": false,
      "downloads": 0,
      "tags": [
        "gemma.cpp",
        "text-generation",
        "license:gemma",
        "region:us"
      ],
      "pipeline_tag": "text-generation",
      "library_name": "gemma.cpp",
      "createdAt": "2024-02-27T11:02:27.000Z",
      "modelId": "google/gemma-7b-it-sfp-cpp"
    },
    {
      "_id": "65ddc934c11f12ea969a7780",
      "id": "google/gemma-7b-quant-pytorch",
      "likes": 2,
      "trendingScore": 0,
      "private": false,
      "downloads": 100,
      "tags": [
        "gemma_torch",
        "pytorch",
        "text-generation",
        "license:gemma",
        "region:us"
      ],
      "pipeline_tag": "text-generation",
      "library_name": "gemma_torch",
      "createdAt": "2024-02-27T11:36:20.000Z",
      "modelId": "google/gemma-7b-quant-pytorch"
    },
    {
      "_id": "65ddcec47386a8f5594b37fd",
      "id": "google/gemma-7b-it-quant-pytorch",
      "likes": 11,
      "trendingScore": 0,
      "private": false,
      "downloads": 102,
      "tags": [
        "gemma_torch",
        "pytorch",
        "text-generation",
        "license:gemma",
        "region:us"
      ],
      "pipeline_tag": "text-generation",
      "library_name": "gemma_torch",
      "createdAt": "2024-02-27T12:00:04.000Z",
      "modelId": "google/gemma-7b-it-quant-pytorch"
    },
    {
      "_id": "65ddde927386a8f55952d43c",
      "id": "google/gemma-7b-flax",
      "likes": 2,
      "trendingScore": 0,
      "private": false,
      "downloads": 0,
      "tags": [
        "jax",
        "gemma_jax",
        "text-generation",
        "license:gemma",
        "region:us"
      ],
      "pipeline_tag": "text-generation",
      "library_name": "jax",
      "createdAt": "2024-02-27T13:07:30.000Z",
      "modelId": "google/gemma-7b-flax"
    },
    {
      "_id": "65ddeab87b8cd1aab17f3d06",
      "id": "google/gemma-7b-it-flax",
      "likes": 1,
      "trendingScore": 0,
      "private": false,
      "downloads": 0,
      "tags": [
        "jax",
        "gemma_jax",
        "text-generation",
        "license:gemma",
        "region:us"
      ],
      "pipeline_tag": "text-generation",
      "library_name": "jax",
      "createdAt": "2024-02-27T13:59:20.000Z",
      "modelId": "google/gemma-7b-it-flax"
    },
    {
      "_id": "65f47c8588a1b8264517b773",
      "id": "google/gemma-1.1-7b-it-pytorch",
      "likes": 4,
      "trendingScore": 0,
      "private": false,
      "downloads": 41,
      "tags": [
        "gemma_torch",
        "pytorch",
        "text-generation",
        "license:gemma",
        "region:us"
      ],
      "pipeline_tag": "text-generation",
      "library_name": "gemma_torch",
      "createdAt": "2024-03-15T16:51:17.000Z",
      "modelId": "google/gemma-1.1-7b-it-pytorch"
    },
    {
      "_id": "65f4fc27df29f02c6d28dc97",
      "id": "google/gemma-1.1-7b-it-GGUF",
      "likes": 20,
      "trendingScore": 0,
      "private": false,
      "downloads": 22,
      "tags": [
        "llama.cpp",
        "gguf",
        "arxiv:2312.11805",
        "arxiv:2009.03300",
        "arxiv:1905.07830",
        "arxiv:1911.11641",
        "arxiv:1904.09728",
        "arxiv:1905.10044",
        "arxiv:1907.10641",
        "arxiv:1811.00937",
        "arxiv:1809.02789",
        "arxiv:1911.01547",
        "arxiv:1705.03551",
        "arxiv:2107.03374",
        "arxiv:2108.07732",
        "arxiv:2110.14168",
        "arxiv:2304.06364",
        "arxiv:2206.04615",
        "arxiv:1804.06876",
        "arxiv:2110.08193",
        "arxiv:2009.11462",
        "arxiv:2101.11718",
        "arxiv:1804.09301",
        "arxiv:2109.07958",
        "arxiv:2203.09509",
        "license:gemma",
        "endpoints_compatible",
        "region:us"
      ],
      "library_name": "llama.cpp",
      "createdAt": "2024-03-16T01:55:51.000Z",
      "modelId": "google/gemma-1.1-7b-it-GGUF"
    },
    {
      "_id": "66034ec09b43d04417fd3e35",
      "id": "google/gemma-1.1-7b-it",
      "likes": 274,
      "trendingScore": 0,
      "private": false,
      "downloads": 15614,
      "tags": [
        "transformers",
        "safetensors",
        "gemma",
        "text-generation",
        "conversational",
        "arxiv:2312.11805",
        "arxiv:2009.03300",
        "arxiv:1905.07830",
        "arxiv:1911.11641",
        "arxiv:1904.09728",
        "arxiv:1905.10044",
        "arxiv:1907.10641",
        "arxiv:1811.00937",
        "arxiv:1809.02789",
        "arxiv:1911.01547",
        "arxiv:1705.03551",
        "arxiv:2107.03374",
        "arxiv:2108.07732",
        "arxiv:2110.14168",
        "arxiv:2304.06364",
        "arxiv:2206.04615",
        "arxiv:1804.06876",
        "arxiv:2110.08193",
        "license:gemma",
        "autotrain_compatible",
        "text-generation-inference",
        "endpoints_compatible",
        "region:us"
      ],
      "pipeline_tag": "text-generation",
      "library_name": "transformers",
      "createdAt": "2024-03-26T22:40:00.000Z",
      "modelId": "google/gemma-1.1-7b-it"
    },
    {
      "_id": "66040ae509f8e97e9f3db085",
      "id": "Geerath/google-gemma-7b-it-finetuned-web-questions",
      "likes": 0,
      "trendingScore": 0,
      "private": false,
      "downloads": 4,
      "tags": [
        "transformers",
        "safetensors",
        "gemma",
        "text-generation",
        "conversational",
        "dataset:web_questions",
        "autotrain_compatible",
        "text-generation-inference",
        "endpoints_compatible",
        "region:us"
      ],
      "pipeline_tag": "text-generation",
      "library_name": "transformers",
      "createdAt": "2024-03-27T12:02:45.000Z",
      "modelId": "Geerath/google-gemma-7b-it-finetuned-web-questions"
    },
    {
      "_id": "66169f8aec00e526b0afc54c",
      "id": "google/gemma-1.1-7b-it-keras",
      "likes": 3,
      "trendingScore": 0,
      "private": false,
      "downloads": 32,
      "tags": [
        "keras-hub",
        "text-generation",
        "license:gemma",
        "region:us"
      ],
      "pipeline_tag": "text-generation",
      "library_name": "keras-hub",
      "createdAt": "2024-04-10T14:17:46.000Z",
      "modelId": "google/gemma-1.1-7b-it-keras"
    },
    {
      "_id": "6618ff687d8c2cd6fbee5f64",
      "id": "RichardErkhov/google_-_gemma-1.1-7b-it-gguf",
      "likes": 0,
      "trendingScore": 0,
      "private": false,
      "downloads": 17,
      "tags": [
        "gguf",
        "endpoints_compatible",
        "region:us",
        "conversational"
      ],
      "createdAt": "2024-04-12T09:31:20.000Z",
      "modelId": "RichardErkhov/google_-_gemma-1.1-7b-it-gguf"
    },
    {
      "_id": "66193dd0078a27904f86ca06",
      "id": "RichardErkhov/google_-_gemma-7b-gguf",
      "likes": 0,
      "trendingScore": 0,
      "private": false,
      "downloads": 7,
      "tags": [
        "gguf",
        "endpoints_compatible",
        "region:us"
      ],
      "createdAt": "2024-04-12T13:57:36.000Z",
      "modelId": "RichardErkhov/google_-_gemma-7b-gguf"
    },
    {
      "_id": "66195876efcbd637f927c868",
      "id": "easynet/google-gemma-1.1-7b-it-GGUF",
      "likes": 1,
      "trendingScore": 0,
      "private": false,
      "downloads": 6,
      "tags": [
        "gguf",
        "license:gemma",
        "endpoints_compatible",
        "region:us",
        "conversational"
      ],
      "createdAt": "2024-04-12T15:51:18.000Z",
      "modelId": "easynet/google-gemma-1.1-7b-it-GGUF"
    },
    {
      "_id": "662f9c4faf9e8e0d23a00ff4",
      "id": "PrunaAI/google-gemma-7b-HQQ-2bit-smashed",
      "likes": 0,
      "trendingScore": 0,
      "private": false,
      "downloads": 2,
      "tags": [
        "transformers",
        "gemma",
        "text-generation",
        "pruna-ai",
        "base_model:google/gemma-7b",
        "base_model:finetune:google/gemma-7b",
        "autotrain_compatible",
        "endpoints_compatible",
        "region:us"
      ],
      "pipeline_tag": "text-generation",
      "library_name": "transformers",
      "createdAt": "2024-04-29T13:10:39.000Z",
      "modelId": "PrunaAI/google-gemma-7b-HQQ-2bit-smashed"
    },
    {
      "_id": "662f9c62deea60b9209353cf",
      "id": "PrunaAI/google-gemma-7b-HQQ-1bit-smashed",
      "likes": 0,
      "trendingScore": 0,
      "private": false,
      "downloads": 6,
      "tags": [
        "transformers",
        "gemma",
        "text-generation",
        "pruna-ai",
        "base_model:google/gemma-7b",
        "base_model:finetune:google/gemma-7b",
        "autotrain_compatible",
        "endpoints_compatible",
        "region:us"
      ],
      "pipeline_tag": "text-generation",
      "library_name": "transformers",
      "createdAt": "2024-04-29T13:10:58.000Z",
      "modelId": "PrunaAI/google-gemma-7b-HQQ-1bit-smashed"
    },
    {
      "_id": "662f9c727dc03cfaae84ff79",
      "id": "PrunaAI/google-gemma-7b-it-HQQ-2bit-smashed",
      "likes": 0,
      "trendingScore": 0,
      "private": false,
      "downloads": 2,
      "tags": [
        "transformers",
        "gemma",
        "text-generation",
        "pruna-ai",
        "base_model:google/gemma-7b-it",
        "base_model:finetune:google/gemma-7b-it",
        "autotrain_compatible",
        "endpoints_compatible",
        "region:us"
      ],
      "pipeline_tag": "text-generation",
      "library_name": "transformers",
      "createdAt": "2024-04-29T13:11:14.000Z",
      "modelId": "PrunaAI/google-gemma-7b-it-HQQ-2bit-smashed"
    },
    {
      "_id": "662f9c7e35acb81eed38dfab",
      "id": "PrunaAI/google-gemma-7b-it-HQQ-1bit-smashed",
      "likes": 0,
      "trendingScore": 0,
      "private": false,
      "downloads": 4,
      "tags": [
        "transformers",
        "gemma",
        "text-generation",
        "pruna-ai",
        "base_model:google/gemma-7b-it",
        "base_model:finetune:google/gemma-7b-it",
        "autotrain_compatible",
        "endpoints_compatible",
        "region:us"
      ],
      "pipeline_tag": "text-generation",
      "library_name": "transformers",
      "createdAt": "2024-04-29T13:11:26.000Z",
      "modelId": "PrunaAI/google-gemma-7b-it-HQQ-1bit-smashed"
    },
    {
      "_id": "662fc3afc222fcad3052eaf2",
      "id": "PrunaAI/google-gemma-7b-HQQ-4bit-smashed",
      "likes": 0,
      "trendingScore": 0,
      "private": false,
      "downloads": 3,
      "tags": [
        "transformers",
        "gemma",
        "text-generation",
        "pruna-ai",
        "base_model:google/gemma-7b",
        "base_model:finetune:google/gemma-7b",
        "autotrain_compatible",
        "endpoints_compatible",
        "region:us"
      ],
      "pipeline_tag": "text-generation",
      "library_name": "transformers",
      "createdAt": "2024-04-29T15:58:39.000Z",
      "modelId": "PrunaAI/google-gemma-7b-HQQ-4bit-smashed"
    },
    {
      "_id": "662fc4ced2f21fa96cf50691",
      "id": "PrunaAI/google-gemma-7b-it-HQQ-4bit-smashed",
      "likes": 0,
      "trendingScore": 0,
      "private": false,
      "downloads": 2,
      "tags": [
        "transformers",
        "gemma",
        "text-generation",
        "pruna-ai",
        "base_model:google/gemma-7b-it",
        "base_model:finetune:google/gemma-7b-it",
        "autotrain_compatible",
        "endpoints_compatible",
        "region:us"
      ],
      "pipeline_tag": "text-generation",
      "library_name": "transformers",
      "createdAt": "2024-04-29T16:03:26.000Z",
      "modelId": "PrunaAI/google-gemma-7b-it-HQQ-4bit-smashed"
    },
    {
      "_id": "662fc8d326e1fbe9bde3bc40",
      "id": "PrunaAI/google-gemma-7b-it-AWQ-4bit-smashed",
      "likes": 0,
      "trendingScore": 0,
      "private": false,
      "downloads": 4,
      "tags": [
        "transformers",
        "safetensors",
        "gemma",
        "text-generation",
        "pruna-ai",
        "conversational",
        "base_model:google/gemma-7b-it",
        "base_model:quantized:google/gemma-7b-it",
        "autotrain_compatible",
        "text-generation-inference",
        "endpoints_compatible",
        "4-bit",
        "awq",
        "region:us"
      ],
      "pipeline_tag": "text-generation",
      "library_name": "transformers",
      "createdAt": "2024-04-29T16:20:35.000Z",
      "modelId": "PrunaAI/google-gemma-7b-it-AWQ-4bit-smashed"
    },
    {
      "_id": "662fc8f59198f9f3e8d22a9a",
      "id": "PrunaAI/google-gemma-7b-AWQ-4bit-smashed",
      "likes": 0,
      "trendingScore": 0,
      "private": false,
      "downloads": 4,
      "tags": [
        "transformers",
        "safetensors",
        "gemma",
        "text-generation",
        "pruna-ai",
        "base_model:google/gemma-7b",
        "base_model:quantized:google/gemma-7b",
        "autotrain_compatible",
        "text-generation-inference",
        "endpoints_compatible",
        "4-bit",
        "awq",
        "region:us"
      ],
      "pipeline_tag": "text-generation",
      "library_name": "transformers",
      "createdAt": "2024-04-29T16:21:09.000Z",
      "modelId": "PrunaAI/google-gemma-7b-AWQ-4bit-smashed"
    },
    {
      "_id": "6632db08e97d286a1d7041f6",
      "id": "PrunaAI/google-gemma-7b-bnb-4bit-smashed",
      "likes": 0,
      "trendingScore": 0,
      "private": false,
      "downloads": 3,
      "tags": [
        "transformers",
        "safetensors",
        "gemma",
        "text-generation",
        "pruna-ai",
        "base_model:google/gemma-7b",
        "base_model:quantized:google/gemma-7b",
        "autotrain_compatible",
        "text-generation-inference",
        "endpoints_compatible",
        "4-bit",
        "bitsandbytes",
        "region:us"
      ],
      "pipeline_tag": "text-generation",
      "library_name": "transformers",
      "createdAt": "2024-05-02T00:15:04.000Z",
      "modelId": "PrunaAI/google-gemma-7b-bnb-4bit-smashed"
    },
    {
      "_id": "6632dd13bc4ab4b4506c3ab7",
      "id": "PrunaAI/google-gemma-7b-it-bnb-4bit-smashed",
      "likes": 0,
      "trendingScore": 0,
      "private": false,
      "downloads": 2,
      "tags": [
        "transformers",
        "safetensors",
        "gemma",
        "text-generation",
        "pruna-ai",
        "conversational",
        "base_model:google/gemma-7b-it",
        "base_model:quantized:google/gemma-7b-it",
        "autotrain_compatible",
        "text-generation-inference",
        "endpoints_compatible",
        "4-bit",
        "bitsandbytes",
        "region:us"
      ],
      "pipeline_tag": "text-generation",
      "library_name": "transformers",
      "createdAt": "2024-05-02T00:23:47.000Z",
      "modelId": "PrunaAI/google-gemma-7b-it-bnb-4bit-smashed"
    },
    {
      "_id": "6633785ab0d78e3edbbda4ed",
      "id": "RichardErkhov/google_-_gemma-7b-it-4bits",
      "likes": 0,
      "trendingScore": 0,
      "private": false,
      "downloads": 4,
      "tags": [
        "transformers",
        "safetensors",
        "gemma",
        "text-generation",
        "conversational",
        "arxiv:2312.11805",
        "arxiv:2009.03300",
        "arxiv:1905.07830",
        "arxiv:1911.11641",
        "arxiv:1904.09728",
        "arxiv:1905.10044",
        "arxiv:1907.10641",
        "arxiv:1811.00937",
        "arxiv:1809.02789",
        "arxiv:1911.01547",
        "arxiv:1705.03551",
        "arxiv:2107.03374",
        "arxiv:2108.07732",
        "arxiv:2110.14168",
        "arxiv:2304.06364",
        "arxiv:2206.04615",
        "arxiv:1804.06876",
        "arxiv:2110.08193",
        "arxiv:2009.11462",
        "arxiv:2101.11718",
        "arxiv:1804.09301",
        "arxiv:2109.07958",
        "arxiv:2203.09509",
        "autotrain_compatible",
        "text-generation-inference",
        "endpoints_compatible",
        "4-bit",
        "bitsandbytes",
        "region:us"
      ],
      "pipeline_tag": "text-generation",
      "library_name": "transformers",
      "createdAt": "2024-05-02T11:26:18.000Z",
      "modelId": "RichardErkhov/google_-_gemma-7b-it-4bits"
    },
    {
      "_id": "663383480fccada4619e22f6",
      "id": "RichardErkhov/google_-_gemma-7b-it-8bits",
      "likes": 0,
      "trendingScore": 0,
      "private": false,
      "downloads": 2,
      "tags": [
        "transformers",
        "safetensors",
        "gemma",
        "text-generation",
        "conversational",
        "arxiv:2312.11805",
        "arxiv:2009.03300",
        "arxiv:1905.07830",
        "arxiv:1911.11641",
        "arxiv:1904.09728",
        "arxiv:1905.10044",
        "arxiv:1907.10641",
        "arxiv:1811.00937",
        "arxiv:1809.02789",
        "arxiv:1911.01547",
        "arxiv:1705.03551",
        "arxiv:2107.03374",
        "arxiv:2108.07732",
        "arxiv:2110.14168",
        "arxiv:2304.06364",
        "arxiv:2206.04615",
        "arxiv:1804.06876",
        "arxiv:2110.08193",
        "arxiv:2009.11462",
        "arxiv:2101.11718",
        "arxiv:1804.09301",
        "arxiv:2109.07958",
        "arxiv:2203.09509",
        "autotrain_compatible",
        "text-generation-inference",
        "endpoints_compatible",
        "8-bit",
        "bitsandbytes",
        "region:us"
      ],
      "pipeline_tag": "text-generation",
      "library_name": "transformers",
      "createdAt": "2024-05-02T12:12:56.000Z",
      "modelId": "RichardErkhov/google_-_gemma-7b-it-8bits"
    },
    {
      "_id": "6633882d118de0763bdf2352",
      "id": "RichardErkhov/google_-_gemma-7b-it-gguf",
      "likes": 0,
      "trendingScore": 0,
      "private": false,
      "downloads": 14,
      "tags": [
        "gguf",
        "arxiv:2312.11805",
        "arxiv:2009.03300",
        "arxiv:1905.07830",
        "arxiv:1911.11641",
        "arxiv:1904.09728",
        "arxiv:1905.10044",
        "arxiv:1907.10641",
        "arxiv:1811.00937",
        "arxiv:1809.02789",
        "arxiv:1911.01547",
        "arxiv:1705.03551",
        "arxiv:2107.03374",
        "arxiv:2108.07732",
        "arxiv:2110.14168",
        "arxiv:2304.06364",
        "arxiv:2206.04615",
        "arxiv:1804.06876",
        "arxiv:2110.08193",
        "arxiv:2009.11462",
        "arxiv:2101.11718",
        "arxiv:1804.09301",
        "arxiv:2109.07958",
        "arxiv:2203.09509",
        "endpoints_compatible",
        "region:us",
        "conversational"
      ],
      "createdAt": "2024-05-02T12:33:49.000Z",
      "modelId": "RichardErkhov/google_-_gemma-7b-it-gguf"
    },
    {
      "_id": "664fb4b6c31be46492821ebe",
      "id": "jenniellama/google-gemma-7b-1716499637",
      "likes": 0,
      "trendingScore": 0,
      "private": false,
      "downloads": 3,
      "tags": [
        "transformers",
        "safetensors",
        "gemma",
        "text-generation",
        "arxiv:1910.09700",
        "autotrain_compatible",
        "text-generation-inference",
        "endpoints_compatible",
        "region:us"
      ],
      "pipeline_tag": "text-generation",
      "library_name": "transformers",
      "createdAt": "2024-05-23T21:27:18.000Z",
      "modelId": "jenniellama/google-gemma-7b-1716499637"
    },
    {
      "_id": "66556164f59e6ac5957abd17",
      "id": "mowen222/google-gemma-7b-1716871523",
      "likes": 0,
      "trendingScore": 0,
      "private": false,
      "downloads": 2,
      "tags": [
        "transformers",
        "safetensors",
        "gemma",
        "text-generation",
        "arxiv:1910.09700",
        "autotrain_compatible",
        "text-generation-inference",
        "endpoints_compatible",
        "region:us"
      ],
      "pipeline_tag": "text-generation",
      "library_name": "transformers",
      "createdAt": "2024-05-28T04:45:24.000Z",
      "modelId": "mowen222/google-gemma-7b-1716871523"
    },
    {
      "_id": "665681d943b29fab876796a4",
      "id": "datek/google-gemma-7b-1716945367",
      "likes": 0,
      "trendingScore": 0,
      "private": false,
      "downloads": 2,
      "tags": [
        "transformers",
        "safetensors",
        "gemma",
        "text-generation",
        "arxiv:1910.09700",
        "autotrain_compatible",
        "text-generation-inference",
        "endpoints_compatible",
        "region:us"
      ],
      "pipeline_tag": "text-generation",
      "library_name": "transformers",
      "createdAt": "2024-05-29T01:16:09.000Z",
      "modelId": "datek/google-gemma-7b-1716945367"
    },
    {
      "_id": "6657266acd2afeb13ad710fa",
      "id": "chainup244/google-gemma-7b-1716987497",
      "likes": 0,
      "trendingScore": 0,
      "private": false,
      "downloads": 2,
      "tags": [
        "transformers",
        "safetensors",
        "gemma",
        "text-generation",
        "arxiv:1910.09700",
        "autotrain_compatible",
        "text-generation-inference",
        "endpoints_compatible",
        "region:us"
      ],
      "pipeline_tag": "text-generation",
      "library_name": "transformers",
      "createdAt": "2024-05-29T12:58:18.000Z",
      "modelId": "chainup244/google-gemma-7b-1716987497"
    },
    {
      "_id": "66577e6e02cec9ce5f4507c8",
      "id": "datek/google-gemma-7b-1717010029",
      "likes": 0,
      "trendingScore": 0,
      "private": false,
      "downloads": 2,
      "tags": [
        "transformers",
        "safetensors",
        "gemma",
        "text-generation",
        "arxiv:1910.09700",
        "autotrain_compatible",
        "text-generation-inference",
        "endpoints_compatible",
        "region:us"
      ],
      "pipeline_tag": "text-generation",
      "library_name": "transformers",
      "createdAt": "2024-05-29T19:13:50.000Z",
      "modelId": "datek/google-gemma-7b-1717010029"
    },
    {
      "_id": "6657f5305f6e35c7d5485ca1",
      "id": "datek/google-gemma-7b-1717040430",
      "likes": 0,
      "trendingScore": 0,
      "private": false,
      "downloads": 2,
      "tags": [
        "transformers",
        "safetensors",
        "gemma",
        "text-generation",
        "arxiv:1910.09700",
        "autotrain_compatible",
        "text-generation-inference",
        "endpoints_compatible",
        "region:us"
      ],
      "pipeline_tag": "text-generation",
      "library_name": "transformers",
      "createdAt": "2024-05-30T03:40:32.000Z",
      "modelId": "datek/google-gemma-7b-1717040430"
    },
    {
      "_id": "6657f65ccd2afeb13a265ed0",
      "id": "hdve/google-gemma-7b-1717040730",
      "likes": 0,
      "trendingScore": 0,
      "private": false,
      "downloads": 2,
      "tags": [
        "transformers",
        "safetensors",
        "gemma",
        "text-generation",
        "arxiv:1910.09700",
        "autotrain_compatible",
        "text-generation-inference",
        "endpoints_compatible",
        "region:us"
      ],
      "pipeline_tag": "text-generation",
      "library_name": "transformers",
      "createdAt": "2024-05-30T03:45:32.000Z",
      "modelId": "hdve/google-gemma-7b-1717040730"
    }
  ]
}