{
  "items": [
    {
      "_id": "6352c0d3507b679c3c5f41f4",
      "id": "google/flan-t5-xxl",
      "likes": 1257,
      "trendingScore": 0,
      "private": false,
      "downloads": 79677,
      "tags": [
        "transformers",
        "pytorch",
        "tf",
        "jax",
        "safetensors",
        "t5",
        "text2text-generation",
        "en",
        "fr",
        "ro",
        "de",
        "multilingual",
        "dataset:svakulenk0/qrecc",
        "dataset:taskmaster2",
        "dataset:djaym7/wiki_dialog",
        "dataset:deepmind/code_contests",
        "dataset:lambada",
        "dataset:gsm8k",
        "dataset:aqua_rat",
        "dataset:esnli",
        "dataset:quasc",
        "dataset:qed",
        "arxiv:2210.11416",
        "arxiv:1910.09700",
        "license:apache-2.0",
        "text-generation-inference",
        "endpoints_compatible",
        "region:us"
      ],
      "library_name": "transformers",
      "createdAt": "2022-10-21T15:54:59.000Z",
      "modelId": "google/flan-t5-xxl"
    },
    {
      "_id": "64cb425e96a31741f1a44f82",
      "id": "retrieval-bar/google_flan-t5-xxl_mbe_no_passage",
      "likes": 0,
      "trendingScore": 0,
      "private": false,
      "downloads": 0,
      "tags": [
        "peft",
        "region:us"
      ],
      "library_name": "peft",
      "createdAt": "2023-08-03T05:59:58.000Z",
      "modelId": "retrieval-bar/google_flan-t5-xxl_mbe_no_passage"
    },
    {
      "_id": "64cb7ae540ce646cc7d9fb3b",
      "id": "retrieval-bar/google_flan-t5-xxl_mbe_hl_passage",
      "likes": 0,
      "trendingScore": 0,
      "private": false,
      "downloads": 1,
      "tags": [
        "peft",
        "region:us"
      ],
      "library_name": "peft",
      "createdAt": "2023-08-03T10:01:09.000Z",
      "modelId": "retrieval-bar/google_flan-t5-xxl_mbe_hl_passage"
    },
    {
      "_id": "64eeeb5ed02f08b014983214",
      "id": "davidadamczyk/davidadamczyk_weather_negative_positive_google_flan-t5-xxl_LORA_SEQ_2_SEQ_LM",
      "likes": 0,
      "trendingScore": 0,
      "private": false,
      "downloads": 0,
      "tags": [
        "region:us"
      ],
      "createdAt": "2023-08-30T07:10:22.000Z",
      "modelId": "davidadamczyk/davidadamczyk_weather_negative_positive_google_flan-t5-xxl_LORA_SEQ_2_SEQ_LM"
    },
    {
      "_id": "65034cd90905dd866fc6557e",
      "id": "davidadamczyk/davidadamczyk_election2_google_flan-t5-xxl_LORA_SEQ_2_SEQ_LM",
      "likes": 0,
      "trendingScore": 0,
      "private": false,
      "downloads": 0,
      "tags": [
        "peft",
        "safetensors",
        "arxiv:1910.09700",
        "base_model:google/flan-t5-xxl",
        "base_model:adapter:google/flan-t5-xxl",
        "region:us"
      ],
      "library_name": "peft",
      "createdAt": "2023-09-14T18:11:37.000Z",
      "modelId": "davidadamczyk/davidadamczyk_election2_google_flan-t5-xxl_LORA_SEQ_2_SEQ_LM"
    },
    {
      "_id": "65610bab78f6dd8d8369f02f",
      "id": "JiaweiGuan/samsum_google_flan-t5-xxl_LORA_SEQ_2_SEQ_LM_AttNorm",
      "likes": 0,
      "trendingScore": 0,
      "private": false,
      "downloads": 0,
      "tags": [
        "region:us"
      ],
      "createdAt": "2023-11-24T20:46:35.000Z",
      "modelId": "JiaweiGuan/samsum_google_flan-t5-xxl_LORA_SEQ_2_SEQ_LM_AttNorm"
    },
    {
      "_id": "65986a762bc3a1e0f6d23d75",
      "id": "davidadamczyk/biden.json_google_flan-t5-xxl_LORA_SEQ_2_SEQ_LM",
      "likes": 0,
      "trendingScore": 0,
      "private": false,
      "downloads": 1,
      "tags": [
        "peft",
        "safetensors",
        "arxiv:1910.09700",
        "base_model:google/flan-t5-xxl",
        "base_model:adapter:google/flan-t5-xxl",
        "region:us"
      ],
      "library_name": "peft",
      "createdAt": "2024-01-05T20:45:42.000Z",
      "modelId": "davidadamczyk/biden.json_google_flan-t5-xxl_LORA_SEQ_2_SEQ_LM"
    },
    {
      "_id": "66e3900a2c78909baf190c8c",
      "id": "alvations/google-flan-t5-xxl-reset",
      "likes": 0,
      "trendingScore": 0,
      "private": false,
      "downloads": 2,
      "tags": [
        "transformers",
        "safetensors",
        "t5",
        "text2text-generation",
        "arxiv:1910.09700",
        "text-generation-inference",
        "endpoints_compatible",
        "region:us"
      ],
      "library_name": "transformers",
      "createdAt": "2024-09-13T01:06:18.000Z",
      "modelId": "alvations/google-flan-t5-xxl-reset"
    },
    {
      "_id": "66e394e57240b605c91ea2fd",
      "id": "alvations/google-flan-t5-xxl-7B-36-1-reset",
      "likes": 0,
      "trendingScore": 0,
      "private": false,
      "downloads": 2,
      "tags": [
        "transformers",
        "safetensors",
        "t5",
        "text2text-generation",
        "arxiv:1910.09700",
        "text-generation-inference",
        "endpoints_compatible",
        "region:us"
      ],
      "library_name": "transformers",
      "createdAt": "2024-09-13T01:27:01.000Z",
      "modelId": "alvations/google-flan-t5-xxl-7B-36-1-reset"
    },
    {
      "_id": "66e39e6936a20907db1df9ca",
      "id": "alvations/google-flan-t5-xxl-12B-0-48-reset",
      "likes": 0,
      "trendingScore": 0,
      "private": false,
      "downloads": 0,
      "tags": [
        "region:us"
      ],
      "createdAt": "2024-09-13T02:07:37.000Z",
      "modelId": "alvations/google-flan-t5-xxl-12B-0-48-reset"
    },
    {
      "_id": "6817513b8822935596b3de39",
      "id": "WaveCut/google-flan-t5-xxl-encoder_bnb-nf4",
      "likes": 0,
      "trendingScore": 0,
      "private": false,
      "downloads": 3,
      "tags": [
        "safetensors",
        "t5",
        "base_model:google/flan-t5-xxl",
        "base_model:quantized:google/flan-t5-xxl",
        "4-bit",
        "bitsandbytes",
        "region:us"
      ],
      "createdAt": "2025-05-04T11:36:27.000Z",
      "modelId": "WaveCut/google-flan-t5-xxl-encoder_bnb-nf4"
    }
  ]
}