{
  "items": [
    {
      "_id": "646f350ce2a72c647b686b91",
      "id": "tiiuae/falcon-40b-instruct",
      "likes": 1180,
      "trendingScore": 0,
      "private": false,
      "downloads": 50183,
      "tags": [
        "transformers",
        "pytorch",
        "falcon",
        "text-generation",
        "custom_code",
        "en",
        "dataset:tiiuae/falcon-refinedweb",
        "arxiv:2205.14135",
        "arxiv:1911.02150",
        "arxiv:2005.14165",
        "arxiv:2104.09864",
        "arxiv:2306.01116",
        "arxiv:2304.01196",
        "license:apache-2.0",
        "autotrain_compatible",
        "text-generation-inference",
        "endpoints_compatible",
        "region:us"
      ],
      "pipeline_tag": "text-generation",
      "library_name": "transformers",
      "createdAt": "2023-05-25T10:14:36.000Z",
      "modelId": "tiiuae/falcon-40b-instruct"
    },
    {
      "_id": "6471c82a97a75cc77aa6cb70",
      "id": "TheBloke/falcon-40b-instruct-GPTQ",
      "likes": 197,
      "trendingScore": 0,
      "private": false,
      "downloads": 333,
      "tags": [
        "transformers",
        "safetensors",
        "RefinedWeb",
        "text-generation",
        "custom_code",
        "en",
        "dataset:tiiuae/falcon-refinedweb",
        "arxiv:2205.14135",
        "arxiv:1911.02150",
        "arxiv:2005.14165",
        "arxiv:2104.09864",
        "license:apache-2.0",
        "autotrain_compatible",
        "text-generation-inference",
        "4-bit",
        "gptq",
        "region:us"
      ],
      "pipeline_tag": "text-generation",
      "library_name": "transformers",
      "createdAt": "2023-05-27T09:06:50.000Z",
      "modelId": "TheBloke/falcon-40b-instruct-GPTQ"
    },
    {
      "_id": "6479aebfa84498f2af445d66",
      "id": "philschmid/falcon-40b-instruct-GPTQ-inference-endpoints",
      "likes": 2,
      "trendingScore": 0,
      "private": false,
      "downloads": 14,
      "tags": [
        "transformers",
        "RefinedWeb",
        "text-generation",
        "custom_code",
        "en",
        "dataset:tiiuae/falcon-refinedweb",
        "arxiv:2205.14135",
        "arxiv:1911.02150",
        "arxiv:2005.14165",
        "arxiv:2104.09864",
        "license:apache-2.0",
        "autotrain_compatible",
        "endpoints_compatible",
        "region:us"
      ],
      "pipeline_tag": "text-generation",
      "library_name": "transformers",
      "createdAt": "2023-06-02T08:56:31.000Z",
      "modelId": "philschmid/falcon-40b-instruct-GPTQ-inference-endpoints"
    },
    {
      "_id": "6479e58c1a2aefceecd81da7",
      "id": "ichitaka/falcon-40b-instruct-8bit",
      "likes": 6,
      "trendingScore": 0,
      "private": false,
      "downloads": 14,
      "tags": [
        "transformers",
        "pytorch",
        "RefinedWeb",
        "text-generation",
        "custom_code",
        "en",
        "dataset:tiiuae/falcon-refinedweb",
        "arxiv:2205.14135",
        "arxiv:1911.02150",
        "arxiv:2005.14165",
        "arxiv:2104.09864",
        "license:apache-2.0",
        "autotrain_compatible",
        "text-generation-inference",
        "8-bit",
        "region:us"
      ],
      "pipeline_tag": "text-generation",
      "library_name": "transformers",
      "createdAt": "2023-06-02T12:50:20.000Z",
      "modelId": "ichitaka/falcon-40b-instruct-8bit"
    },
    {
      "_id": "6480388f15bde163f4b1d15c",
      "id": "michaelfeil/ct2fast-falcon-40b-instruct",
      "likes": 2,
      "trendingScore": 0,
      "private": false,
      "downloads": 0,
      "tags": [
        "transformers",
        "ctranslate2",
        "int8",
        "float16",
        "en",
        "dataset:tiiuae/falcon-refinedweb",
        "arxiv:2205.14135",
        "arxiv:1911.02150",
        "arxiv:2005.14165",
        "arxiv:2104.09864",
        "arxiv:2306.01116",
        "arxiv:2304.01196",
        "license:apache-2.0",
        "region:us"
      ],
      "library_name": "transformers",
      "createdAt": "2023-06-07T07:58:07.000Z",
      "modelId": "michaelfeil/ct2fast-falcon-40b-instruct"
    },
    {
      "_id": "64829698ba6c556892fb9b01",
      "id": "rmihaylov/falcon-40b-instruct-GPTQ",
      "likes": 1,
      "trendingScore": 0,
      "private": false,
      "downloads": 13,
      "tags": [
        "transformers",
        "RefinedWeb",
        "text-generation",
        "custom_code",
        "license:apache-2.0",
        "autotrain_compatible",
        "region:us"
      ],
      "pipeline_tag": "text-generation",
      "library_name": "transformers",
      "createdAt": "2023-06-09T03:03:52.000Z",
      "modelId": "rmihaylov/falcon-40b-instruct-GPTQ"
    },
    {
      "_id": "648a0e9518c7ff5d5cb92bc6",
      "id": "mikeleske/falcon-40b-instruct-german-oasst1",
      "likes": 0,
      "trendingScore": 0,
      "private": false,
      "downloads": 0,
      "tags": [
        "license:apache-2.0",
        "region:us"
      ],
      "createdAt": "2023-06-14T19:01:41.000Z",
      "modelId": "mikeleske/falcon-40b-instruct-german-oasst1"
    },
    {
      "_id": "648a4ed83688b02f2a6e3e93",
      "id": "TheBloke/falcon-40b-instruct-GGML",
      "likes": 58,
      "trendingScore": 0,
      "private": false,
      "downloads": 8,
      "tags": [
        "transformers",
        "falcon",
        "en",
        "dataset:tiiuae/falcon-refinedweb",
        "arxiv:2205.14135",
        "arxiv:1911.02150",
        "arxiv:2005.14165",
        "arxiv:2104.09864",
        "arxiv:2306.01116",
        "arxiv:2304.01196",
        "license:apache-2.0",
        "region:us"
      ],
      "library_name": "transformers",
      "createdAt": "2023-06-14T23:35:52.000Z",
      "modelId": "TheBloke/falcon-40b-instruct-GGML"
    },
    {
      "_id": "648ff7d3e41035fd57004e9b",
      "id": "inarikami/falcon-40b-instruct-8bit",
      "likes": 0,
      "trendingScore": 0,
      "private": false,
      "downloads": 15,
      "tags": [
        "transformers",
        "pytorch",
        "RefinedWeb",
        "text-generation",
        "custom_code",
        "autotrain_compatible",
        "text-generation-inference",
        "endpoints_compatible",
        "8-bit",
        "region:us"
      ],
      "pipeline_tag": "text-generation",
      "library_name": "transformers",
      "createdAt": "2023-06-19T06:38:11.000Z",
      "modelId": "inarikami/falcon-40b-instruct-8bit"
    },
    {
      "_id": "649370968ef138d2bc74b72d",
      "id": "DavinciKollektiv/falcon-40b-instruct-qlora-chat-support-bot-faq",
      "likes": 0,
      "trendingScore": 0,
      "private": false,
      "downloads": 0,
      "tags": [
        "region:us"
      ],
      "createdAt": "2023-06-21T21:50:14.000Z",
      "modelId": "DavinciKollektiv/falcon-40b-instruct-qlora-chat-support-bot-faq"
    },
    {
      "_id": "6497fb64b36c315308634bc3",
      "id": "jiyuanq/falcon-40b-instruct-gptq-128g-act",
      "likes": 0,
      "trendingScore": 0,
      "private": false,
      "downloads": 23,
      "tags": [
        "transformers",
        "safetensors",
        "RefinedWeb",
        "text-generation",
        "custom_code",
        "autotrain_compatible",
        "text-generation-inference",
        "endpoints_compatible",
        "region:us"
      ],
      "pipeline_tag": "text-generation",
      "library_name": "transformers",
      "createdAt": "2023-06-25T08:31:32.000Z",
      "modelId": "jiyuanq/falcon-40b-instruct-gptq-128g-act"
    },
    {
      "_id": "649b8897c5d076065a6470a9",
      "id": "DanielTTY/falcon-40b-instruct-ufs_v1",
      "likes": 0,
      "trendingScore": 0,
      "private": false,
      "downloads": 0,
      "tags": [
        "region:us"
      ],
      "createdAt": "2023-06-28T01:10:47.000Z",
      "modelId": "DanielTTY/falcon-40b-instruct-ufs_v1"
    },
    {
      "_id": "649ca7939bf2dd5a3cde30ab",
      "id": "therajmaurya/Falcon-40B-Instruct-QLoRA-Guanaco",
      "likes": 0,
      "trendingScore": 0,
      "private": false,
      "downloads": 0,
      "tags": [
        "region:us"
      ],
      "createdAt": "2023-06-28T21:35:15.000Z",
      "modelId": "therajmaurya/Falcon-40B-Instruct-QLoRA-Guanaco"
    },
    {
      "_id": "649de5e4c36e24ac5d670c46",
      "id": "therajmaurya/Falcon-40B-Instruct-QLoRA-Ecommerce",
      "likes": 2,
      "trendingScore": 0,
      "private": false,
      "downloads": 0,
      "tags": [
        "peft",
        "generated_from_trainer",
        "license:apache-2.0",
        "region:us"
      ],
      "library_name": "peft",
      "createdAt": "2023-06-29T20:13:24.000Z",
      "modelId": "therajmaurya/Falcon-40B-Instruct-QLoRA-Ecommerce"
    },
    {
      "_id": "649de789b24e556c33a6b9cf",
      "id": "therajmaurya/Falcon-40B-Instruct-QLoRA-PersonalFinance",
      "likes": 0,
      "trendingScore": 0,
      "private": false,
      "downloads": 0,
      "tags": [
        "license:apache-2.0",
        "region:us"
      ],
      "createdAt": "2023-06-29T20:20:25.000Z",
      "modelId": "therajmaurya/Falcon-40B-Instruct-QLoRA-PersonalFinance"
    },
    {
      "_id": "64a4c921c1b5cb895be68543",
      "id": "LaconicAI/falcon-40b-instruct-gptq",
      "likes": 0,
      "trendingScore": 0,
      "private": false,
      "downloads": 26,
      "tags": [
        "transformers",
        "safetensors",
        "RefinedWeb",
        "text-generation",
        "custom_code",
        "license:apache-2.0",
        "autotrain_compatible",
        "text-generation-inference",
        "endpoints_compatible",
        "region:us"
      ],
      "pipeline_tag": "text-generation",
      "library_name": "transformers",
      "createdAt": "2023-07-05T01:36:33.000Z",
      "modelId": "LaconicAI/falcon-40b-instruct-gptq"
    },
    {
      "_id": "64a8420fb76bfd863e6aae8d",
      "id": "A-Alsad/Falcon-40B-Instruct-SAT",
      "likes": 0,
      "trendingScore": 0,
      "private": false,
      "downloads": 0,
      "tags": [
        "peft",
        "region:us"
      ],
      "library_name": "peft",
      "createdAt": "2023-07-07T16:49:19.000Z",
      "modelId": "A-Alsad/Falcon-40B-Instruct-SAT"
    },
    {
      "_id": "64acdcd2b7d86b40fd7168d4",
      "id": "sgowdaks/falcon-40b-instruct-8bit",
      "likes": 0,
      "trendingScore": 0,
      "private": false,
      "downloads": 1,
      "tags": [
        "transformers",
        "pytorch",
        "RefinedWeb",
        "custom_code",
        "text-generation-inference",
        "endpoints_compatible",
        "8-bit",
        "region:us"
      ],
      "library_name": "transformers",
      "createdAt": "2023-07-11T04:38:42.000Z",
      "modelId": "sgowdaks/falcon-40b-instruct-8bit"
    },
    {
      "_id": "64ae5223e4178b45e8518f52",
      "id": "aiknight87/falcon-40b-instruct-tuned-finance-qas",
      "likes": 0,
      "trendingScore": 0,
      "private": false,
      "downloads": 41,
      "tags": [
        "peft",
        "RefinedWeb",
        "custom_code",
        "4-bit",
        "region:us"
      ],
      "library_name": "peft",
      "createdAt": "2023-07-12T07:11:31.000Z",
      "modelId": "aiknight87/falcon-40b-instruct-tuned-finance-qas"
    },
    {
      "_id": "64ae87adc853295e0ad45db6",
      "id": "puru22/falcon-40b-instruct-fast",
      "likes": 3,
      "trendingScore": 0,
      "private": false,
      "downloads": 0,
      "tags": [
        "transformers",
        "pytorch",
        "RefinedWeb",
        "text-generation",
        "custom_code",
        "autotrain_compatible",
        "text-generation-inference",
        "endpoints_compatible",
        "region:us"
      ],
      "pipeline_tag": "text-generation",
      "library_name": "transformers",
      "createdAt": "2023-07-12T10:59:57.000Z",
      "modelId": "puru22/falcon-40b-instruct-fast"
    },
    {
      "_id": "64af1a885de9402882ebbe4c",
      "id": "jozzy/falcon-40b-instruct-hipify",
      "likes": 0,
      "trendingScore": 0,
      "private": false,
      "downloads": 0,
      "tags": [
        "peft",
        "region:us"
      ],
      "library_name": "peft",
      "createdAt": "2023-07-12T21:26:32.000Z",
      "modelId": "jozzy/falcon-40b-instruct-hipify"
    },
    {
      "_id": "64afe2d243e3d1062bd6545b",
      "id": "abhinavkulkarni/tiiuae-falcon-40b-instruct-w4-g128-awq",
      "likes": 2,
      "trendingScore": 0,
      "private": false,
      "downloads": 16,
      "tags": [
        "transformers",
        "pytorch",
        "RefinedWeb",
        "text-generation",
        "AWQ",
        "custom_code",
        "license:apache-2.0",
        "autotrain_compatible",
        "text-generation-inference",
        "region:us"
      ],
      "pipeline_tag": "text-generation",
      "library_name": "transformers",
      "createdAt": "2023-07-13T11:41:06.000Z",
      "modelId": "abhinavkulkarni/tiiuae-falcon-40b-instruct-w4-g128-awq"
    },
    {
      "_id": "64b9040352b7353d8c723948",
      "id": "saital/Falcon40B-Instruct-AdaptersV1",
      "likes": 0,
      "trendingScore": 0,
      "private": false,
      "downloads": 0,
      "tags": [
        "peft",
        "region:us"
      ],
      "library_name": "peft",
      "createdAt": "2023-07-20T09:53:07.000Z",
      "modelId": "saital/Falcon40B-Instruct-AdaptersV1"
    },
    {
      "_id": "64ba876cfec50c890053d4c7",
      "id": "saital/Falcon40B-Instruct-AdaptersV2",
      "likes": 0,
      "trendingScore": 0,
      "private": false,
      "downloads": 0,
      "tags": [
        "peft",
        "region:us"
      ],
      "library_name": "peft",
      "createdAt": "2023-07-21T13:26:04.000Z",
      "modelId": "saital/Falcon40B-Instruct-AdaptersV2"
    },
    {
      "_id": "64bc74c31d40292dd3cf697c",
      "id": "ebilal79/watsonx-falcon-40b-instruct",
      "likes": 0,
      "trendingScore": 0,
      "private": false,
      "downloads": 0,
      "tags": [
        "peft",
        "region:us"
      ],
      "library_name": "peft",
      "createdAt": "2023-07-23T00:30:59.000Z",
      "modelId": "ebilal79/watsonx-falcon-40b-instruct"
    },
    {
      "_id": "64bf9d836999b520edaa9ac1",
      "id": "Skiro/falcon-40b-instruct-ggml",
      "likes": 1,
      "trendingScore": 0,
      "private": false,
      "downloads": 0,
      "tags": [
        "license:apache-2.0",
        "region:us"
      ],
      "createdAt": "2023-07-25T10:01:39.000Z",
      "modelId": "Skiro/falcon-40b-instruct-ggml"
    },
    {
      "_id": "64c7721c9cff58f22c6128f5",
      "id": "aiknight87/falcon-40b-instruct-tuned-income-tax-v2",
      "likes": 0,
      "trendingScore": 0,
      "private": false,
      "downloads": 0,
      "tags": [
        "region:us"
      ],
      "createdAt": "2023-07-31T08:34:36.000Z",
      "modelId": "aiknight87/falcon-40b-instruct-tuned-income-tax-v2"
    },
    {
      "_id": "64c7e7664cc4849813311695",
      "id": "aiknight87/falcon-40b-instruct-tuned-income-tax",
      "likes": 0,
      "trendingScore": 0,
      "private": false,
      "downloads": 41,
      "tags": [
        "peft",
        "RefinedWeb",
        "custom_code",
        "4-bit",
        "region:us"
      ],
      "library_name": "peft",
      "createdAt": "2023-07-31T16:55:02.000Z",
      "modelId": "aiknight87/falcon-40b-instruct-tuned-income-tax"
    },
    {
      "_id": "64d3bfec833c0b78bc4b9047",
      "id": "aiknight87/falcon-40b-instruct-tuned-income-tax-v3",
      "likes": 0,
      "trendingScore": 0,
      "private": false,
      "downloads": 0,
      "tags": [
        "region:us"
      ],
      "createdAt": "2023-08-09T16:33:48.000Z",
      "modelId": "aiknight87/falcon-40b-instruct-tuned-income-tax-v3"
    },
    {
      "_id": "64de2891622f9cdf72c2a57b",
      "id": "aiknight87/falcon-40b-instruct-tuned-qa-system",
      "likes": 0,
      "trendingScore": 0,
      "private": false,
      "downloads": 0,
      "tags": [
        "region:us"
      ],
      "createdAt": "2023-08-17T14:02:57.000Z",
      "modelId": "aiknight87/falcon-40b-instruct-tuned-qa-system"
    },
    {
      "_id": "64df4768d90f5eee7a51281c",
      "id": "Jules1234/falcon-40b-instruct-8bit",
      "likes": 0,
      "trendingScore": 0,
      "private": false,
      "downloads": 0,
      "tags": [
        "license:apache-2.0",
        "region:us"
      ],
      "createdAt": "2023-08-18T10:26:48.000Z",
      "modelId": "Jules1234/falcon-40b-instruct-8bit"
    },
    {
      "_id": "64e5aa0794aa0690321b2a28",
      "id": "aiknight87/falcon-40b-instruct-test-system",
      "likes": 0,
      "trendingScore": 0,
      "private": false,
      "downloads": 14,
      "tags": [
        "peft",
        "RefinedWeb",
        "custom_code",
        "4-bit",
        "bitsandbytes",
        "region:us"
      ],
      "library_name": "peft",
      "createdAt": "2023-08-23T06:41:11.000Z",
      "modelId": "aiknight87/falcon-40b-instruct-test-system"
    },
    {
      "_id": "64ee5963f479fcb96dc33cf7",
      "id": "maddes8cht/tiiuae-falcon-40b-instruct-gguf",
      "likes": 4,
      "trendingScore": 0,
      "private": false,
      "downloads": 240,
      "tags": [
        "gguf",
        "en",
        "dataset:tiiuae/falcon-refinedweb",
        "arxiv:2205.14135",
        "arxiv:1911.02150",
        "arxiv:2005.14165",
        "arxiv:2104.09864",
        "arxiv:2306.01116",
        "arxiv:2304.01196",
        "license:apache-2.0",
        "region:us"
      ],
      "createdAt": "2023-08-29T20:47:31.000Z",
      "modelId": "maddes8cht/tiiuae-falcon-40b-instruct-gguf"
    },
    {
      "_id": "64f992e416c9e30fc3468b2e",
      "id": "SharkAISolutions/falcon-40b-instruct-finetuning-v2",
      "likes": 0,
      "trendingScore": 0,
      "private": false,
      "downloads": 0,
      "tags": [
        "region:us"
      ],
      "createdAt": "2023-09-07T09:07:48.000Z",
      "modelId": "SharkAISolutions/falcon-40b-instruct-finetuning-v2"
    },
    {
      "_id": "65016c267f91f9404026a6ab",
      "id": "SharkAISolutions/falcon-40b-instruct-finetuning-v3",
      "likes": 0,
      "trendingScore": 0,
      "private": false,
      "downloads": 0,
      "tags": [
        "region:us"
      ],
      "createdAt": "2023-09-13T08:00:38.000Z",
      "modelId": "SharkAISolutions/falcon-40b-instruct-finetuning-v3"
    },
    {
      "_id": "65033a5e4d6120eff4da6b31",
      "id": "SharkAISolutions/falcon-40b-instruct-finetuning-v4",
      "likes": 0,
      "trendingScore": 0,
      "private": false,
      "downloads": 0,
      "tags": [
        "region:us"
      ],
      "createdAt": "2023-09-14T16:52:46.000Z",
      "modelId": "SharkAISolutions/falcon-40b-instruct-finetuning-v4"
    },
    {
      "_id": "6518184f5ae78fd448c937d1",
      "id": "samdevbr/falcon-40b-instruct-8bit",
      "likes": 0,
      "trendingScore": 0,
      "private": false,
      "downloads": 0,
      "tags": [
        "license:apache-2.0",
        "region:us"
      ],
      "createdAt": "2023-09-30T12:45:03.000Z",
      "modelId": "samdevbr/falcon-40b-instruct-8bit"
    },
    {
      "_id": "65317c43303c8ba75aca2e71",
      "id": "r3v1/falcon-40b-instruct-GGUF",
      "likes": 0,
      "trendingScore": 0,
      "private": false,
      "downloads": 27,
      "tags": [
        "gguf",
        "endpoints_compatible",
        "region:us"
      ],
      "createdAt": "2023-10-19T18:58:11.000Z",
      "modelId": "r3v1/falcon-40b-instruct-GGUF"
    },
    {
      "_id": "65667375937e98464a80e3d4",
      "id": "gmazur591/falcon-40b-instruct-ft-adapters",
      "likes": 0,
      "trendingScore": 0,
      "private": false,
      "downloads": 2,
      "tags": [
        "peft",
        "safetensors",
        "arxiv:1910.09700",
        "base_model:tiiuae/falcon-7b-instruct",
        "base_model:adapter:tiiuae/falcon-7b-instruct",
        "region:us"
      ],
      "library_name": "peft",
      "createdAt": "2023-11-28T23:10:45.000Z",
      "modelId": "gmazur591/falcon-40b-instruct-ft-adapters"
    },
    {
      "_id": "65e9d7e52765568e1a597582",
      "id": "OmarAlsaabi/falcon-40b-instruct",
      "likes": 0,
      "trendingScore": 0,
      "private": false,
      "downloads": 0,
      "tags": [
        "license:apache-2.0",
        "region:us"
      ],
      "createdAt": "2024-03-07T15:06:13.000Z",
      "modelId": "OmarAlsaabi/falcon-40b-instruct"
    },
    {
      "_id": "65ecace9c7b0ce53e4013495",
      "id": "mradermacher/falcon-40b-instruct-GGUF",
      "likes": 0,
      "trendingScore": 0,
      "private": false,
      "downloads": 120,
      "tags": [
        "transformers",
        "gguf",
        "en",
        "dataset:tiiuae/falcon-refinedweb",
        "base_model:tiiuae/falcon-40b-instruct",
        "base_model:quantized:tiiuae/falcon-40b-instruct",
        "license:apache-2.0",
        "endpoints_compatible",
        "region:us"
      ],
      "library_name": "transformers",
      "createdAt": "2024-03-09T18:39:37.000Z",
      "modelId": "mradermacher/falcon-40b-instruct-GGUF"
    },
    {
      "_id": "65ed6ac5e28439e21b41a0a8",
      "id": "mradermacher/falcon-40b-instruct-i1-GGUF",
      "likes": 1,
      "trendingScore": 0,
      "private": false,
      "downloads": 150,
      "tags": [
        "transformers",
        "gguf",
        "en",
        "dataset:tiiuae/falcon-refinedweb",
        "base_model:tiiuae/falcon-40b-instruct",
        "base_model:quantized:tiiuae/falcon-40b-instruct",
        "license:apache-2.0",
        "endpoints_compatible",
        "region:us",
        "imatrix"
      ],
      "library_name": "transformers",
      "createdAt": "2024-03-10T08:09:41.000Z",
      "modelId": "mradermacher/falcon-40b-instruct-i1-GGUF"
    },
    {
      "_id": "660e34a023cbb76757e131a4",
      "id": "smahjouri/falcon-40b-instruct-formai",
      "likes": 0,
      "trendingScore": 0,
      "private": false,
      "downloads": 0,
      "tags": [
        "transformers",
        "safetensors",
        "arxiv:1910.09700",
        "endpoints_compatible",
        "region:us"
      ],
      "library_name": "transformers",
      "createdAt": "2024-04-04T05:03:28.000Z",
      "modelId": "smahjouri/falcon-40b-instruct-formai"
    },
    {
      "_id": "6654a226ac73f7759f74cd1b",
      "id": "Shishir17/falcon40binstruct_mentalhealthmodel_oct23",
      "likes": 0,
      "trendingScore": 0,
      "private": false,
      "downloads": 0,
      "tags": [
        "peft",
        "safetensors",
        "trl",
        "sft",
        "generated_from_trainer",
        "base_model:tiiuae/falcon-40b-instruct",
        "base_model:adapter:tiiuae/falcon-40b-instruct",
        "license:apache-2.0",
        "region:us"
      ],
      "library_name": "peft",
      "createdAt": "2024-05-27T15:09:26.000Z",
      "modelId": "Shishir17/falcon40binstruct_mentalhealthmodel_oct23"
    },
    {
      "_id": "666a067e72713320781d6fb5",
      "id": "SotiriosKastanas/tiiuae-falcon-40b-instruct-4-bit-gptq",
      "likes": 0,
      "trendingScore": 0,
      "private": false,
      "downloads": 2,
      "tags": [
        "transformers",
        "safetensors",
        "falcon",
        "text-generation",
        "custom_code",
        "arxiv:1910.09700",
        "autotrain_compatible",
        "text-generation-inference",
        "endpoints_compatible",
        "4-bit",
        "gptq",
        "region:us"
      ],
      "pipeline_tag": "text-generation",
      "library_name": "transformers",
      "createdAt": "2024-06-12T20:35:10.000Z",
      "modelId": "SotiriosKastanas/tiiuae-falcon-40b-instruct-4-bit-gptq"
    },
    {
      "_id": "66756d628a4064c02b1a70c9",
      "id": "SotiriosKastanas/tiiuae-falcon-40b-instruct-4-bit-bnb",
      "likes": 0,
      "trendingScore": 0,
      "private": false,
      "downloads": 2,
      "tags": [
        "transformers",
        "safetensors",
        "falcon",
        "text-generation",
        "custom_code",
        "arxiv:1910.09700",
        "autotrain_compatible",
        "text-generation-inference",
        "endpoints_compatible",
        "4-bit",
        "bitsandbytes",
        "region:us"
      ],
      "pipeline_tag": "text-generation",
      "library_name": "transformers",
      "createdAt": "2024-06-21T12:09:06.000Z",
      "modelId": "SotiriosKastanas/tiiuae-falcon-40b-instruct-4-bit-bnb"
    },
    {
      "_id": "66be1834359d1ee9692c523d",
      "id": "chchen/Falcon-40B-Instruct-ORPO",
      "likes": 0,
      "trendingScore": 0,
      "private": false,
      "downloads": 0,
      "tags": [
        "region:us"
      ],
      "createdAt": "2024-08-15T15:01:08.000Z",
      "modelId": "chchen/Falcon-40B-Instruct-ORPO"
    },
    {
      "_id": "66be18dfea2de7decda82afd",
      "id": "chchen/Falcon-40B-Instruct-ORPO-SALT",
      "likes": 0,
      "trendingScore": 0,
      "private": false,
      "downloads": 0,
      "tags": [
        "region:us"
      ],
      "createdAt": "2024-08-15T15:03:59.000Z",
      "modelId": "chchen/Falcon-40B-Instruct-ORPO-SALT"
    },
    {
      "_id": "6718ba8865b55ac35eb9fd77",
      "id": "AIDSC/falcon-40b-instruct",
      "likes": 0,
      "trendingScore": 0,
      "private": false,
      "downloads": 5,
      "tags": [
        "pytorch",
        "falcon",
        "custom_code",
        "en",
        "dataset:tiiuae/falcon-refinedweb",
        "arxiv:2205.14135",
        "arxiv:1911.02150",
        "arxiv:2005.14165",
        "arxiv:2104.09864",
        "arxiv:2306.01116",
        "arxiv:2304.01196",
        "license:apache-2.0",
        "endpoints_compatible",
        "region:us"
      ],
      "createdAt": "2024-10-23T08:57:44.000Z",
      "modelId": "AIDSC/falcon-40b-instruct"
    },
    {
      "_id": "673f3965e79f140ff43f5218",
      "id": "mav23/falcon-40b-instruct-GGUF",
      "likes": 0,
      "trendingScore": 0,
      "private": false,
      "downloads": 28,
      "tags": [
        "gguf",
        "en",
        "dataset:tiiuae/falcon-refinedweb",
        "arxiv:2205.14135",
        "arxiv:1911.02150",
        "arxiv:2005.14165",
        "arxiv:2104.09864",
        "arxiv:2306.01116",
        "arxiv:2304.01196",
        "license:apache-2.0",
        "region:us"
      ],
      "createdAt": "2024-11-21T13:45:09.000Z",
      "modelId": "mav23/falcon-40b-instruct-GGUF"
    }
  ]
}