{
  "items": [
    {
      "_id": "621ffdc136468d709f1794c5",
      "id": "atharvamundada99/bert-large-question-answering-finetuned-legal",
      "likes": 17,
      "trendingScore": 0,
      "private": false,
      "downloads": 370,
      "tags": [
        "transformers",
        "pytorch",
        "bert",
        "question-answering",
        "endpoints_compatible",
        "region:us"
      ],
      "pipeline_tag": "question-answering",
      "library_name": "transformers",
      "createdAt": "2022-03-02T23:29:05.000Z",
      "modelId": "atharvamundada99/bert-large-question-answering-finetuned-legal"
    },
    {
      "_id": "6692e531fc25100d1e4d4d5b",
      "id": "Imanbehravan/bert-large-question-answering-finetuned-legal",
      "likes": 0,
      "trendingScore": 0,
      "private": false,
      "downloads": 1,
      "tags": [
        "transformers",
        "tensorboard",
        "safetensors",
        "bert",
        "question-answering",
        "generated_from_trainer",
        "endpoints_compatible",
        "region:us"
      ],
      "pipeline_tag": "question-answering",
      "library_name": "transformers",
      "createdAt": "2024-07-13T20:36:01.000Z",
      "modelId": "Imanbehravan/bert-large-question-answering-finetuned-legal"
    }
  ]
}