{
  "items": [
    {
      "_id": "66268dc9cd54f5fffb4e2e24",
      "id": "microsoft/Phi-3-mini-4k-instruct",
      "likes": 1267,
      "trendingScore": 6,
      "private": false,
      "downloads": 541579,
      "tags": [
        "transformers",
        "safetensors",
        "phi3",
        "text-generation",
        "nlp",
        "code",
        "conversational",
        "custom_code",
        "en",
        "fr",
        "license:mit",
        "autotrain_compatible",
        "text-generation-inference",
        "endpoints_compatible",
        "region:us"
      ],
      "pipeline_tag": "text-generation",
      "library_name": "transformers",
      "createdAt": "2024-04-22T16:18:17.000Z",
      "modelId": "microsoft/Phi-3-mini-4k-instruct"
    },
    {
      "_id": "66268fafb1ca2e1fed19a528",
      "id": "microsoft/Phi-3-mini-128k-instruct",
      "likes": 1667,
      "trendingScore": 6,
      "private": false,
      "downloads": 1064887,
      "tags": [
        "transformers",
        "safetensors",
        "phi3",
        "text-generation",
        "nlp",
        "code",
        "conversational",
        "custom_code",
        "en",
        "license:mit",
        "autotrain_compatible",
        "text-generation-inference",
        "endpoints_compatible",
        "region:us"
      ],
      "pipeline_tag": "text-generation",
      "library_name": "transformers",
      "createdAt": "2024-04-22T16:26:23.000Z",
      "modelId": "microsoft/Phi-3-mini-128k-instruct"
    },
    {
      "_id": "662698108f7573e6a6478546",
      "id": "microsoft/Phi-3-mini-4k-instruct-gguf",
      "likes": 512,
      "trendingScore": 1,
      "private": false,
      "downloads": 56288,
      "tags": [
        "gguf",
        "nlp",
        "code",
        "text-generation",
        "en",
        "license:mit",
        "endpoints_compatible",
        "region:us",
        "conversational"
      ],
      "pipeline_tag": "text-generation",
      "createdAt": "2024-04-22T17:02:08.000Z",
      "modelId": "microsoft/Phi-3-mini-4k-instruct-gguf"
    },
    {
      "_id": "66271aaacd54f5fffb741bfa",
      "id": "microsoft/Phi-3-mini-4k-instruct-onnx",
      "likes": 142,
      "trendingScore": 0,
      "private": false,
      "downloads": 16249,
      "tags": [
        "transformers",
        "onnx",
        "phi3",
        "text-generation",
        "ONNX",
        "DML",
        "ONNXRuntime",
        "nlp",
        "conversational",
        "custom_code",
        "arxiv:2306.00978",
        "license:mit",
        "autotrain_compatible",
        "region:us"
      ],
      "pipeline_tag": "text-generation",
      "library_name": "transformers",
      "createdAt": "2024-04-23T02:19:22.000Z",
      "modelId": "microsoft/Phi-3-mini-4k-instruct-onnx"
    },
    {
      "_id": "66271ad3430a12425311c9bf",
      "id": "microsoft/Phi-3-mini-128k-instruct-onnx",
      "likes": 190,
      "trendingScore": 0,
      "private": false,
      "downloads": 1188,
      "tags": [
        "transformers",
        "onnx",
        "phi3",
        "text-generation",
        "ONNX",
        "DML",
        "ONNXRuntime",
        "nlp",
        "conversational",
        "custom_code",
        "arxiv:2306.00978",
        "license:mit",
        "autotrain_compatible",
        "region:us"
      ],
      "pipeline_tag": "text-generation",
      "library_name": "transformers",
      "createdAt": "2024-04-23T02:20:03.000Z",
      "modelId": "microsoft/Phi-3-mini-128k-instruct-onnx"
    },
    {
      "_id": "662fc8a426e1fbe9bde3ac47",
      "id": "PrunaAI/microsoft-Phi-3-mini-128k-instruct-HQQ-1bit-smashed",
      "likes": 0,
      "trendingScore": 0,
      "private": false,
      "downloads": 4,
      "tags": [
        "transformers",
        "phi3",
        "text-generation",
        "pruna-ai",
        "conversational",
        "custom_code",
        "base_model:microsoft/Phi-3-mini-128k-instruct",
        "base_model:finetune:microsoft/Phi-3-mini-128k-instruct",
        "autotrain_compatible",
        "endpoints_compatible",
        "region:us"
      ],
      "pipeline_tag": "text-generation",
      "library_name": "transformers",
      "createdAt": "2024-04-29T16:19:48.000Z",
      "modelId": "PrunaAI/microsoft-Phi-3-mini-128k-instruct-HQQ-1bit-smashed"
    },
    {
      "_id": "662fc8dad2f21fa96cf64433",
      "id": "PrunaAI/microsoft-Phi-3-mini-128k-instruct-HQQ-2bit-smashed",
      "likes": 0,
      "trendingScore": 0,
      "private": false,
      "downloads": 3,
      "tags": [
        "transformers",
        "phi3",
        "text-generation",
        "pruna-ai",
        "conversational",
        "custom_code",
        "base_model:microsoft/Phi-3-mini-128k-instruct",
        "base_model:finetune:microsoft/Phi-3-mini-128k-instruct",
        "autotrain_compatible",
        "endpoints_compatible",
        "region:us"
      ],
      "pipeline_tag": "text-generation",
      "library_name": "transformers",
      "createdAt": "2024-04-29T16:20:42.000Z",
      "modelId": "PrunaAI/microsoft-Phi-3-mini-128k-instruct-HQQ-2bit-smashed"
    },
    {
      "_id": "662fc8e3e649907fb1220efe",
      "id": "PrunaAI/microsoft-Phi-3-mini-4k-instruct-HQQ-1bit-smashed",
      "likes": 0,
      "trendingScore": 0,
      "private": false,
      "downloads": 2,
      "tags": [
        "transformers",
        "phi3",
        "text-generation",
        "pruna-ai",
        "conversational",
        "custom_code",
        "base_model:PrunaAI/microsoft-Phi-3-mini-4k-instruct-HQQ-1bit-smashed",
        "base_model:finetune:PrunaAI/microsoft-Phi-3-mini-4k-instruct-HQQ-1bit-smashed",
        "autotrain_compatible",
        "endpoints_compatible",
        "region:us"
      ],
      "pipeline_tag": "text-generation",
      "library_name": "transformers",
      "createdAt": "2024-04-29T16:20:51.000Z",
      "modelId": "PrunaAI/microsoft-Phi-3-mini-4k-instruct-HQQ-1bit-smashed"
    },
    {
      "_id": "662fc90291587703a67ca72d",
      "id": "PrunaAI/microsoft-Phi-3-mini-4k-instruct-HQQ-4bit-smashed",
      "likes": 0,
      "trendingScore": 0,
      "private": false,
      "downloads": 5,
      "tags": [
        "transformers",
        "phi3",
        "text-generation",
        "pruna-ai",
        "conversational",
        "custom_code",
        "autotrain_compatible",
        "endpoints_compatible",
        "hqq",
        "region:us"
      ],
      "pipeline_tag": "text-generation",
      "library_name": "transformers",
      "createdAt": "2024-04-29T16:21:22.000Z",
      "modelId": "PrunaAI/microsoft-Phi-3-mini-4k-instruct-HQQ-4bit-smashed"
    },
    {
      "_id": "662fc9ac72779ad1f135c334",
      "id": "PrunaAI/microsoft-Phi-3-mini-128k-instruct-HQQ-4bit-smashed",
      "likes": 0,
      "trendingScore": 0,
      "private": false,
      "downloads": 3,
      "tags": [
        "transformers",
        "phi3",
        "text-generation",
        "pruna-ai",
        "conversational",
        "custom_code",
        "autotrain_compatible",
        "endpoints_compatible",
        "hqq",
        "region:us"
      ],
      "pipeline_tag": "text-generation",
      "library_name": "transformers",
      "createdAt": "2024-04-29T16:24:12.000Z",
      "modelId": "PrunaAI/microsoft-Phi-3-mini-128k-instruct-HQQ-4bit-smashed"
    },
    {
      "_id": "662fca4e05eab970936b8f7b",
      "id": "PrunaAI/microsoft-Phi-3-mini-4k-instruct-HQQ-2bit-smashed",
      "likes": 0,
      "trendingScore": 0,
      "private": false,
      "downloads": 3,
      "tags": [
        "transformers",
        "phi3",
        "text-generation",
        "pruna-ai",
        "conversational",
        "custom_code",
        "base_model:microsoft/Phi-3-mini-4k-instruct",
        "base_model:finetune:microsoft/Phi-3-mini-4k-instruct",
        "autotrain_compatible",
        "endpoints_compatible",
        "region:us"
      ],
      "pipeline_tag": "text-generation",
      "library_name": "transformers",
      "createdAt": "2024-04-29T16:26:54.000Z",
      "modelId": "PrunaAI/microsoft-Phi-3-mini-4k-instruct-HQQ-2bit-smashed"
    },
    {
      "_id": "6632e7169163a52438311505",
      "id": "PrunaAI/microsoft-Phi-3-mini-128k-instruct-bnb-4bit-smashed",
      "likes": 0,
      "trendingScore": 0,
      "private": false,
      "downloads": 3,
      "tags": [
        "transformers",
        "safetensors",
        "phi3",
        "text-generation",
        "pruna-ai",
        "conversational",
        "custom_code",
        "autotrain_compatible",
        "text-generation-inference",
        "endpoints_compatible",
        "4-bit",
        "bitsandbytes",
        "region:us"
      ],
      "pipeline_tag": "text-generation",
      "library_name": "transformers",
      "createdAt": "2024-05-02T01:06:30.000Z",
      "modelId": "PrunaAI/microsoft-Phi-3-mini-128k-instruct-bnb-4bit-smashed"
    },
    {
      "_id": "6632e71ae7025bf3a3324c84",
      "id": "PrunaAI/microsoft-Phi-3-mini-4k-instruct-bnb-4bit-smashed",
      "likes": 0,
      "trendingScore": 0,
      "private": false,
      "downloads": 3,
      "tags": [
        "transformers",
        "safetensors",
        "phi3",
        "text-generation",
        "pruna-ai",
        "conversational",
        "custom_code",
        "autotrain_compatible",
        "text-generation-inference",
        "endpoints_compatible",
        "4-bit",
        "bitsandbytes",
        "region:us"
      ],
      "pipeline_tag": "text-generation",
      "library_name": "transformers",
      "createdAt": "2024-05-02T01:06:34.000Z",
      "modelId": "PrunaAI/microsoft-Phi-3-mini-4k-instruct-bnb-4bit-smashed"
    },
    {
      "_id": "663380790dd199beee507b6c",
      "id": "RichardErkhov/microsoft_-_Phi-3-mini-128k-instruct-gguf",
      "likes": 0,
      "trendingScore": 0,
      "private": false,
      "downloads": 114,
      "tags": [
        "gguf",
        "endpoints_compatible",
        "region:us",
        "conversational"
      ],
      "createdAt": "2024-05-02T12:00:57.000Z",
      "modelId": "RichardErkhov/microsoft_-_Phi-3-mini-128k-instruct-gguf"
    },
    {
      "_id": "6633e018d0755b67beb04bd6",
      "id": "RichardErkhov/microsoft_-_Phi-3-mini-4k-instruct-gguf",
      "likes": 0,
      "trendingScore": 0,
      "private": false,
      "downloads": 87,
      "tags": [
        "gguf",
        "endpoints_compatible",
        "region:us",
        "conversational"
      ],
      "createdAt": "2024-05-02T18:48:56.000Z",
      "modelId": "RichardErkhov/microsoft_-_Phi-3-mini-4k-instruct-gguf"
    },
    {
      "_id": "6646c6899d3a5b2ddb43b393",
      "id": "microsoft/Phi-3-mini-4k-instruct-onnx-web",
      "likes": 24,
      "trendingScore": 0,
      "private": false,
      "downloads": 1226,
      "tags": [
        "transformers.js",
        "onnx",
        "phi3",
        "text-generation",
        "ONNX",
        "ONNXRuntime",
        "ONNXRuntimeWeb",
        "transformers",
        "nlp",
        "conversational",
        "custom_code",
        "license:mit",
        "region:us"
      ],
      "pipeline_tag": "text-generation",
      "library_name": "transformers.js",
      "createdAt": "2024-05-17T02:52:57.000Z",
      "modelId": "microsoft/Phi-3-mini-4k-instruct-onnx-web"
    },
    {
      "_id": "66569852ed45f790fbbb75bf",
      "id": "suraiy/microsoft-Phi-3-mini-128k-instruct-HQQ-4bit-smashed-Q4_K_M-GGUF",
      "likes": 0,
      "trendingScore": 0,
      "private": false,
      "downloads": 51,
      "tags": [
        "gguf",
        "pruna-ai",
        "llama-cpp",
        "gguf-my-repo",
        "base_model:microsoft/Phi-3-mini-128k-instruct",
        "base_model:quantized:microsoft/Phi-3-mini-128k-instruct",
        "endpoints_compatible",
        "region:us",
        "conversational"
      ],
      "createdAt": "2024-05-29T02:52:02.000Z",
      "modelId": "suraiy/microsoft-Phi-3-mini-128k-instruct-HQQ-4bit-smashed-Q4_K_M-GGUF"
    },
    {
      "_id": "669116a02f9f6f9c88f42cd4",
      "id": "Alirezamp/microsoft-Phi-3-mini-4k-news-category",
      "likes": 0,
      "trendingScore": 0,
      "private": false,
      "downloads": 0,
      "tags": [
        "transformers",
        "safetensors",
        "arxiv:1910.09700",
        "endpoints_compatible",
        "region:us"
      ],
      "library_name": "transformers",
      "createdAt": "2024-07-12T11:42:24.000Z",
      "modelId": "Alirezamp/microsoft-Phi-3-mini-4k-news-category"
    },
    {
      "_id": "669401736ad20abb1deb9171",
      "id": "Alirezamp/microsoft-Phi-3-mini-4k-lc",
      "likes": 0,
      "trendingScore": 0,
      "private": false,
      "downloads": 0,
      "tags": [
        "transformers",
        "safetensors",
        "arxiv:1910.09700",
        "endpoints_compatible",
        "region:us"
      ],
      "library_name": "transformers",
      "createdAt": "2024-07-14T16:48:51.000Z",
      "modelId": "Alirezamp/microsoft-Phi-3-mini-4k-lc"
    },
    {
      "_id": "6697c798dd619c85a8dec23e",
      "id": "PrunaAI/microsoft-Phi-3-mini-128k-instruct-QUANTO-int2bit-smashed",
      "likes": 0,
      "trendingScore": 0,
      "private": false,
      "downloads": 1,
      "tags": [
        "transformers",
        "pruna-ai",
        "base_model:microsoft/Phi-3-mini-128k-instruct",
        "base_model:finetune:microsoft/Phi-3-mini-128k-instruct",
        "endpoints_compatible",
        "region:us"
      ],
      "library_name": "transformers",
      "createdAt": "2024-07-17T13:31:04.000Z",
      "modelId": "PrunaAI/microsoft-Phi-3-mini-128k-instruct-QUANTO-int2bit-smashed"
    },
    {
      "_id": "6697c7ca8139e74b5bdd0b02",
      "id": "PrunaAI/microsoft-Phi-3-mini-128k-instruct-QUANTO-int4bit-smashed",
      "likes": 0,
      "trendingScore": 0,
      "private": false,
      "downloads": 1,
      "tags": [
        "transformers",
        "pruna-ai",
        "base_model:microsoft/Phi-3-mini-128k-instruct",
        "base_model:finetune:microsoft/Phi-3-mini-128k-instruct",
        "endpoints_compatible",
        "region:us"
      ],
      "library_name": "transformers",
      "createdAt": "2024-07-17T13:31:54.000Z",
      "modelId": "PrunaAI/microsoft-Phi-3-mini-128k-instruct-QUANTO-int4bit-smashed"
    },
    {
      "_id": "6697c93007b36ccd01784b4b",
      "id": "PrunaAI/microsoft-Phi-3-mini-128k-instruct-QUANTO-int8bit-smashed",
      "likes": 0,
      "trendingScore": 0,
      "private": false,
      "downloads": 1,
      "tags": [
        "transformers",
        "pruna-ai",
        "base_model:microsoft/Phi-3-mini-128k-instruct",
        "base_model:finetune:microsoft/Phi-3-mini-128k-instruct",
        "endpoints_compatible",
        "region:us"
      ],
      "library_name": "transformers",
      "createdAt": "2024-07-17T13:37:52.000Z",
      "modelId": "PrunaAI/microsoft-Phi-3-mini-128k-instruct-QUANTO-int8bit-smashed"
    },
    {
      "_id": "6697c9319635b85a437980ab",
      "id": "PrunaAI/microsoft-Phi-3-mini-128k-instruct-QUANTO-float8bit-smashed",
      "likes": 0,
      "trendingScore": 0,
      "private": false,
      "downloads": 1,
      "tags": [
        "transformers",
        "pruna-ai",
        "base_model:microsoft/Phi-3-mini-128k-instruct",
        "base_model:finetune:microsoft/Phi-3-mini-128k-instruct",
        "endpoints_compatible",
        "region:us"
      ],
      "library_name": "transformers",
      "createdAt": "2024-07-17T13:37:53.000Z",
      "modelId": "PrunaAI/microsoft-Phi-3-mini-128k-instruct-QUANTO-float8bit-smashed"
    },
    {
      "_id": "66fd781a76b5db1132ced0e5",
      "id": "sshetty/microsoft-Phi-3-mini-4k-instruct-1727887450",
      "likes": 0,
      "trendingScore": 0,
      "private": false,
      "downloads": 1,
      "tags": [
        "peft",
        "safetensors",
        "arxiv:1910.09700",
        "base_model:microsoft/Phi-3-mini-4k-instruct",
        "base_model:adapter:microsoft/Phi-3-mini-4k-instruct",
        "region:us"
      ],
      "library_name": "peft",
      "createdAt": "2024-10-02T16:43:06.000Z",
      "modelId": "sshetty/microsoft-Phi-3-mini-4k-instruct-1727887450"
    },
    {
      "_id": "66fd8efa27821b16ecfc5f8e",
      "id": "sshetty/microsoft-Phi-3-mini-4k-instruct-1727893306",
      "likes": 0,
      "trendingScore": 0,
      "private": false,
      "downloads": 1,
      "tags": [
        "peft",
        "safetensors",
        "arxiv:1910.09700",
        "base_model:microsoft/Phi-3-mini-4k-instruct",
        "base_model:adapter:microsoft/Phi-3-mini-4k-instruct",
        "region:us"
      ],
      "library_name": "peft",
      "createdAt": "2024-10-02T18:20:42.000Z",
      "modelId": "sshetty/microsoft-Phi-3-mini-4k-instruct-1727893306"
    },
    {
      "_id": "66fdb7b6f44983580be26d6c",
      "id": "sshetty/microsoft-Phi-3-mini-4k-instruct-1727903733",
      "likes": 0,
      "trendingScore": 0,
      "private": false,
      "downloads": 2,
      "tags": [
        "peft",
        "safetensors",
        "arxiv:1910.09700",
        "base_model:microsoft/Phi-3-mini-4k-instruct",
        "base_model:adapter:microsoft/Phi-3-mini-4k-instruct",
        "region:us"
      ],
      "library_name": "peft",
      "createdAt": "2024-10-02T21:14:30.000Z",
      "modelId": "sshetty/microsoft-Phi-3-mini-4k-instruct-1727903733"
    },
    {
      "_id": "66fdd7523a221be107bfaeed",
      "id": "sshetty/microsoft-Phi-3-mini-4k-instruct-1727911826",
      "likes": 0,
      "trendingScore": 0,
      "private": false,
      "downloads": 1,
      "tags": [
        "peft",
        "safetensors",
        "arxiv:1910.09700",
        "base_model:microsoft/Phi-3-mini-4k-instruct",
        "base_model:adapter:microsoft/Phi-3-mini-4k-instruct",
        "region:us"
      ],
      "library_name": "peft",
      "createdAt": "2024-10-02T23:29:22.000Z",
      "modelId": "sshetty/microsoft-Phi-3-mini-4k-instruct-1727911826"
    },
    {
      "_id": "66fdd93bda291ca087e4bd5a",
      "id": "sshetty/microsoft-Phi-3-mini-4k-instruct-1727912314",
      "likes": 0,
      "trendingScore": 0,
      "private": false,
      "downloads": 1,
      "tags": [
        "peft",
        "safetensors",
        "arxiv:1910.09700",
        "base_model:microsoft/Phi-3-mini-4k-instruct",
        "base_model:adapter:microsoft/Phi-3-mini-4k-instruct",
        "region:us"
      ],
      "library_name": "peft",
      "createdAt": "2024-10-02T23:37:31.000Z",
      "modelId": "sshetty/microsoft-Phi-3-mini-4k-instruct-1727912314"
    },
    {
      "_id": "66fea2889e1143bff2cbcfce",
      "id": "sshetty/microsoft-Phi-3-mini-4k-instruct-1727963848",
      "likes": 0,
      "trendingScore": 0,
      "private": false,
      "downloads": 1,
      "tags": [
        "peft",
        "safetensors",
        "arxiv:1910.09700",
        "base_model:microsoft/Phi-3-mini-4k-instruct",
        "base_model:adapter:microsoft/Phi-3-mini-4k-instruct",
        "region:us"
      ],
      "library_name": "peft",
      "createdAt": "2024-10-03T13:56:24.000Z",
      "modelId": "sshetty/microsoft-Phi-3-mini-4k-instruct-1727963848"
    },
    {
      "_id": "66fed6cd722853fc2a21868b",
      "id": "sam-fd/microsoft-Phi-3-mini-4k-instruct-1727977228",
      "likes": 0,
      "trendingScore": 0,
      "private": false,
      "downloads": 1,
      "tags": [
        "peft",
        "safetensors",
        "arxiv:1910.09700",
        "base_model:microsoft/Phi-3-mini-4k-instruct",
        "base_model:adapter:microsoft/Phi-3-mini-4k-instruct",
        "region:us"
      ],
      "library_name": "peft",
      "createdAt": "2024-10-03T17:39:25.000Z",
      "modelId": "sam-fd/microsoft-Phi-3-mini-4k-instruct-1727977228"
    },
    {
      "_id": "67003c74dc80511c1523ccfe",
      "id": "sam-fd/microsoft-Phi-3-mini-4k-instruct-1728068788",
      "likes": 0,
      "trendingScore": 0,
      "private": false,
      "downloads": 1,
      "tags": [
        "peft",
        "safetensors",
        "arxiv:1910.09700",
        "base_model:microsoft/Phi-3-mini-4k-instruct",
        "base_model:adapter:microsoft/Phi-3-mini-4k-instruct",
        "region:us"
      ],
      "library_name": "peft",
      "createdAt": "2024-10-04T19:05:24.000Z",
      "modelId": "sam-fd/microsoft-Phi-3-mini-4k-instruct-1728068788"
    },
    {
      "_id": "67004d1a6848d8cd620e0b59",
      "id": "sshetty/microsoft-Phi-3-mini-4k-instruct-1728073050",
      "likes": 0,
      "trendingScore": 0,
      "private": false,
      "downloads": 1,
      "tags": [
        "peft",
        "safetensors",
        "arxiv:1910.09700",
        "base_model:microsoft/Phi-3-mini-4k-instruct",
        "base_model:adapter:microsoft/Phi-3-mini-4k-instruct",
        "region:us"
      ],
      "library_name": "peft",
      "createdAt": "2024-10-04T20:16:26.000Z",
      "modelId": "sshetty/microsoft-Phi-3-mini-4k-instruct-1728073050"
    },
    {
      "_id": "67026590223c62ec8817a011",
      "id": "RichardErkhov/microsoft_-_Phi-3-mini-4k-instruct-4bits",
      "likes": 0,
      "trendingScore": 0,
      "private": false,
      "downloads": 3,
      "tags": [
        "safetensors",
        "phi3",
        "custom_code",
        "4-bit",
        "bitsandbytes",
        "region:us"
      ],
      "createdAt": "2024-10-06T10:25:20.000Z",
      "modelId": "RichardErkhov/microsoft_-_Phi-3-mini-4k-instruct-4bits"
    },
    {
      "_id": "670266697bf9e1a99e03d698",
      "id": "RichardErkhov/microsoft_-_Phi-3-mini-4k-instruct-8bits",
      "likes": 0,
      "trendingScore": 0,
      "private": false,
      "downloads": 3,
      "tags": [
        "safetensors",
        "phi3",
        "custom_code",
        "8-bit",
        "bitsandbytes",
        "region:us"
      ],
      "createdAt": "2024-10-06T10:28:57.000Z",
      "modelId": "RichardErkhov/microsoft_-_Phi-3-mini-4k-instruct-8bits"
    },
    {
      "_id": "67026a33db3b7a57f91f06a0",
      "id": "RichardErkhov/microsoft_-_Phi-3-mini-128k-instruct-4bits",
      "likes": 0,
      "trendingScore": 0,
      "private": false,
      "downloads": 3,
      "tags": [
        "safetensors",
        "phi3",
        "custom_code",
        "4-bit",
        "bitsandbytes",
        "region:us"
      ],
      "createdAt": "2024-10-06T10:45:07.000Z",
      "modelId": "RichardErkhov/microsoft_-_Phi-3-mini-128k-instruct-4bits"
    },
    {
      "_id": "67026b1d8790e37e2ec759f1",
      "id": "RichardErkhov/microsoft_-_Phi-3-mini-128k-instruct-8bits",
      "likes": 0,
      "trendingScore": 0,
      "private": false,
      "downloads": 2,
      "tags": [
        "safetensors",
        "phi3",
        "custom_code",
        "8-bit",
        "bitsandbytes",
        "region:us"
      ],
      "createdAt": "2024-10-06T10:49:01.000Z",
      "modelId": "RichardErkhov/microsoft_-_Phi-3-mini-128k-instruct-8bits"
    },
    {
      "_id": "673cbecb7b1ebf8bd69f18ee",
      "id": "RichardErkhov/microsoft_-_Phi-3-mini-4k-instruct-awq",
      "likes": 0,
      "trendingScore": 0,
      "private": false,
      "downloads": 3,
      "tags": [
        "safetensors",
        "phi3",
        "custom_code",
        "4-bit",
        "awq",
        "region:us"
      ],
      "createdAt": "2024-11-19T16:37:31.000Z",
      "modelId": "RichardErkhov/microsoft_-_Phi-3-mini-4k-instruct-awq"
    },
    {
      "_id": "673cc7eec7c2578a24755766",
      "id": "RichardErkhov/microsoft_-_Phi-3-mini-128k-instruct-awq",
      "likes": 0,
      "trendingScore": 0,
      "private": false,
      "downloads": 3,
      "tags": [
        "safetensors",
        "phi3",
        "custom_code",
        "4-bit",
        "awq",
        "region:us"
      ],
      "createdAt": "2024-11-19T17:16:30.000Z",
      "modelId": "RichardErkhov/microsoft_-_Phi-3-mini-128k-instruct-awq"
    },
    {
      "_id": "67464c3a12dab28ba7a6bb58",
      "id": "jack8885/task-16-microsoft-Phi-3-mini-128k-instruct",
      "likes": 0,
      "trendingScore": 0,
      "private": false,
      "downloads": 2,
      "tags": [
        "peft",
        "safetensors",
        "arxiv:1910.09700",
        "base_model:microsoft/Phi-3-mini-128k-instruct",
        "base_model:adapter:microsoft/Phi-3-mini-128k-instruct",
        "region:us"
      ],
      "library_name": "peft",
      "createdAt": "2024-11-26T22:31:22.000Z",
      "modelId": "jack8885/task-16-microsoft-Phi-3-mini-128k-instruct"
    },
    {
      "_id": "675560d9405ec5d08a765b77",
      "id": "shiva01/microsoft-Phi-3-mini-128k-instruct",
      "likes": 0,
      "trendingScore": 0,
      "private": false,
      "downloads": 3,
      "tags": [
        "transformers",
        "safetensors",
        "phi3",
        "text-generation",
        "conversational",
        "custom_code",
        "arxiv:1910.09700",
        "autotrain_compatible",
        "text-generation-inference",
        "endpoints_compatible",
        "region:us"
      ],
      "pipeline_tag": "text-generation",
      "library_name": "transformers",
      "createdAt": "2024-12-08T09:03:21.000Z",
      "modelId": "shiva01/microsoft-Phi-3-mini-128k-instruct"
    },
    {
      "_id": "679d454b91a21bc39c8294ed",
      "id": "silent666/task-2-microsoft-Phi-3-mini-128k-instruct",
      "likes": 0,
      "trendingScore": 0,
      "private": false,
      "downloads": 1,
      "tags": [
        "peft",
        "safetensors",
        "arxiv:1910.09700",
        "base_model:microsoft/Phi-3-mini-128k-instruct",
        "base_model:adapter:microsoft/Phi-3-mini-128k-instruct",
        "region:us"
      ],
      "library_name": "peft",
      "createdAt": "2025-01-31T21:48:59.000Z",
      "modelId": "silent666/task-2-microsoft-Phi-3-mini-128k-instruct"
    },
    {
      "_id": "679d5889de185549ccaae58f",
      "id": "DreamGallery/task-2-microsoft-Phi-3-mini-128k-instruct",
      "likes": 0,
      "trendingScore": 0,
      "private": false,
      "downloads": 1,
      "tags": [
        "peft",
        "safetensors",
        "arxiv:1910.09700",
        "base_model:microsoft/Phi-3-mini-128k-instruct",
        "base_model:adapter:microsoft/Phi-3-mini-128k-instruct",
        "region:us"
      ],
      "library_name": "peft",
      "createdAt": "2025-01-31T23:11:05.000Z",
      "modelId": "DreamGallery/task-2-microsoft-Phi-3-mini-128k-instruct"
    },
    {
      "_id": "67a749299894d6fa16f5f8a7",
      "id": "jerseyjerry/microsoft-Phi-3-mini-4k-instruct",
      "likes": 0,
      "trendingScore": 0,
      "private": false,
      "downloads": 1,
      "tags": [
        "peft",
        "safetensors",
        "arxiv:1910.09700",
        "base_model:microsoft/Phi-3-mini-4k-instruct",
        "base_model:adapter:microsoft/Phi-3-mini-4k-instruct",
        "region:us"
      ],
      "library_name": "peft",
      "createdAt": "2025-02-08T12:08:09.000Z",
      "modelId": "jerseyjerry/microsoft-Phi-3-mini-4k-instruct"
    },
    {
      "_id": "67aa2d931d1430e155486f30",
      "id": "mmdao/microsoft-Phi-3-mini-4k-instruct-1739206035",
      "likes": 0,
      "trendingScore": 0,
      "private": false,
      "downloads": 1,
      "tags": [
        "peft",
        "tensorboard",
        "safetensors",
        "arxiv:1910.09700",
        "base_model:microsoft/Phi-3-mini-4k-instruct",
        "base_model:adapter:microsoft/Phi-3-mini-4k-instruct",
        "region:us"
      ],
      "library_name": "peft",
      "createdAt": "2025-02-10T16:47:15.000Z",
      "modelId": "mmdao/microsoft-Phi-3-mini-4k-instruct-1739206035"
    },
    {
      "_id": "67aa37594f52d698434714fc",
      "id": "mmdao/microsoft-Phi-3-mini-4k-instruct-1739208536",
      "likes": 0,
      "trendingScore": 0,
      "private": false,
      "downloads": 1,
      "tags": [
        "peft",
        "tensorboard",
        "safetensors",
        "arxiv:1910.09700",
        "base_model:microsoft/Phi-3-mini-4k-instruct",
        "base_model:adapter:microsoft/Phi-3-mini-4k-instruct",
        "region:us"
      ],
      "library_name": "peft",
      "createdAt": "2025-02-10T17:28:57.000Z",
      "modelId": "mmdao/microsoft-Phi-3-mini-4k-instruct-1739208536"
    },
    {
      "_id": "67aa3d5f9aba11dfcc85a7e7",
      "id": "mmdao/microsoft-Phi-3-mini-4k-instruct-1739210079",
      "likes": 0,
      "trendingScore": 0,
      "private": false,
      "downloads": 1,
      "tags": [
        "peft",
        "tensorboard",
        "safetensors",
        "arxiv:1910.09700",
        "base_model:microsoft/Phi-3-mini-4k-instruct",
        "base_model:adapter:microsoft/Phi-3-mini-4k-instruct",
        "region:us"
      ],
      "library_name": "peft",
      "createdAt": "2025-02-10T17:54:39.000Z",
      "modelId": "mmdao/microsoft-Phi-3-mini-4k-instruct-1739210079"
    },
    {
      "_id": "67ac3f558da0da2b1c1a17b6",
      "id": "CoCo49631034688/task-3-microsoft-Phi-3-mini-128k-instruct",
      "likes": 0,
      "trendingScore": 0,
      "private": false,
      "downloads": 0,
      "tags": [
        "safetensors",
        "region:us"
      ],
      "createdAt": "2025-02-12T06:27:33.000Z",
      "modelId": "CoCo49631034688/task-3-microsoft-Phi-3-mini-128k-instruct"
    },
    {
      "_id": "67b326a8ca45b15e351e959a",
      "id": "zxboo/task-4-microsoft-Phi-3-mini-128k-instruct",
      "likes": 0,
      "trendingScore": 0,
      "private": false,
      "downloads": 1,
      "tags": [
        "peft",
        "safetensors",
        "arxiv:1910.09700",
        "base_model:microsoft/Phi-3-mini-128k-instruct",
        "base_model:adapter:microsoft/Phi-3-mini-128k-instruct",
        "region:us"
      ],
      "library_name": "peft",
      "createdAt": "2025-02-17T12:08:08.000Z",
      "modelId": "zxboo/task-4-microsoft-Phi-3-mini-128k-instruct"
    },
    {
      "_id": "67d516b5ac2d0305b9f0806c",
      "id": "PrunaAI/microsoft-Phi-3-mini-128k-instruct-GGUF-smashed",
      "likes": 0,
      "trendingScore": 0,
      "private": false,
      "downloads": 29,
      "tags": [
        "gguf",
        "pruna-ai",
        "base_model:microsoft/Phi-3-mini-128k-instruct",
        "base_model:quantized:microsoft/Phi-3-mini-128k-instruct",
        "endpoints_compatible",
        "region:us",
        "conversational"
      ],
      "createdAt": "2025-03-15T05:57:09.000Z",
      "modelId": "PrunaAI/microsoft-Phi-3-mini-128k-instruct-GGUF-smashed"
    },
    {
      "_id": "67d5201bf9490d8030fdc477",
      "id": "PrunaAI/microsoft-Phi-3-mini-4k-instruct-GGUF-smashed",
      "likes": 0,
      "trendingScore": 0,
      "private": false,
      "downloads": 21,
      "tags": [
        "gguf",
        "pruna-ai",
        "base_model:microsoft/Phi-3-mini-4k-instruct",
        "base_model:quantized:microsoft/Phi-3-mini-4k-instruct",
        "endpoints_compatible",
        "region:us",
        "conversational"
      ],
      "createdAt": "2025-03-15T06:37:15.000Z",
      "modelId": "PrunaAI/microsoft-Phi-3-mini-4k-instruct-GGUF-smashed"
    }
  ]
}