{
  "items": [
    {
      "_id": "6569bd582419be60728df0d1",
      "id": "realbigi/HuggingFace_Pytorch_Recall",
      "likes": 0,
      "trendingScore": 0,
      "private": false,
      "downloads": 0,
      "tags": [
        "transformers",
        "tensorboard",
        "safetensors",
        "vit",
        "image-classification",
        "autotrain_compatible",
        "endpoints_compatible",
        "region:us"
      ],
      "pipeline_tag": "image-classification",
      "library_name": "transformers",
      "createdAt": "2023-12-01T11:02:48.000Z",
      "modelId": "realbigi/HuggingFace_Pytorch_Recall"
    }
  ]
}