{
  "items": [
    {
      "_id": "621ffdc136468d709f179ad5",
      "id": "bionlp/bluebert_pubmed_mimic_uncased_L-24_H-1024_A-16",
      "likes": 4,
      "trendingScore": 0,
      "private": false,
      "downloads": 23,
      "tags": [
        "transformers",
        "pytorch",
        "jax",
        "bert",
        "bluebert",
        "en",
        "dataset:PubMed",
        "dataset:MIMIC-III",
        "license:cc0-1.0",
        "endpoints_compatible",
        "region:us"
      ],
      "library_name": "transformers",
      "createdAt": "2022-03-02T23:29:05.000Z",
      "modelId": "bionlp/bluebert_pubmed_mimic_uncased_L-24_H-1024_A-16"
    },
    {
      "_id": "621ffdc136468d709f179ad7",
      "id": "bionlp/bluebert_pubmed_uncased_L-24_H-1024_A-16",
      "likes": 6,
      "trendingScore": 0,
      "private": false,
      "downloads": 23029,
      "tags": [
        "transformers",
        "pytorch",
        "jax",
        "bert",
        "bluebert",
        "en",
        "dataset:PubMed",
        "license:cc0-1.0",
        "endpoints_compatible",
        "region:us"
      ],
      "library_name": "transformers",
      "createdAt": "2022-03-02T23:29:05.000Z",
      "modelId": "bionlp/bluebert_pubmed_uncased_L-24_H-1024_A-16"
    }
  ]
}