{
  "items": [
    {
      "_id": "64380e86f6a7e4778bb34c66",
      "id": "comfyanonymous/ControlNet-v1-1_fp16_safetensors",
      "likes": 485,
      "trendingScore": 2,
      "private": false,
      "downloads": 0,
      "tags": [
        "region:us"
      ],
      "createdAt": "2023-04-13T14:15:34.000Z",
      "modelId": "comfyanonymous/ControlNet-v1-1_fp16_safetensors"
    },
    {
      "_id": "67589ad2302aa9c3e218fd8a",
      "id": "Kijai/MMAudio_safetensors",
      "likes": 45,
      "trendingScore": 2,
      "private": false,
      "downloads": 0,
      "tags": [
        "license:mit",
        "region:us"
      ],
      "createdAt": "2024-12-10T19:47:30.000Z",
      "modelId": "Kijai/MMAudio_safetensors"
    },
    {
      "_id": "667397e9eb6d24461e4fb7db",
      "id": "MackinationsAi/Depth-Anything-V2_Safetensors",
      "likes": 8,
      "trendingScore": 1,
      "private": false,
      "downloads": 0,
      "tags": [
        "depth",
        "relative depth",
        "depth-estimation",
        "en",
        "arxiv:2406.09414",
        "license:cc-by-nc-4.0",
        "region:us"
      ],
      "pipeline_tag": "depth-estimation",
      "createdAt": "2024-06-20T02:46:01.000Z",
      "modelId": "MackinationsAi/Depth-Anything-V2_Safetensors"
    },
    {
      "_id": "6696537a059e1db96a19ffad",
      "id": "John6666/safetensors_converting_test",
      "likes": 4,
      "trendingScore": 1,
      "private": false,
      "downloads": 0,
      "tags": [
        "en",
        "license:mit",
        "region:us"
      ],
      "createdAt": "2024-07-16T11:03:22.000Z",
      "modelId": "John6666/safetensors_converting_test"
    },
    {
      "_id": "6705b454804d65aa8fe19dca",
      "id": "AiAF/flux1-dev-fp8.safetensors",
      "likes": 4,
      "trendingScore": 1,
      "private": false,
      "downloads": 0,
      "tags": [
        "region:us"
      ],
      "createdAt": "2024-10-08T22:38:12.000Z",
      "modelId": "AiAF/flux1-dev-fp8.safetensors"
    },
    {
      "_id": "67105f7ac9f7044c06b05da8",
      "id": "QuietImpostor/Gemini-Nano-Safetensors-V2",
      "likes": 5,
      "trendingScore": 1,
      "private": false,
      "downloads": 5,
      "tags": [
        "transformers",
        "safetensors",
        "gemini_nano_v2",
        "conversational",
        "text-generation",
        "base_model:wave-on-discord/gemini-nano",
        "base_model:finetune:wave-on-discord/gemini-nano",
        "endpoints_compatible",
        "region:us"
      ],
      "pipeline_tag": "text-generation",
      "library_name": "transformers",
      "createdAt": "2024-10-17T00:51:06.000Z",
      "modelId": "QuietImpostor/Gemini-Nano-Safetensors-V2"
    },
    {
      "_id": "679195c474baf4309c4b68f8",
      "id": "redvelvetrenders01/HunyuanVideo_T2V_720p_bf16_CheckpointMerge.safetensors",
      "likes": 1,
      "trendingScore": 1,
      "private": false,
      "downloads": 0,
      "tags": [
        "region:us"
      ],
      "createdAt": "2025-01-23T01:05:08.000Z",
      "modelId": "redvelvetrenders01/HunyuanVideo_T2V_720p_bf16_CheckpointMerge.safetensors"
    },
    {
      "_id": "67d3ab454fc8d9ceff5ea4af",
      "id": "KandirResearch/csm-1b-safetensors",
      "likes": 3,
      "trendingScore": 1,
      "private": false,
      "downloads": 0,
      "tags": [
        "safetensors",
        "text-to-speech",
        "en",
        "base_model:sesame/csm-1b",
        "base_model:finetune:sesame/csm-1b",
        "license:apache-2.0",
        "region:us"
      ],
      "pipeline_tag": "text-to-speech",
      "createdAt": "2025-03-14T04:06:29.000Z",
      "modelId": "KandirResearch/csm-1b-safetensors"
    },
    {
      "_id": "685f326c740ffb1fd633dcd4",
      "id": "fmoraes2k/t5xxl_fp8_e4m3fn.safetensors",
      "likes": 4,
      "trendingScore": 1,
      "private": false,
      "downloads": 0,
      "tags": [
        "region:us"
      ],
      "createdAt": "2025-06-28T00:08:12.000Z",
      "modelId": "fmoraes2k/t5xxl_fp8_e4m3fn.safetensors"
    },
    {
      "_id": "68acd07c3672145327d47698",
      "id": "Kijai/wav2vec2_safetensors",
      "likes": 1,
      "trendingScore": 1,
      "private": false,
      "downloads": 0,
      "tags": [
        "base_model:TencentGameMate/chinese-wav2vec2-base",
        "base_model:finetune:TencentGameMate/chinese-wav2vec2-base",
        "license:mit",
        "region:us"
      ],
      "createdAt": "2025-08-25T21:07:08.000Z",
      "modelId": "Kijai/wav2vec2_safetensors"
    },
    {
      "_id": "6384e0bdac61472e5e933ea0",
      "id": "Justpain02/Anything-V3.0-safetensors",
      "likes": 0,
      "trendingScore": 0,
      "private": false,
      "downloads": 0,
      "tags": [
        "region:us"
      ],
      "createdAt": "2022-11-28T16:24:29.000Z",
      "modelId": "Justpain02/Anything-V3.0-safetensors"
    },
    {
      "_id": "6384f25c1769b7c4b10b13c0",
      "id": "IHaBiS/Anything-v3.0-safetensors",
      "likes": 2,
      "trendingScore": 0,
      "private": false,
      "downloads": 0,
      "tags": [
        "region:us"
      ],
      "createdAt": "2022-11-28T17:39:40.000Z",
      "modelId": "IHaBiS/Anything-v3.0-safetensors"
    },
    {
      "_id": "63872cd4aaee5cd69dc16497",
      "id": "IHaBiS/NAI_safetensors",
      "likes": 1,
      "trendingScore": 0,
      "private": false,
      "downloads": 0,
      "tags": [
        "region:us"
      ],
      "createdAt": "2022-11-30T10:13:40.000Z",
      "modelId": "IHaBiS/NAI_safetensors"
    },
    {
      "_id": "638953a3f7d3b0df0920d6f9",
      "id": "IHaBiS/some_safetensors_model",
      "likes": 4,
      "trendingScore": 0,
      "private": false,
      "downloads": 0,
      "tags": [
        "region:us"
      ],
      "createdAt": "2022-12-02T01:23:47.000Z",
      "modelId": "IHaBiS/some_safetensors_model"
    },
    {
      "_id": "63b0c0024355994b16a714f5",
      "id": "subaqua/_unofficial-WD1.4-fp16-safetensors",
      "likes": 8,
      "trendingScore": 0,
      "private": false,
      "downloads": 0,
      "tags": [
        "stable-diffusion",
        "text-to-image",
        "en",
        "license:creativeml-openrail-m",
        "region:us"
      ],
      "pipeline_tag": "text-to-image",
      "createdAt": "2022-12-31T23:04:34.000Z",
      "modelId": "subaqua/_unofficial-WD1.4-fp16-safetensors"
    },
    {
      "_id": "63b763760c4c99dba5904ee9",
      "id": "aka7774/fp16_safetensors",
      "likes": 31,
      "trendingScore": 0,
      "private": false,
      "downloads": 0,
      "tags": [
        "fp16",
        "safetensors",
        "ja",
        "license:other",
        "region:us"
      ],
      "createdAt": "2023-01-05T23:55:34.000Z",
      "modelId": "aka7774/fp16_safetensors"
    },
    {
      "_id": "63b88fdea83d33eaaecfb027",
      "id": "utnah/safetensors",
      "likes": 19,
      "trendingScore": 0,
      "private": false,
      "downloads": 0,
      "tags": [
        "safetensors",
        "license:openrail",
        "region:us"
      ],
      "createdAt": "2023-01-06T21:17:18.000Z",
      "modelId": "utnah/safetensors"
    },
    {
      "_id": "63cdb955e75230ae94ecd50e",
      "id": "Throwawayforthenasty/BloodOrangeMix_half_Safetensors",
      "likes": 1,
      "trendingScore": 0,
      "private": false,
      "downloads": 0,
      "tags": [
        "region:us"
      ],
      "createdAt": "2023-01-22T22:31:49.000Z",
      "modelId": "Throwawayforthenasty/BloodOrangeMix_half_Safetensors"
    },
    {
      "_id": "63d1ce09244709c85d461ef9",
      "id": "burnerbaby/sds-safetensors",
      "likes": 0,
      "trendingScore": 0,
      "private": false,
      "downloads": 0,
      "tags": [
        "diffusers",
        "safetensors",
        "autotrain_compatible",
        "endpoints_compatible",
        "diffusers:StableDiffusionPipeline",
        "region:us"
      ],
      "pipeline_tag": "text-to-image",
      "library_name": "diffusers",
      "createdAt": "2023-01-26T00:49:13.000Z",
      "modelId": "burnerbaby/sds-safetensors"
    },
    {
      "_id": "63d2ab603569b99127450afa",
      "id": "tarakere/some_safetensors",
      "likes": 0,
      "trendingScore": 0,
      "private": false,
      "downloads": 0,
      "tags": [
        "tabular-classification",
        "dataset:Gustavosta/Stable-Diffusion-Prompts",
        "region:us"
      ],
      "pipeline_tag": "tabular-classification",
      "createdAt": "2023-01-26T16:33:36.000Z",
      "modelId": "tarakere/some_safetensors"
    },
    {
      "_id": "63d632599b36e4c8a342acf2",
      "id": "IHaBiS/converted_to_safetensors",
      "likes": 2,
      "trendingScore": 0,
      "private": false,
      "downloads": 0,
      "tags": [
        "license:creativeml-openrail-m",
        "region:us"
      ],
      "createdAt": "2023-01-29T08:46:17.000Z",
      "modelId": "IHaBiS/converted_to_safetensors"
    },
    {
      "_id": "63d98bdb0733a71e93270280",
      "id": "DigitalBubblwrap/Anythingv3_grapefruit_0.5_safetensors",
      "likes": 0,
      "trendingScore": 0,
      "private": false,
      "downloads": 0,
      "tags": [
        "region:us"
      ],
      "createdAt": "2023-01-31T21:44:59.000Z",
      "modelId": "DigitalBubblwrap/Anythingv3_grapefruit_0.5_safetensors"
    },
    {
      "_id": "63dc004229a85707bf51a6f4",
      "id": "KuroiMatoO/safetensors",
      "likes": 1,
      "trendingScore": 0,
      "private": false,
      "downloads": 0,
      "tags": [
        "region:us"
      ],
      "createdAt": "2023-02-02T18:26:10.000Z",
      "modelId": "KuroiMatoO/safetensors"
    },
    {
      "_id": "63e2513f8d8cda7a87e12540",
      "id": "zz1z/kotosAbyssproto_v10.safetensors",
      "likes": 7,
      "trendingScore": 0,
      "private": false,
      "downloads": 0,
      "tags": [
        "region:us"
      ],
      "createdAt": "2023-02-07T13:25:19.000Z",
      "modelId": "zz1z/kotosAbyssproto_v10.safetensors"
    },
    {
      "_id": "63e2b6509d0892d9575fc2ea",
      "id": "mrsteyk/RWKV-LM-safetensors",
      "likes": 2,
      "trendingScore": 0,
      "private": false,
      "downloads": 0,
      "tags": [
        "region:us"
      ],
      "createdAt": "2023-02-07T20:36:32.000Z",
      "modelId": "mrsteyk/RWKV-LM-safetensors"
    },
    {
      "_id": "63ebf4a1308bd1f7fcb9ccbc",
      "id": "webui/ControlNet-modules-safetensors",
      "likes": 1442,
      "trendingScore": 0,
      "private": false,
      "downloads": 0,
      "tags": [
        "region:us"
      ],
      "createdAt": "2023-02-14T20:52:49.000Z",
      "modelId": "webui/ControlNet-modules-safetensors"
    },
    {
      "_id": "63ef553802c246819b989780",
      "id": "EarthnDusk/SafeTensors-Backup",
      "likes": 2,
      "trendingScore": 0,
      "private": false,
      "downloads": 64,
      "tags": [
        "diffusers",
        "license:creativeml-openrail-m",
        "region:us"
      ],
      "library_name": "diffusers",
      "createdAt": "2023-02-17T10:21:44.000Z",
      "modelId": "EarthnDusk/SafeTensors-Backup"
    },
    {
      "_id": "63f1f53e416e62032b6f62e6",
      "id": "MatthewCanada/instruct-pix2pix-00-22000.safetensors",
      "likes": 0,
      "trendingScore": 0,
      "private": false,
      "downloads": 0,
      "tags": [
        "arxiv:1910.09700",
        "region:us"
      ],
      "createdAt": "2023-02-19T10:09:02.000Z",
      "modelId": "MatthewCanada/instruct-pix2pix-00-22000.safetensors"
    },
    {
      "_id": "63f26c4b35a18d35ec69ac6d",
      "id": "OneRing/TP3.7.safetensors",
      "likes": 6,
      "trendingScore": 0,
      "private": false,
      "downloads": 0,
      "tags": [
        "license:creativeml-openrail-m",
        "region:us"
      ],
      "createdAt": "2023-02-19T18:36:59.000Z",
      "modelId": "OneRing/TP3.7.safetensors"
    },
    {
      "_id": "63f711e84313d4ea9dbe0568",
      "id": "leolxh/kdst.safetensors",
      "likes": 0,
      "trendingScore": 0,
      "private": false,
      "downloads": 0,
      "tags": [
        "license:other",
        "region:us"
      ],
      "createdAt": "2023-02-23T07:12:40.000Z",
      "modelId": "leolxh/kdst.safetensors"
    },
    {
      "_id": "63f81359117a7f99c0240eb2",
      "id": "AmornthepKladmee/koreanDollLikeness_v15.safetensors",
      "likes": 4,
      "trendingScore": 0,
      "private": false,
      "downloads": 0,
      "tags": [
        "license:unknown",
        "region:us"
      ],
      "createdAt": "2023-02-24T01:31:05.000Z",
      "modelId": "AmornthepKladmee/koreanDollLikeness_v15.safetensors"
    },
    {
      "_id": "63fa5eb8b018e56ef7b975b9",
      "id": "vlone728/ControlNet-modules-safetensors",
      "likes": 1,
      "trendingScore": 0,
      "private": false,
      "downloads": 0,
      "tags": [
        "region:us"
      ],
      "createdAt": "2023-02-25T19:17:12.000Z",
      "modelId": "vlone728/ControlNet-modules-safetensors"
    },
    {
      "_id": "6400ff87c90f6cbdf7a7ac91",
      "id": "justin759/realisticVisionV13_v13.safetensors",
      "likes": 4,
      "trendingScore": 0,
      "private": false,
      "downloads": 0,
      "tags": [
        "region:us"
      ],
      "createdAt": "2023-03-02T19:56:55.000Z",
      "modelId": "justin759/realisticVisionV13_v13.safetensors"
    },
    {
      "_id": "640612ff24da26506ff3c7a9",
      "id": "vaalberith/novelai_safetensors",
      "likes": 1,
      "trendingScore": 0,
      "private": false,
      "downloads": 0,
      "tags": [
        "license:unknown",
        "region:us"
      ],
      "createdAt": "2023-03-06T16:21:19.000Z",
      "modelId": "vaalberith/novelai_safetensors"
    },
    {
      "_id": "6407ba8ae4605a1dc663f7a9",
      "id": "jurassicpark/model-safetensors",
      "likes": 0,
      "trendingScore": 0,
      "private": false,
      "downloads": 0,
      "tags": [
        "region:us"
      ],
      "createdAt": "2023-03-07T22:28:26.000Z",
      "modelId": "jurassicpark/model-safetensors"
    },
    {
      "_id": "640bf4dc1286278271ce7b1e",
      "id": "Seiriryu/safetensors",
      "likes": 0,
      "trendingScore": 0,
      "private": false,
      "downloads": 0,
      "tags": [
        "region:us"
      ],
      "createdAt": "2023-03-11T03:26:20.000Z",
      "modelId": "Seiriryu/safetensors"
    },
    {
      "_id": "641052f730ef3512cd05ad88",
      "id": "lodestones/furryrock-model-safetensors",
      "likes": 94,
      "trendingScore": 0,
      "private": false,
      "downloads": 0,
      "tags": [
        "license:wtfpl",
        "region:us"
      ],
      "createdAt": "2023-03-14T10:56:55.000Z",
      "modelId": "lodestones/furryrock-model-safetensors"
    },
    {
      "_id": "64105df175011a97bb0f56a8",
      "id": "Norisuke193/abhard.safetensors",
      "likes": 0,
      "trendingScore": 0,
      "private": false,
      "downloads": 0,
      "tags": [
        "region:us"
      ],
      "createdAt": "2023-03-14T11:43:45.000Z",
      "modelId": "Norisuke193/abhard.safetensors"
    },
    {
      "_id": "641131ae054f7890c64f49c3",
      "id": "wwy/ControlNet-modules-safetensors",
      "likes": 0,
      "trendingScore": 0,
      "private": false,
      "downloads": 0,
      "tags": [
        "region:us"
      ],
      "createdAt": "2023-03-15T02:47:10.000Z",
      "modelId": "wwy/ControlNet-modules-safetensors"
    },
    {
      "_id": "6411ec76bf081e031e85653e",
      "id": "Bibr/jp2.safetensors",
      "likes": 0,
      "trendingScore": 0,
      "private": false,
      "downloads": 0,
      "tags": [
        "region:us"
      ],
      "createdAt": "2023-03-15T16:04:06.000Z",
      "modelId": "Bibr/jp2.safetensors"
    },
    {
      "_id": "6419eeeccbec40a14f55c958",
      "id": "dagoca/nakamuraReguraStyle_v10.safetensors",
      "likes": 0,
      "trendingScore": 0,
      "private": false,
      "downloads": 0,
      "tags": [
        "license:other",
        "region:us"
      ],
      "createdAt": "2023-03-21T17:52:44.000Z",
      "modelId": "dagoca/nakamuraReguraStyle_v10.safetensors"
    },
    {
      "_id": "641b797efc01c26fcaf29767",
      "id": "NickKolok/cafe-instagram-sd-1-5-v6-safetensors",
      "likes": 1,
      "trendingScore": 0,
      "private": false,
      "downloads": 0,
      "tags": [
        "license:agpl-3.0",
        "region:us"
      ],
      "createdAt": "2023-03-22T21:56:14.000Z",
      "modelId": "NickKolok/cafe-instagram-sd-1-5-v6-safetensors"
    },
    {
      "_id": "641f41ffce7c04d2740548a2",
      "id": "ckpt2222/AbyssOrangeMix2_nsfw.safetensors",
      "likes": 2,
      "trendingScore": 0,
      "private": false,
      "downloads": 0,
      "tags": [
        "license:unknown",
        "region:us"
      ],
      "createdAt": "2023-03-25T18:48:31.000Z",
      "modelId": "ckpt2222/AbyssOrangeMix2_nsfw.safetensors"
    },
    {
      "_id": "6423439db25ca6af13dfbc30",
      "id": "MetaIX/Alpaca-30B-Int4-Safetensors",
      "likes": 9,
      "trendingScore": 0,
      "private": false,
      "downloads": 15,
      "tags": [
        "transformers",
        "pytorch",
        "llama",
        "text-generation",
        "autotrain_compatible",
        "text-generation-inference",
        "endpoints_compatible",
        "region:us"
      ],
      "pipeline_tag": "text-generation",
      "library_name": "transformers",
      "createdAt": "2023-03-28T19:44:29.000Z",
      "modelId": "MetaIX/Alpaca-30B-Int4-Safetensors"
    },
    {
      "_id": "6424a3606a04b6dd124143a4",
      "id": "MetaIX/Alpaca-30B-Int4-128G-Safetensors",
      "likes": 19,
      "trendingScore": 0,
      "private": false,
      "downloads": 15,
      "tags": [
        "transformers",
        "pytorch",
        "llama",
        "text-generation",
        "autotrain_compatible",
        "text-generation-inference",
        "endpoints_compatible",
        "region:us"
      ],
      "pipeline_tag": "text-generation",
      "library_name": "transformers",
      "createdAt": "2023-03-29T20:45:20.000Z",
      "modelId": "MetaIX/Alpaca-30B-Int4-128G-Safetensors"
    },
    {
      "_id": "642505260810ed3859dce5b4",
      "id": "tomspy/koreanDollLikeness_v10.safetensors",
      "likes": 0,
      "trendingScore": 0,
      "private": false,
      "downloads": 0,
      "tags": [
        "license:afl-3.0",
        "region:us"
      ],
      "createdAt": "2023-03-30T03:42:30.000Z",
      "modelId": "tomspy/koreanDollLikeness_v10.safetensors"
    },
    {
      "_id": "6425340408e9e0ea8ccb7c2b",
      "id": "tomspy/taiwanDollLikeness_v10.safetensors",
      "likes": 0,
      "trendingScore": 0,
      "private": false,
      "downloads": 0,
      "tags": [
        "license:afl-3.0",
        "region:us"
      ],
      "createdAt": "2023-03-30T07:02:28.000Z",
      "modelId": "tomspy/taiwanDollLikeness_v10.safetensors"
    },
    {
      "_id": "642535e47bccde5588b5d611",
      "id": "tomspy/shojovibe_v11.safetensors",
      "likes": 5,
      "trendingScore": 0,
      "private": false,
      "downloads": 0,
      "tags": [
        "license:afl-3.0",
        "region:us"
      ],
      "createdAt": "2023-03-30T07:10:28.000Z",
      "modelId": "tomspy/shojovibe_v11.safetensors"
    },
    {
      "_id": "6425375e34ca0511c7f22ebf",
      "id": "tomspy/chilloutmixss_xss10.safetensors",
      "likes": 1,
      "trendingScore": 0,
      "private": false,
      "downloads": 0,
      "tags": [
        "license:afl-3.0",
        "region:us"
      ],
      "createdAt": "2023-03-30T07:16:46.000Z",
      "modelId": "tomspy/chilloutmixss_xss10.safetensors"
    },
    {
      "_id": "64253ae94ac919a411a08ead",
      "id": "tomspy/chilloutmixss30_v30.safetensors",
      "likes": 4,
      "trendingScore": 0,
      "private": false,
      "downloads": 0,
      "tags": [
        "license:afl-3.0",
        "region:us"
      ],
      "createdAt": "2023-03-30T07:31:53.000Z",
      "modelId": "tomspy/chilloutmixss30_v30.safetensors"
    }
  ]
}