{
  "items": [
    {
      "_id": "6576282e7068a8508990640e",
      "id": "clibrain/mamba-2.8b-chat-no_robots",
      "likes": 15,
      "trendingScore": 0,
      "private": false,
      "downloads": 3,
      "tags": [
        "transformers",
        "pytorch",
        "tensorboard",
        "text-generation",
        "conversational",
        "en",
        "dataset:HuggingFaceH4/no_robots",
        "arxiv:2203.02155",
        "license:wtfpl",
        "endpoints_compatible",
        "region:us"
      ],
      "pipeline_tag": "text-generation",
      "library_name": "transformers",
      "createdAt": "2023-12-10T21:05:50.000Z",
      "modelId": "clibrain/mamba-2.8b-chat-no_robots"
    },
    {
      "_id": "65784b9cd54197901f600714",
      "id": "clibrain/mamba-2.8b-instruct-openhermes",
      "likes": 71,
      "trendingScore": 0,
      "private": false,
      "downloads": 5,
      "tags": [
        "transformers",
        "pytorch",
        "text-generation",
        "conversational",
        "en",
        "dataset:teknium/openhermes",
        "license:wtfpl",
        "endpoints_compatible",
        "region:us"
      ],
      "pipeline_tag": "text-generation",
      "library_name": "transformers",
      "createdAt": "2023-12-12T12:01:32.000Z",
      "modelId": "clibrain/mamba-2.8b-instruct-openhermes"
    },
    {
      "_id": "658069d223a7aac397b607d0",
      "id": "clibrain/mamba-2.8b-ft-synthia-v1.3",
      "likes": 11,
      "trendingScore": 0,
      "private": false,
      "downloads": 0,
      "tags": [
        "pytorch",
        "en",
        "dataset:migtissera/Synthia-v1.3",
        "license:wtfpl",
        "region:us"
      ],
      "createdAt": "2023-12-18T15:48:34.000Z",
      "modelId": "clibrain/mamba-2.8b-ft-synthia-v1.3"
    }
  ]
}