{
  "items": [
    {
      "_id": "621ffdc136468d709f17baea",
      "id": "higgzy/paraphrase-distilroberta-base-v1-finetuned-journal-conference",
      "likes": 0,
      "trendingScore": 0,
      "private": false,
      "downloads": 0,
      "tags": [
        "region:us"
      ],
      "createdAt": "2022-03-02T23:29:05.000Z",
      "modelId": "higgzy/paraphrase-distilroberta-base-v1-finetuned-journal-conference"
    },
    {
      "_id": "621ffdc136468d709f1802b0",
      "id": "sentence-transformers/distilroberta-base-paraphrase-v1",
      "likes": 0,
      "trendingScore": 0,
      "private": false,
      "downloads": 157,
      "tags": [
        "sentence-transformers",
        "pytorch",
        "tf",
        "safetensors",
        "roberta",
        "feature-extraction",
        "sentence-similarity",
        "transformers",
        "arxiv:1908.10084",
        "license:apache-2.0",
        "autotrain_compatible",
        "text-embeddings-inference",
        "endpoints_compatible",
        "region:us"
      ],
      "pipeline_tag": "sentence-similarity",
      "library_name": "sentence-transformers",
      "createdAt": "2022-03-02T23:29:05.000Z",
      "modelId": "sentence-transformers/distilroberta-base-paraphrase-v1"
    },
    {
      "_id": "621ffdc136468d709f1802e9",
      "id": "sentence-transformers/paraphrase-distilroberta-base-v1",
      "likes": 7,
      "trendingScore": 0,
      "private": false,
      "downloads": 32619,
      "tags": [
        "sentence-transformers",
        "pytorch",
        "tf",
        "jax",
        "onnx",
        "safetensors",
        "openvino",
        "roberta",
        "feature-extraction",
        "sentence-similarity",
        "transformers",
        "arxiv:1908.10084",
        "license:apache-2.0",
        "autotrain_compatible",
        "text-embeddings-inference",
        "endpoints_compatible",
        "region:us"
      ],
      "pipeline_tag": "sentence-similarity",
      "library_name": "sentence-transformers",
      "createdAt": "2022-03-02T23:29:05.000Z",
      "modelId": "sentence-transformers/paraphrase-distilroberta-base-v1"
    },
    {
      "_id": "621ffdc136468d709f1802ea",
      "id": "sentence-transformers/paraphrase-distilroberta-base-v2",
      "likes": 11,
      "trendingScore": 0,
      "private": false,
      "downloads": 12129,
      "tags": [
        "sentence-transformers",
        "pytorch",
        "tf",
        "jax",
        "onnx",
        "safetensors",
        "openvino",
        "roberta",
        "feature-extraction",
        "sentence-similarity",
        "transformers",
        "arxiv:1908.10084",
        "license:apache-2.0",
        "autotrain_compatible",
        "text-embeddings-inference",
        "endpoints_compatible",
        "region:us"
      ],
      "pipeline_tag": "sentence-similarity",
      "library_name": "sentence-transformers",
      "createdAt": "2022-03-02T23:29:05.000Z",
      "modelId": "sentence-transformers/paraphrase-distilroberta-base-v2"
    },
    {
      "_id": "621ffdc136468d709f180307",
      "id": "sentence-transformers/xlm-r-distilroberta-base-paraphrase-v1",
      "likes": 1,
      "trendingScore": 0,
      "private": false,
      "downloads": 3019,
      "tags": [
        "sentence-transformers",
        "pytorch",
        "tf",
        "onnx",
        "safetensors",
        "openvino",
        "xlm-roberta",
        "feature-extraction",
        "sentence-similarity",
        "transformers",
        "arxiv:1908.10084",
        "license:apache-2.0",
        "autotrain_compatible",
        "text-embeddings-inference",
        "endpoints_compatible",
        "region:us"
      ],
      "pipeline_tag": "sentence-similarity",
      "library_name": "sentence-transformers",
      "createdAt": "2022-03-02T23:29:05.000Z",
      "modelId": "sentence-transformers/xlm-r-distilroberta-base-paraphrase-v1"
    },
    {
      "_id": "63bd3ea41221f3e028c9b493",
      "id": "PM-AI/paraphrase-distilroberta-base-v2_de-en",
      "likes": 1,
      "trendingScore": 0,
      "private": false,
      "downloads": 7,
      "tags": [
        "sentence-transformers",
        "pytorch",
        "safetensors",
        "xlm-roberta",
        "feature-extraction",
        "semantic textual similarity",
        "sts",
        "semantic search",
        "sentence similarity",
        "paraphrasing",
        "documents retrieval",
        "passage retrieval",
        "information retrieval",
        "sentence-transformer",
        "transformers",
        "de",
        "en",
        "arxiv:2004.09813",
        "license:mit",
        "autotrain_compatible",
        "text-embeddings-inference",
        "endpoints_compatible",
        "region:us"
      ],
      "pipeline_tag": "feature-extraction",
      "library_name": "sentence-transformers",
      "createdAt": "2023-01-10T10:32:04.000Z",
      "modelId": "PM-AI/paraphrase-distilroberta-base-v2_de-en"
    },
    {
      "_id": "6530a91b237d321c2c246611",
      "id": "Yoac/paraphrase-distilroberta-base-v2_de-en-hsb",
      "likes": 0,
      "trendingScore": 0,
      "private": false,
      "downloads": 0,
      "tags": [
        "license:unknown",
        "region:us"
      ],
      "createdAt": "2023-10-19T03:57:15.000Z",
      "modelId": "Yoac/paraphrase-distilroberta-base-v2_de-en-hsb"
    },
    {
      "_id": "66a54103f9565635ebf72df8",
      "id": "onnx-models/paraphrase-distilroberta-base-v2-onnx",
      "likes": 0,
      "trendingScore": 0,
      "private": false,
      "downloads": 3,
      "tags": [
        "light-embed",
        "onnx",
        "roberta",
        "sentence-transformers",
        "feature-extraction",
        "sentence-similarity",
        "text-embeddings-inference",
        "endpoints_compatible",
        "region:us"
      ],
      "pipeline_tag": "sentence-similarity",
      "library_name": "light-embed",
      "createdAt": "2024-07-27T18:48:35.000Z",
      "modelId": "onnx-models/paraphrase-distilroberta-base-v2-onnx"
    }
  ]
}