{
  "items": [
    {
      "_id": "621ffdc136468d709f17df16",
      "id": "microsoft/trocr-small-printed",
      "likes": 43,
      "trendingScore": 1,
      "private": false,
      "downloads": 21142,
      "tags": [
        "transformers",
        "pytorch",
        "safetensors",
        "vision-encoder-decoder",
        "image-to-text",
        "trocr",
        "arxiv:2109.10282",
        "endpoints_compatible",
        "region:us"
      ],
      "pipeline_tag": "image-to-text",
      "library_name": "transformers",
      "createdAt": "2022-03-02T23:29:05.000Z",
      "modelId": "microsoft/trocr-small-printed"
    },
    {
      "_id": "621ffdc136468d709f17df15",
      "id": "microsoft/trocr-small-handwritten",
      "likes": 56,
      "trendingScore": 0,
      "private": false,
      "downloads": 119626,
      "tags": [
        "transformers",
        "pytorch",
        "vision-encoder-decoder",
        "image-to-text",
        "trocr",
        "arxiv:2109.10282",
        "endpoints_compatible",
        "region:us"
      ],
      "pipeline_tag": "image-to-text",
      "library_name": "transformers",
      "createdAt": "2022-03-02T23:29:05.000Z",
      "modelId": "microsoft/trocr-small-handwritten"
    },
    {
      "_id": "621ffdc136468d709f17df17",
      "id": "microsoft/trocr-small-stage1",
      "likes": 12,
      "trendingScore": 0,
      "private": false,
      "downloads": 3364,
      "tags": [
        "transformers",
        "pytorch",
        "vision-encoder-decoder",
        "image-to-text",
        "trocr",
        "arxiv:2109.10282",
        "endpoints_compatible",
        "region:us"
      ],
      "pipeline_tag": "image-to-text",
      "library_name": "transformers",
      "createdAt": "2022-03-02T23:29:05.000Z",
      "modelId": "microsoft/trocr-small-stage1"
    }
  ]
}