{
  "items": [
    {
      "_id": "65c2130b55b6309e98b62125",
      "id": "yiyanghkust/finbert-tone-chinese",
      "likes": 35,
      "trendingScore": 1,
      "private": false,
      "downloads": 1965,
      "tags": [
        "transformers",
        "safetensors",
        "bert",
        "text-classification",
        "financial-sentiment-analysis",
        "sentiment-analysis",
        "zh",
        "license:apache-2.0",
        "autotrain_compatible",
        "endpoints_compatible",
        "region:us"
      ],
      "pipeline_tag": "text-classification",
      "library_name": "transformers",
      "createdAt": "2024-02-06T11:07:55.000Z",
      "modelId": "yiyanghkust/finbert-tone-chinese"
    },
    {
      "_id": "621ffdc136468d709f17ee5c",
      "id": "philschmid/finbert-pretrain-yiyanghkust",
      "likes": 1,
      "trendingScore": 0,
      "private": false,
      "downloads": 22,
      "tags": [
        "transformers",
        "pytorch",
        "tf",
        "bert",
        "fill-mask",
        "en",
        "arxiv:2006.08097",
        "autotrain_compatible",
        "endpoints_compatible",
        "region:us"
      ],
      "pipeline_tag": "fill-mask",
      "library_name": "transformers",
      "createdAt": "2022-03-02T23:29:05.000Z",
      "modelId": "philschmid/finbert-pretrain-yiyanghkust"
    },
    {
      "_id": "621ffdc136468d709f181abc",
      "id": "yiyanghkust/finbert-pretrain",
      "likes": 38,
      "trendingScore": 0,
      "private": false,
      "downloads": 50095,
      "tags": [
        "transformers",
        "pytorch",
        "fill-mask",
        "arxiv:2006.08097",
        "autotrain_compatible",
        "endpoints_compatible",
        "region:us"
      ],
      "pipeline_tag": "fill-mask",
      "library_name": "transformers",
      "createdAt": "2022-03-02T23:29:05.000Z",
      "modelId": "yiyanghkust/finbert-pretrain"
    },
    {
      "_id": "621ffdc136468d709f181abd",
      "id": "yiyanghkust/finbert-tone",
      "likes": 197,
      "trendingScore": 0,
      "private": false,
      "downloads": 1249025,
      "tags": [
        "transformers",
        "pytorch",
        "tf",
        "text-classification",
        "financial-sentiment-analysis",
        "sentiment-analysis",
        "en",
        "autotrain_compatible",
        "endpoints_compatible",
        "region:us"
      ],
      "pipeline_tag": "text-classification",
      "library_name": "transformers",
      "createdAt": "2022-03-02T23:29:05.000Z",
      "modelId": "yiyanghkust/finbert-tone"
    },
    {
      "_id": "627c63cf3974b0ed6b2ea54e",
      "id": "yiyanghkust/finbert-fls",
      "likes": 22,
      "trendingScore": 0,
      "private": false,
      "downloads": 26826,
      "tags": [
        "transformers",
        "pytorch",
        "bert",
        "text-classification",
        "financial-text-analysis",
        "forward-looking-statement",
        "en",
        "autotrain_compatible",
        "endpoints_compatible",
        "region:us"
      ],
      "pipeline_tag": "text-classification",
      "library_name": "transformers",
      "createdAt": "2022-05-12T01:33:03.000Z",
      "modelId": "yiyanghkust/finbert-fls"
    },
    {
      "_id": "627caeec8b4e56cfc270930b",
      "id": "yiyanghkust/finbert-esg",
      "likes": 47,
      "trendingScore": 0,
      "private": false,
      "downloads": 10664,
      "tags": [
        "transformers",
        "pytorch",
        "bert",
        "text-classification",
        "financial-text-analysis",
        "esg",
        "environmental-social-corporate-governance",
        "en",
        "autotrain_compatible",
        "endpoints_compatible",
        "region:us"
      ],
      "pipeline_tag": "text-classification",
      "library_name": "transformers",
      "createdAt": "2022-05-12T06:53:32.000Z",
      "modelId": "yiyanghkust/finbert-esg"
    },
    {
      "_id": "6348b8655b1a5329cc28a1dc",
      "id": "yiyanghkust/finbert-esg-9-categories",
      "likes": 34,
      "trendingScore": 0,
      "private": false,
      "downloads": 4118,
      "tags": [
        "transformers",
        "pytorch",
        "bert",
        "text-classification",
        "financial-text-analysis",
        "esg",
        "environmental-social-corporate-governance",
        "en",
        "autotrain_compatible",
        "endpoints_compatible",
        "region:us"
      ],
      "pipeline_tag": "text-classification",
      "library_name": "transformers",
      "createdAt": "2022-10-14T01:16:21.000Z",
      "modelId": "yiyanghkust/finbert-esg-9-categories"
    }
  ]
}