{
  "_id": "621ffdc136468d709f180290",
  "id": "sentence-transformers/LaBSE",
  "private": false,
  "pipeline_tag": "sentence-similarity",
  "library_name": "sentence-transformers",
  "tags": [
    "sentence-transformers",
    "pytorch",
    "tf",
    "jax",
    "onnx",
    "safetensors",
    "bert",
    "feature-extraction",
    "sentence-similarity",
    "multilingual",
    "af",
    "sq",
    "am",
    "ar",
    "hy",
    "as",
    "az",
    "eu",
    "be",
    "bn",
    "bs",
    "bg",
    "my",
    "ca",
    "ceb",
    "zh",
    "co",
    "hr",
    "cs",
    "da",
    "nl",
    "en",
    "eo",
    "et",
    "fi",
    "fr",
    "fy",
    "gl",
    "ka",
    "de",
    "el",
    "gu",
    "ht",
    "ha",
    "haw",
    "he",
    "hi",
    "hmn",
    "hu",
    "is",
    "ig",
    "id",
    "ga",
    "it",
    "ja",
    "jv",
    "kn",
    "kk",
    "km",
    "rw",
    "ko",
    "ku",
    "ky",
    "lo",
    "la",
    "lv",
    "lt",
    "lb",
    "mk",
    "mg",
    "ms",
    "ml",
    "mt",
    "mi",
    "mr",
    "mn",
    "ne",
    "no",
    "ny",
    "or",
    "fa",
    "pl",
    "pt",
    "pa",
    "ro",
    "ru",
    "sm",
    "gd",
    "sr",
    "st",
    "sn",
    "si",
    "sk",
    "sl",
    "so",
    "es",
    "su",
    "sw",
    "sv",
    "tl",
    "tg",
    "ta",
    "tt",
    "te",
    "th",
    "bo",
    "tr",
    "tk",
    "ug",
    "uk",
    "ur",
    "uz",
    "vi",
    "cy",
    "wo",
    "xh",
    "yi",
    "yo",
    "zu",
    "license:apache-2.0",
    "autotrain_compatible",
    "text-embeddings-inference",
    "endpoints_compatible",
    "region:us"
  ],
  "downloads": 681386,
  "likes": 304,
  "modelId": "sentence-transformers/LaBSE",
  "author": "sentence-transformers",
  "sha": "836121a0533e5664b21c7aacc5d22951f2b8b25b",
  "lastModified": "2025-03-06T13:40:25.000Z",
  "gated": false,
  "disabled": false,
  "mask_token": "[MASK]",
  "model-index": null,
  "config": {
    "architectures": [
      "BertModel"
    ],
    "model_type": "bert",
    "tokenizer_config": {
      "unk_token": "[UNK]",
      "sep_token": "[SEP]",
      "pad_token": "[PAD]",
      "cls_token": "[CLS]",
      "mask_token": "[MASK]"
    }
  },
  "cardData": {
    "language": [
      "multilingual",
      "af",
      "sq",
      "am",
      "ar",
      "hy",
      "as",
      "az",
      "eu",
      "be",
      "bn",
      "bs",
      "bg",
      "my",
      "ca",
      "ceb",
      "zh",
      "co",
      "hr",
      "cs",
      "da",
      "nl",
      "en",
      "eo",
      "et",
      "fi",
      "fr",
      "fy",
      "gl",
      "ka",
      "de",
      "el",
      "gu",
      "ht",
      "ha",
      "haw",
      "he",
      "hi",
      "hmn",
      "hu",
      "is",
      "ig",
      "id",
      "ga",
      "it",
      "ja",
      "jv",
      "kn",
      "kk",
      "km",
      "rw",
      "ko",
      "ku",
      "ky",
      "lo",
      "la",
      "lv",
      "lt",
      "lb",
      "mk",
      "mg",
      "ms",
      "ml",
      "mt",
      "mi",
      "mr",
      "mn",
      "ne",
      "no",
      "ny",
      "or",
      "fa",
      "pl",
      "pt",
      "pa",
      "ro",
      "ru",
      "sm",
      "gd",
      "sr",
      "st",
      "sn",
      "si",
      "sk",
      "sl",
      "so",
      "es",
      "su",
      "sw",
      "sv",
      "tl",
      "tg",
      "ta",
      "tt",
      "te",
      "th",
      "bo",
      "tr",
      "tk",
      "ug",
      "uk",
      "ur",
      "uz",
      "vi",
      "cy",
      "wo",
      "xh",
      "yi",
      "yo",
      "zu"
    ],
    "pipeline_tag": "sentence-similarity",
    "tags": [
      "sentence-transformers",
      "feature-extraction",
      "sentence-similarity"
    ],
    "library_name": "sentence-transformers",
    "license": "apache-2.0"
  },
  "siblings": [
    {
      "rfilename": ".gitattributes"
    },
    {
      "rfilename": "1_Pooling/config.json"
    },
    {
      "rfilename": "2_Dense/config.json"
    },
    {
      "rfilename": "2_Dense/model.safetensors"
    },
    {
      "rfilename": "2_Dense/pytorch_model.bin"
    },
    {
      "rfilename": "README.md"
    },
    {
      "rfilename": "config.json"
    },
    {
      "rfilename": "config_sentence_transformers.json"
    },
    {
      "rfilename": "flax_model.msgpack"
    },
    {
      "rfilename": "model.safetensors"
    },
    {
      "rfilename": "modules.json"
    },
    {
      "rfilename": "onnx/model.onnx"
    },
    {
      "rfilename": "pytorch_model.bin"
    },
    {
      "rfilename": "sentence_bert_config.json"
    },
    {
      "rfilename": "special_tokens_map.json"
    },
    {
      "rfilename": "tf_model.h5"
    },
    {
      "rfilename": "tokenizer.json"
    },
    {
      "rfilename": "tokenizer_config.json"
    },
    {
      "rfilename": "vocab.txt"
    }
  ],
  "spaces": [
    "mteb/leaderboard",
    "SeaLLMs/SeaLLM-Chat",
    "mteb/leaderboard_legacy",
    "as-cle-bert/pokemon-bot",
    "ReithBjarkan/SEO_Keyword_Similarity_Tool",
    "dejanseo/siteFocusScore",
    "pierreguillou/extracao_das_palavras_frases_chave_em_portugues",
    "andufkova/articles",
    "svjack/bloom-dialogue-english-sample-search",
    "svjack/context-dialogue-chinese-sample-search",
    "SeaLLMs/SeaLLM-7B-v2.5-simple",
    "musfiqdehan/Bangla-PoS-Taggers",
    "abidlabs/mteb-leaderboard",
    "ismahah13/ragbot_urdu",
    "viditk/ml-en-stt-model",
    "SmileXing/leaderboard",
    "medieval-data/latin-vulgate",
    "singhdevendra58/DocQA",
    "svjack/bloom-gpt-dialogue-chinese-sample-search",
    "ViggoCx/sentence-transformers-LaBSE",
    "VladimirVorobev/administrative_codex_qa_with_llm",
    "sbelkadi/sentence-transformers-LaBSE",
    "musfiqdehan/Multilingual-Sentence-Alignments",
    "menikev/TestApp",
    "pngwn/df_scroll_bug_fix-two",
    "Shakhovak/Sheldon_Retrieval_chat_bot",
    "pngwn/df_scroll_bug_repo",
    "pngwn/df_scroll_bug_fix",
    "Tort73/new-test-autoresearch",
    "ammumadhu/sentence-transformers-LaBSE",
    "miiiciiii/I-Comprehend",
    "adorkin/sonajaht-demo",
    "Mauro24/sentence-transformer-demo",
    "DATAsoong/Translation_data_training",
    "abidlabs/df_scroll_bug_fix",
    "hh1199/NomClass",
    "sq66/leaderboard_legacy",
    "lefuuu/series_rec",
    "funnyPhani/Multilingual-Sentence-Alignments",
    "ori-frenkel/sentence-transformers-LaBSE",
    "rahideer/MultilingualRAGApplication",
    "placingholocaust/vector-endpoint",
    "q275343119/leaderboard",
    "AyushM6/leaderboard",
    "daniel-wojahn/ttm-webapp-hf",
    "viditk/en-en-stt-model",
    "Rom89823974978/MDA",
    "sabrine-swidi/Missionentreprise",
    "KAWW/Chatbank",
    "ramysaidagieb/ask1",
    "wjbmattingly/vector-endpoint",
    "ramysaidagieb/RAG47V3",
    "francescoortame/SentEmbEval",
    "wjbmattingly/latin-vulgate",
    "shiwan7788/leaderboard",
    "Karinbit/sentence-transformers-LaBSE",
    "SemionMur/safe-deck-llm",
    "Chengyanci/11",
    "yanciyuyu/1",
    "aj-team4/project11",
    "brtapardi/turkce-multitask-chatbot",
    "n8n-1/8",
    "reader-1/1",
    "CK-Explorer/DuoSubs",
    "rubin145/yi-rag"
  ],
  "createdAt": "2022-03-02T23:29:05.000Z",
  "safetensors": {
    "parameters": {
      "I64": 512,
      "F32": 470926848
    },
    "total": 470927360
  },
  "inference": "warm",
  "usedStorage": 13220709924
}