{
  "_id": "621ffdc136468d709f1802f6",
  "id": "sentence-transformers/sentence-t5-large",
  "private": false,
  "pipeline_tag": "sentence-similarity",
  "library_name": "sentence-transformers",
  "tags": [
    "sentence-transformers",
    "pytorch",
    "onnx",
    "safetensors",
    "t5",
    "feature-extraction",
    "sentence-similarity",
    "en",
    "arxiv:2108.08877",
    "license:apache-2.0",
    "autotrain_compatible",
    "endpoints_compatible",
    "region:us"
  ],
  "downloads": 24205,
  "likes": 25,
  "modelId": "sentence-transformers/sentence-t5-large",
  "author": "sentence-transformers",
  "sha": "1b36eb48a1df42a07ffd02234d25abfbf3e3f3cb",
  "lastModified": "2025-03-06T13:37:56.000Z",
  "gated": false,
  "disabled": false,
  "widgetData": [
    {
      "source_sentence": "That is a happy person",
      "sentences": [
        "That is a happy dog",
        "That is a very happy person",
        "Today is a sunny day"
      ]
    }
  ],
  "model-index": null,
  "config": {
    "architectures": [
      "T5EncoderModel"
    ],
    "model_type": "t5",
    "tokenizer_config": {
      "eos_token": "</s>",
      "unk_token": "<unk>",
      "pad_token": "<pad>"
    }
  },
  "cardData": {
    "language": "en",
    "license": "apache-2.0",
    "library_name": "sentence-transformers",
    "tags": [
      "sentence-transformers",
      "feature-extraction",
      "sentence-similarity"
    ],
    "pipeline_tag": "sentence-similarity"
  },
  "siblings": [
    {
      "rfilename": ".gitattributes"
    },
    {
      "rfilename": "1_Pooling/config.json"
    },
    {
      "rfilename": "2_Dense/config.json"
    },
    {
      "rfilename": "2_Dense/model.safetensors"
    },
    {
      "rfilename": "2_Dense/pytorch_model.bin"
    },
    {
      "rfilename": "README.md"
    },
    {
      "rfilename": "config.json"
    },
    {
      "rfilename": "config_sentence_transformers.json"
    },
    {
      "rfilename": "model.safetensors"
    },
    {
      "rfilename": "modules.json"
    },
    {
      "rfilename": "onnx/model_qint8_arm64.onnx"
    },
    {
      "rfilename": "onnx/model_qint8_avx512.onnx"
    },
    {
      "rfilename": "onnx/model_qint8_avx512_vnni.onnx"
    },
    {
      "rfilename": "onnx/model_quint8_avx2.onnx"
    },
    {
      "rfilename": "pytorch_model.bin"
    },
    {
      "rfilename": "sentence_bert_config.json"
    },
    {
      "rfilename": "special_tokens_map.json"
    },
    {
      "rfilename": "spiece.model"
    },
    {
      "rfilename": "tokenizer.json"
    },
    {
      "rfilename": "tokenizer_config.json"
    }
  ],
  "spaces": [
    "mteb/leaderboard",
    "mteb/leaderboard_legacy",
    "Gradio-Blocks/pubmed-abstract-retriever",
    "pritamdeka/health-article-keyphrase-generator",
    "pritamdeka/pubmed-abstract-retriever",
    "abidlabs/mteb-leaderboard",
    "SmileXing/leaderboard",
    "pngwn/df_scroll_bug_fix-two",
    "pngwn/df_scroll_bug_repo",
    "pngwn/df_scroll_bug_fix",
    "Saee/embedding_visualisation",
    "abidlabs/df_scroll_bug_fix",
    "ypesk/frugal-ai-EURECOM-Submission-1",
    "ypesk/frugal-ai-EURECOM-Submission-2",
    "frugal-ai-challenge/text-ypesk2",
    "sq66/leaderboard_legacy",
    "q275343119/leaderboard",
    "AyushM6/leaderboard",
    "shiwan7788/leaderboard",
    "Chengyanci/11",
    "yanciyuyu/1",
    "n8n-1/8",
    "reader-1/1"
  ],
  "createdAt": "2022-03-02T23:29:05.000Z",
  "safetensors": {
    "parameters": {
      "F16": 334939648
    },
    "total": 334939648
  },
  "usedStorage": 2836434958
}