{
  "_id": "621ffdc136468d709f1802cf",
  "id": "sentence-transformers/multi-qa-MiniLM-L6-cos-v1",
  "private": false,
  "pipeline_tag": "sentence-similarity",
  "library_name": "sentence-transformers",
  "tags": [
    "sentence-transformers",
    "pytorch",
    "tf",
    "onnx",
    "safetensors",
    "openvino",
    "bert",
    "feature-extraction",
    "sentence-similarity",
    "transformers",
    "en",
    "dataset:flax-sentence-embeddings/stackexchange_xml",
    "dataset:ms_marco",
    "dataset:gooaq",
    "dataset:yahoo_answers_topics",
    "dataset:search_qa",
    "dataset:eli5",
    "dataset:natural_questions",
    "dataset:trivia_qa",
    "dataset:embedding-data/QQP",
    "dataset:embedding-data/PAQ_pairs",
    "dataset:embedding-data/Amazon-QA",
    "dataset:embedding-data/WikiAnswers",
    "autotrain_compatible",
    "text-embeddings-inference",
    "endpoints_compatible",
    "region:us"
  ],
  "downloads": 1485760,
  "likes": 133,
  "modelId": "sentence-transformers/multi-qa-MiniLM-L6-cos-v1",
  "author": "sentence-transformers",
  "sha": "b207367332321f8e44f96e224ef15bc607f4dbf0",
  "lastModified": "2024-11-05T17:17:16.000Z",
  "gated": false,
  "disabled": false,
  "mask_token": "[MASK]",
  "widgetData": [
    {
      "source_sentence": "That is a happy person",
      "sentences": [
        "That is a happy dog",
        "That is a very happy person",
        "Today is a sunny day"
      ]
    }
  ],
  "model-index": null,
  "config": {
    "architectures": [
      "BertModel"
    ],
    "model_type": "bert",
    "tokenizer_config": {
      "unk_token": "[UNK]",
      "sep_token": "[SEP]",
      "pad_token": "[PAD]",
      "cls_token": "[CLS]",
      "mask_token": "[MASK]"
    }
  },
  "cardData": {
    "language": [
      "en"
    ],
    "library_name": "sentence-transformers",
    "tags": [
      "sentence-transformers",
      "feature-extraction",
      "sentence-similarity",
      "transformers"
    ],
    "datasets": [
      "flax-sentence-embeddings/stackexchange_xml",
      "ms_marco",
      "gooaq",
      "yahoo_answers_topics",
      "search_qa",
      "eli5",
      "natural_questions",
      "trivia_qa",
      "embedding-data/QQP",
      "embedding-data/PAQ_pairs",
      "embedding-data/Amazon-QA",
      "embedding-data/WikiAnswers"
    ],
    "pipeline_tag": "sentence-similarity"
  },
  "transformersInfo": {
    "auto_model": "AutoModel",
    "pipeline_tag": "feature-extraction",
    "processor": "AutoTokenizer"
  },
  "siblings": [
    {
      "rfilename": ".gitattributes"
    },
    {
      "rfilename": "1_Pooling/config.json"
    },
    {
      "rfilename": "README.md"
    },
    {
      "rfilename": "config.json"
    },
    {
      "rfilename": "config_sentence_transformers.json"
    },
    {
      "rfilename": "data_config.json"
    },
    {
      "rfilename": "model.safetensors"
    },
    {
      "rfilename": "modules.json"
    },
    {
      "rfilename": "onnx/model.onnx"
    },
    {
      "rfilename": "onnx/model_O1.onnx"
    },
    {
      "rfilename": "onnx/model_O2.onnx"
    },
    {
      "rfilename": "onnx/model_O3.onnx"
    },
    {
      "rfilename": "onnx/model_O4.onnx"
    },
    {
      "rfilename": "onnx/model_qint8_arm64.onnx"
    },
    {
      "rfilename": "onnx/model_qint8_avx512.onnx"
    },
    {
      "rfilename": "onnx/model_qint8_avx512_vnni.onnx"
    },
    {
      "rfilename": "onnx/model_quint8_avx2.onnx"
    },
    {
      "rfilename": "openvino/openvino_model.bin"
    },
    {
      "rfilename": "openvino/openvino_model.xml"
    },
    {
      "rfilename": "openvino/openvino_model_qint8_quantized.bin"
    },
    {
      "rfilename": "openvino/openvino_model_qint8_quantized.xml"
    },
    {
      "rfilename": "pytorch_model.bin"
    },
    {
      "rfilename": "sentence_bert_config.json"
    },
    {
      "rfilename": "special_tokens_map.json"
    },
    {
      "rfilename": "tf_model.h5"
    },
    {
      "rfilename": "tokenizer.json"
    },
    {
      "rfilename": "tokenizer_config.json"
    },
    {
      "rfilename": "train_script.py"
    },
    {
      "rfilename": "vocab.txt"
    }
  ],
  "spaces": [
    "mteb/leaderboard",
    "mteb/leaderboard_legacy",
    "jorge-henao/ask2democracycol",
    "Abhilashvj/haystack_QA",
    "namoopsoo/text-audio-video",
    "Sukhyun/course_recommender",
    "wozwize/media-unmasked-api",
    "somosnlp-hackathon-2023/ask2democracy",
    "Waflon/FAQ_SSI_CHILE",
    "isl-research/books-discovery",
    "HumbleBeeAI/humblebee-chatbot",
    "SmileXing/leaderboard",
    "mnemlaghi/canap",
    "PBusienei/Summit_app_demo",
    "myshirk/semantic-search-datasets",
    "namoopsoo/text-audio-video-policies",
    "namoopsoo/text-audio-video-policies-t4",
    "gfhayworth/chat_qa_demo",
    "simplexico/legal-ai-actions",
    "Warlord-K/IITI-Similarity",
    "Warlord-K/LatestFashion",
    "brka-ot/sentence-transformers-multi-qa-MiniLM-L6-cos-v1-feature-extraction",
    "eaglelandsonce/RAG-with-Phi-2-and-LangChain",
    "rishabincloud/RAG-Phi2-LangChain",
    "QaillcNextGen/RAG-with-Phi-2-and-LangChain",
    "yalaa/simplewiki-retrieve-rerank",
    "Slycat/Southampton-Similarity",
    "ravi259/baserag_hf",
    "Lakshita336/bot",
    "Vadim212/test2",
    "Ankitajadhav/Whats_Cooking",
    "aipoc/TemplateComparizer",
    "brichett/tsgpt",
    "ganesh3/rag-youtube-assistant",
    "Sarveshj/talk2doc",
    "MohamedAshraf701/Semantic-Search",
    "Ashraf-CK/semantic-search-med",
    "harsha70/multi-qa",
    "aibmedia/aibsimilarityllm",
    "Hellyscythe/sentence-transformers-multi-qa-MiniLM-L6-cos-v1",
    "isl-research/sparksearch-demo",
    "Maryem2025/Recipe_Chatbot_Project",
    "Anupam251272/JOSHI-AI-Chef",
    "sq66/leaderboard_legacy",
    "Anupam251272/JOSHI-AI-Indian-Chef",
    "SarEHD/Edu_pilot",
    "Programmes/E_P",
    "Programmes/Edu_Pilot",
    "Programmes/Edu_Pilot_g",
    "edumatch/EduMatch",
    "q275343119/leaderboard",
    "micdestefano/Agents_Course_Final_Assignment_Evaluator",
    "AyushM6/leaderboard",
    "Rhishi-04/RAG-fastAPI",
    "jnishanjain/virtual-ta",
    "sreeramm/documind-api",
    "k01010/Dify-Expert",
    "mjmuskan03/integrate-contextual-memory",
    "ArthyP/technical-rag-assistant",
    "mjmuskan03/contextual-memory",
    "mjmuskan03/rag-contextual",
    "naveenus/yt-productivity-scorer",
    "HealthifyLK/vedaMD",
    "shiwan7788/leaderboard",
    "Chengyanci/11",
    "ArthyP/enhanced-rag-demo",
    "yanciyuyu/1",
    "n8n-1/8",
    "shwetgaur/hackrx-submission-app",
    "reader-1/1",
    "shwetgaur/hackrx",
    "shwetgaur/hackkrx",
    "omershimon/final_project_data",
    "Amitch456/brewmatch-pro",
    "AhmadXGaballah/Fact_Checker1"
  ],
  "createdAt": "2022-03-02T23:29:05.000Z",
  "safetensors": {
    "parameters": {
      "I64": 512,
      "F32": 22713216
    },
    "total": 22713728
  },
  "inference": "warm",
  "usedStorage": 838666221
}