{
  "_id": "621ffdc136468d709f1802f5",
  "id": "sentence-transformers/sentence-t5-base",
  "private": false,
  "pipeline_tag": "sentence-similarity",
  "library_name": "sentence-transformers",
  "tags": [
    "sentence-transformers",
    "pytorch",
    "rust",
    "safetensors",
    "t5",
    "feature-extraction",
    "sentence-similarity",
    "en",
    "arxiv:2108.08877",
    "license:apache-2.0",
    "autotrain_compatible",
    "endpoints_compatible",
    "region:us"
  ],
  "downloads": 36497,
  "likes": 50,
  "modelId": "sentence-transformers/sentence-t5-base",
  "author": "sentence-transformers",
  "sha": "fc5d4628481afbbaaacd7af6bb07cf9d3865f781",
  "lastModified": "2025-03-06T13:39:02.000Z",
  "gated": false,
  "disabled": false,
  "widgetData": [
    {
      "source_sentence": "That is a happy person",
      "sentences": [
        "That is a happy dog",
        "That is a very happy person",
        "Today is a sunny day"
      ]
    }
  ],
  "model-index": null,
  "config": {
    "architectures": [
      "T5EncoderModel"
    ],
    "model_type": "t5",
    "tokenizer_config": {
      "eos_token": "</s>",
      "unk_token": "<unk>",
      "pad_token": "<pad>"
    }
  },
  "cardData": {
    "language": "en",
    "license": "apache-2.0",
    "library_name": "sentence-transformers",
    "tags": [
      "sentence-transformers",
      "feature-extraction",
      "sentence-similarity"
    ],
    "pipeline_tag": "sentence-similarity"
  },
  "siblings": [
    {
      "rfilename": ".gitattributes"
    },
    {
      "rfilename": "1_Pooling/config.json"
    },
    {
      "rfilename": "2_Dense/config.json"
    },
    {
      "rfilename": "2_Dense/model.safetensors"
    },
    {
      "rfilename": "2_Dense/pytorch_model.bin"
    },
    {
      "rfilename": "2_Dense/rust_model.ot"
    },
    {
      "rfilename": "README.md"
    },
    {
      "rfilename": "config.json"
    },
    {
      "rfilename": "config_sentence_transformers.json"
    },
    {
      "rfilename": "convert.ipynb"
    },
    {
      "rfilename": "convert_to_fp16.py"
    },
    {
      "rfilename": "model.safetensors"
    },
    {
      "rfilename": "modules.json"
    },
    {
      "rfilename": "pytorch_model.bin"
    },
    {
      "rfilename": "rust_model.ot"
    },
    {
      "rfilename": "sentence_bert_config.json"
    },
    {
      "rfilename": "special_tokens_map.json"
    },
    {
      "rfilename": "spiece.model"
    },
    {
      "rfilename": "tokenizer.json"
    },
    {
      "rfilename": "tokenizer_config.json"
    }
  ],
  "spaces": [
    "mteb/leaderboard",
    "mteb/leaderboard_legacy",
    "Gradio-Blocks/pubmed-abstract-retriever",
    "pritamdeka/health-article-keyphrase-generator",
    "pritamdeka/pubmed-abstract-retriever",
    "celise88/Pathfinder",
    "IanRonk/sponsoredbye",
    "kahnchana/clippy",
    "abidlabs/mteb-leaderboard",
    "dammy/chatPDF",
    "SmileXing/leaderboard",
    "ktllc/sentence-transformers-sentence-t5-base",
    "rbiswasfc/scs-sentence-t5-base",
    "Alberthu233/sentence-t5-prompt-similarity",
    "sponsored-bye/sponsoredbye",
    "sq66/leaderboard_legacy",
    "q275343119/leaderboard",
    "AyushM6/leaderboard",
    "shiwan7788/leaderboard",
    "Chengyanci/11",
    "yanciyuyu/1",
    "n8n-1/8",
    "reader-1/1"
  ],
  "createdAt": "2022-03-02T23:29:05.000Z",
  "safetensors": {
    "parameters": {
      "F16": 109628544
    },
    "total": 109628544
  },
  "usedStorage": 2992776859
}