{
  "_id": "621ffdc136468d709f1802e5",
  "id": "sentence-transformers/paraphrase-MiniLM-L6-v2",
  "private": false,
  "pipeline_tag": "sentence-similarity",
  "library_name": "sentence-transformers",
  "tags": [
    "sentence-transformers",
    "pytorch",
    "tf",
    "onnx",
    "safetensors",
    "openvino",
    "bert",
    "feature-extraction",
    "sentence-similarity",
    "transformers",
    "arxiv:1908.10084",
    "license:apache-2.0",
    "autotrain_compatible",
    "text-embeddings-inference",
    "endpoints_compatible",
    "region:us"
  ],
  "downloads": 5325872,
  "likes": 141,
  "modelId": "sentence-transformers/paraphrase-MiniLM-L6-v2",
  "author": "sentence-transformers",
  "sha": "c9a2bfebc254878aee8c3aca9e6844d5bbb102d1",
  "lastModified": "2025-03-06T13:26:35.000Z",
  "gated": false,
  "disabled": false,
  "mask_token": "[MASK]",
  "widgetData": [
    {
      "source_sentence": "That is a happy person",
      "sentences": [
        "That is a happy dog",
        "That is a very happy person",
        "Today is a sunny day"
      ]
    }
  ],
  "model-index": null,
  "config": {
    "architectures": [
      "BertModel"
    ],
    "model_type": "bert",
    "tokenizer_config": {
      "unk_token": "[UNK]",
      "sep_token": "[SEP]",
      "pad_token": "[PAD]",
      "cls_token": "[CLS]",
      "mask_token": "[MASK]"
    }
  },
  "cardData": {
    "license": "apache-2.0",
    "library_name": "sentence-transformers",
    "tags": [
      "sentence-transformers",
      "feature-extraction",
      "sentence-similarity",
      "transformers"
    ],
    "pipeline_tag": "sentence-similarity"
  },
  "transformersInfo": {
    "auto_model": "AutoModel",
    "pipeline_tag": "feature-extraction",
    "processor": "AutoTokenizer"
  },
  "siblings": [
    {
      "rfilename": ".gitattributes"
    },
    {
      "rfilename": "1_Pooling/config.json"
    },
    {
      "rfilename": "README.md"
    },
    {
      "rfilename": "config.json"
    },
    {
      "rfilename": "config_sentence_transformers.json"
    },
    {
      "rfilename": "model.safetensors"
    },
    {
      "rfilename": "modules.json"
    },
    {
      "rfilename": "onnx/model.onnx"
    },
    {
      "rfilename": "onnx/model_O1.onnx"
    },
    {
      "rfilename": "onnx/model_O2.onnx"
    },
    {
      "rfilename": "onnx/model_O3.onnx"
    },
    {
      "rfilename": "onnx/model_O4.onnx"
    },
    {
      "rfilename": "onnx/model_qint8_arm64.onnx"
    },
    {
      "rfilename": "onnx/model_qint8_avx512.onnx"
    },
    {
      "rfilename": "onnx/model_qint8_avx512_vnni.onnx"
    },
    {
      "rfilename": "onnx/model_quint8_avx2.onnx"
    },
    {
      "rfilename": "openvino/openvino_model.bin"
    },
    {
      "rfilename": "openvino/openvino_model.xml"
    },
    {
      "rfilename": "openvino/openvino_model_qint8_quantized.bin"
    },
    {
      "rfilename": "openvino/openvino_model_qint8_quantized.xml"
    },
    {
      "rfilename": "pytorch_model.bin"
    },
    {
      "rfilename": "sentence_bert_config.json"
    },
    {
      "rfilename": "special_tokens_map.json"
    },
    {
      "rfilename": "tf_model.h5"
    },
    {
      "rfilename": "tokenizer.json"
    },
    {
      "rfilename": "tokenizer_config.json"
    },
    {
      "rfilename": "vocab.txt"
    }
  ],
  "spaces": [
    "Gradio-Blocks/pubmed-abstract-retriever",
    "pritamdeka/health-article-keyphrase-generator",
    "taskswithcode/semantic_similarity",
    "pritamdeka/pubmed-abstract-retriever",
    "taskswithcode/semantic_search",
    "taskswithcode/semantic_clustering",
    "vaibhavsharda/semantic_clustering",
    "Neha13/Student_Counselling_Bot",
    "yolloo/VoiceQ",
    "Sasidhar/zeroshot",
    "Jolie80/semantic_clustering",
    "shivamswami/sentence-transformers-paraphrase-MiniLM-L6-v2",
    "LvYing2023/OPUS-BioLLM",
    "JDWebProgrammer/semantic_clustering",
    "alessio21/ecg",
    "philipp-zettl/qa-generator",
    "LilTomat0/PsychologyHelperBot",
    "Neha13/DocchatBOT",
    "mysterious011/simplificationTask",
    "KrishP-12/ocrmodel",
    "KrishP-12/ocrfinal",
    "fpadron/api-space",
    "aniljoseph/AMaiS-AI_Light_02.M01",
    "OmkarG/RAG_based_search",
    "NHZ/KIDS-FIRST-AID-GUIDE-KIT",
    "ashwinradhe/semantic_eval",
    "ashwinradhe/my-fastapi-app",
    "Tristan107/Test",
    "Tristan107/re-expert",
    "Yamini6375/book_recommender",
    "gcmarian/recomendador_kdramas",
    "KrishP-12/ocrchatbot",
    "SurbhiB/Streamlit-based-AI-Summarization-app",
    "ayushk4747/Assistant_",
    "viswatesting/plag-api",
    "gourisankar85/TalkToYourDocument",
    "shiningcreature/Your-Health-Fitlytic",
    "chaaim123/demo09",
    "melk2025/Chatbot",
    "unkule24/finance-chatbot",
    "WillyCodesInit/finsmart_bot",
    "chaaim123/finalproj01",
    "MouadHSB/ResearchRAG",
    "Waheed78/engineering-assistant-bot",
    "samim2024/testing",
    "animesounds/onepiecechatbotv2",
    "muston/support_it",
    "melk2025/New_MoodleChatbot",
    "ajoy0071998/QA_system",
    "ashyaaaaa/PrepGenie",
    "ThieLin/Workspace",
    "Murillex/Desinteligentes_FMU",
    "weiyi01191/DeepOperateAI-Video",
    "fizzarif7/legalAssistant",
    "orachamp1981/oracle-llm",
    "fizzarif7/assistant",
    "komeha14/RAG_API",
    "yasuo7/chatbot1",
    "yasuo7/medassist-plus-chatbot",
    "yasuo7/chatbot2",
    "DaninoJake/factsss",
    "Tonycrux/ticketsAPI",
    "abhijitmaurya025/rag-hr-chatbot",
    "Rahulbhutna/financial-rag-assistant-Pro",
    "Ujasdubal/ujas",
    "Megadave666/naira-chatbot-agua",
    "Momina19/Gradio_app",
    "DSMLpulak/captain-d-chatbott",
    "Futuresony/Futuresony_auto-g.pt_1_V1.03.08.2025",
    "NikhilPatil/Banana_Disease_Preediction",
    "Kunal-Bh26/hcil-helpdesk-backend",
    "Futuresony/ABSA_Test_Space",
    "ctizzzy0/kit2",
    "Amitch456/brewmatch-pro",
    "Nikhil0702/Banana_Disease_Diagnosis_and_Recommendation",
    "Praneethaneelapareddigari/visual-rag",
    "Futuresony/WhatsApp_bot",
    "Futuresony/Bot_test",
    "MuhammadSaad69247/DocuDraft_Pro"
  ],
  "createdAt": "2022-03-02T23:29:05.000Z",
  "safetensors": {
    "parameters": {
      "F32": 22713216,
      "I64": 512
    },
    "total": 22713728
  },
  "usedStorage": 1111304665
}