{
  "_id": "621ffdc136468d709f1808c0",
  "id": "sshleifer/distilbart-cnn-12-6",
  "private": false,
  "pipeline_tag": "summarization",
  "library_name": "transformers",
  "tags": [
    "transformers",
    "pytorch",
    "jax",
    "rust",
    "bart",
    "text2text-generation",
    "summarization",
    "en",
    "dataset:cnn_dailymail",
    "dataset:xsum",
    "license:apache-2.0",
    "endpoints_compatible",
    "region:us"
  ],
  "downloads": 1914598,
  "likes": 293,
  "modelId": "sshleifer/distilbart-cnn-12-6",
  "author": "sshleifer",
  "sha": "a4f8f3ea906ed274767e9906dbaede7531d660ff",
  "lastModified": "2021-06-14T07:51:12.000Z",
  "gated": false,
  "disabled": false,
  "mask_token": "<mask>",
  "widgetData": [
    {
      "text": "The tower is 324 metres (1,063 ft) tall, about the same height as an 81-storey building, and the tallest structure in Paris. Its base is square, measuring 125 metres (410 ft) on each side. During its construction, the Eiffel Tower surpassed the Washington Monument to become the tallest man-made structure in the world, a title it held for 41 years until the Chrysler Building in New York City was finished in 1930. It was the first structure to reach a height of 300 metres. Due to the addition of a broadcasting aerial at the top of the tower in 1957, it is now taller than the Chrysler Building by 5.2 metres (17 ft). Excluding transmitters, the Eiffel Tower is the second tallest free-standing structure in France after the Millau Viaduct."
    }
  ],
  "model-index": null,
  "config": {
    "architectures": [
      "BartForConditionalGeneration"
    ],
    "model_type": "bart",
    "tokenizer_config": {}
  },
  "cardData": {
    "language": "en",
    "tags": [
      "summarization"
    ],
    "license": "apache-2.0",
    "datasets": [
      "cnn_dailymail",
      "xsum"
    ],
    "thumbnail": "https://huggingface.co/front/thumbnails/distilbart_medium.png"
  },
  "transformersInfo": {
    "auto_model": "AutoModelForSeq2SeqLM",
    "pipeline_tag": "text2text-generation",
    "processor": "AutoTokenizer"
  },
  "siblings": [
    {
      "rfilename": ".gitattributes"
    },
    {
      "rfilename": "README.md"
    },
    {
      "rfilename": "config.json"
    },
    {
      "rfilename": "flax_model.msgpack"
    },
    {
      "rfilename": "merges.txt"
    },
    {
      "rfilename": "pytorch_model.bin"
    },
    {
      "rfilename": "rust_model.ot"
    },
    {
      "rfilename": "tokenizer_config.json"
    },
    {
      "rfilename": "vocab.json"
    }
  ],
  "spaces": [
    "anaxagoras7/gauravgs-text-summarizer",
    "nickmuchi/article-text-summarizer",
    "ruslanmv/TextToVideo-Dalle",
    "sasha/CO2_inference",
    "d0r1h/youtube_summarization",
    "awacke1/Video-Summary",
    "NeuML/txtai",
    "jipenaflor/Youtube-Transcript-Summarizer",
    "GenAILearniverse/TextSummarizer",
    "Wootang01/text_summarizer",
    "Gradio-Blocks/Story-to-video",
    "mohitmayank/SummarizeLink",
    "ruslanmv/Video-Generator-from-Story",
    "edemgold/IFA-summarizer",
    "valurank/Article_Summarizer_12_6_testing",
    "Rehman1603/Video-To-Text",
    "amarkc/Youtube-Transcript-Summarizer",
    "victor/wikipedia-chatbot",
    "NeuML/wikisummary",
    "owaiskha9654/Video_Summarization",
    "raphaelsty/games",
    "awacke1/VideoSummary2",
    "UshaKiranmai/text_summarization",
    "NeuML/articlesummary",
    "themanas021/Youtube-Video-Summarizer",
    "Walid-Ahmed/Advanced_Text_Summarization",
    "Agents-MCP-Hackathon/ai-research-assistant",
    "akhaliq/distilbart-cnn-12-6",
    "awacke1/SOTA-Summary",
    "Antoniskaraolis/AI_Audio_Processing",
    "Leonidasiy/NLP-Toolbox",
    "Taizun/YoutubeSummarizer",
    "adithya747/website-summarizer",
    "Kiruthick18/PDF_Summarizer",
    "Preetesh/VideoSummaryfromYouTubeVideo",
    "awacke1/VideoSummaryYoutube3",
    "KrishnaBakshi1/YoutubeVideoSummarizer",
    "victor/models-inference",
    "anishde/SIMPLIFY_text_summarizer",
    "Javedalam/text_summarizer_multiple_llm",
    "luck210/gemma",
    "Matonice/gradio-insurance-policy-summarizer",
    "Devika/Briefly",
    "santoshsindham/VideoSummary",
    "nkatraga/7.22.VideoSummary2",
    "Myrna/VideoSummary2",
    "sidsriv/VideoSummaryfromYoutubeVideo",
    "williambr/VideoSummaryGenerator",
    "SudarshanaR/VideoSummaryFromYoutubeVideo",
    "MadhuV28/VideoSumamry",
    "rsatish1110/VideoSummaryGenerator",
    "sandeepmajumdar/nlp-sorcery",
    "Firefly777a/summarization-demo-v1",
    "mohitmayank/EmojiFinder",
    "shamikbose89/title-generator-from-abstract",
    "vslasor/VLS10-VideoAudioSummarizer-GR",
    "kbbabu/new_summarization",
    "samalba/demo",
    "zman1x1/yt-video-to-summary",
    "Rimi98/Relax-Teacher",
    "autumn8/selectModel",
    "tharunayak14/Text-Summarization",
    "blazingbunny/BERT-Extractive-Summarizer",
    "feedexpdition/gardio-patient-clinical-summary",
    "7jimmy/data_sum_by_Sharjeel",
    "enstazao/Blog-Summarizer",
    "viveks26/YouTubeVideoSummary",
    "TanishGG/Text_Summarization_and_Speech_Generation",
    "harionhuggingface/sshleifer-distilbart-cnn-12-6",
    "GenAILearniverse/YouTubeSummarizer",
    "CVstation/Video_Sumarizer",
    "I-Am-SnowFlake/text-summarizer101",
    "tech-rakesh-ai/TextSummarizer",
    "klodiduraku/text-summarization",
    "Walid-Ahmed/Text-Summarization",
    "adarshjha01/Text-Summariser",
    "adarshjha01/Youtube-Video-Summariser",
    "harisai-362003/temp-app-2.0",
    "kothasridhar/ZenAI",
    "asim98/Automated-Literature-Review-Writer",
    "re-mind/Crawl4AI",
    "batosoft/proposals-comparison",
    "ahujasherry18/YoutubeVideoSummarizer",
    "Simran-Dalvi/TextSummary",
    "LegalTechJustice/NLP_REVIEW_IR_LR_TOOL_DB",
    "Sameer747/ArticleExplainer",
    "SSD0907/Text-Summarization",
    "cmwaseemyousef/fastapi-summarization",
    "Hadiil/home23",
    "amine-araich/controlled-text-summarization",
    "Anaaanthh/AnanthkrishnaDS",
    "PAGauthamNair/Tech_News_Summarizer",
    "sharanya/TextSummarizer",
    "sharanya/YouTubeSummarizer",
    "sharanya/ArxivSummarizer",
    "aaryaan/YouTubeSummarizer",
    "Bhaskar2611/Kuku_bot",
    "RamaKrishna77/Research-paper-critique",
    "asolanki23/AcademicTextSummarizer",
    "Shera123/MULTIPLE-SUMMARIZER-MODEL"
  ],
  "createdAt": "2022-03-02T23:29:05.000Z",
  "inference": "warm",
  "usedStorage": 19922394442
}