{
  "_id": "65988e4ae1604bf99615c303",
  "id": "tenyx/TenyxChat-7B-v1",
  "private": false,
  "pipeline_tag": "text-generation",
  "library_name": "transformers",
  "tags": [
    "transformers",
    "safetensors",
    "mistral",
    "text-generation",
    "tenyx-fine-tuning",
    "dpo",
    "tenyxchat",
    "conversational",
    "en",
    "arxiv:2305.18290",
    "arxiv:2309.11235",
    "arxiv:2306.05685",
    "arxiv:1803.05457",
    "arxiv:1905.07830",
    "arxiv:2009.03300",
    "arxiv:2109.07958",
    "arxiv:1907.10641",
    "arxiv:2110.14168",
    "license:apache-2.0",
    "autotrain_compatible",
    "text-generation-inference",
    "endpoints_compatible",
    "region:us"
  ],
  "downloads": 739,
  "likes": 25,
  "modelId": "tenyx/TenyxChat-7B-v1",
  "author": "tenyx",
  "sha": "a60dc89c8eb1ceec9af3d54f9f50e5b1fc53d394",
  "lastModified": "2024-01-12T18:16:23.000Z",
  "gated": false,
  "disabled": false,
  "widgetData": [
    {
      "text": "Hi, what can you help me with?"
    },
    {
      "text": "What is 84 * 3 / 2?"
    },
    {
      "text": "Tell me an interesting fact about the universe!"
    },
    {
      "text": "Explain quantum computing in simple terms."
    }
  ],
  "model-index": null,
  "config": {
    "architectures": [
      "MistralForCausalLM"
    ],
    "model_type": "mistral",
    "tokenizer_config": {
      "bos_token": "<s>",
      "chat_template": "{{ bos_token }} {% for message in messages %}\n{% if message['role'] == 'user' %}\n{{ 'User:' + message['content'] + eos_token }}\n{% elif message['role'] == 'system' %}\n{{ 'System:' + message['content'] + eos_token }}\n{% elif message['role'] == 'assistant' %}\n{{ 'Assistant:'  + message['content'] + eos_token }}\n{% endif %}\n{% if loop.last and add_generation_prompt %}\n{{ 'Assistant:' }}{% endif %}\n{% endfor %}",
      "eos_token": "<|end_of_turn|>",
      "pad_token": "<|end_of_turn|>",
      "unk_token": "<unk>",
      "use_default_system_prompt": true
    }
  },
  "cardData": {
    "license": "apache-2.0",
    "language": [
      "en"
    ],
    "library_name": "transformers",
    "tags": [
      "tenyx-fine-tuning",
      "dpo",
      "tenyxchat"
    ]
  },
  "transformersInfo": {
    "auto_model": "AutoModelForCausalLM",
    "pipeline_tag": "text-generation",
    "processor": "AutoTokenizer"
  },
  "siblings": [
    {
      "rfilename": ".gitattributes"
    },
    {
      "rfilename": "README.md"
    },
    {
      "rfilename": "assets/hexplot.png"
    },
    {
      "rfilename": "config.json"
    },
    {
      "rfilename": "model-00001-of-00003.safetensors"
    },
    {
      "rfilename": "model-00002-of-00003.safetensors"
    },
    {
      "rfilename": "model-00003-of-00003.safetensors"
    },
    {
      "rfilename": "model.safetensors.index.json"
    },
    {
      "rfilename": "special_tokens_map.json"
    },
    {
      "rfilename": "tokenizer.json"
    },
    {
      "rfilename": "tokenizer_config.json"
    }
  ],
  "spaces": [
    "3DTopia/3DGen-Arena",
    "tenyx/TenyxChat-7B-v1",
    "tenyx/TenyxChat-8x7B-v1",
    "ali-vilab/IDEA-Bench-Arena",
    "li-qing/FIRE",
    "Ashmal/MobiLlama",
    "Bofeee5675/FIRE",
    "evelyn-lo/evelyn",
    "zjasper666/bf16_vs_fp8",
    "martinakaduc/melt"
  ],
  "createdAt": "2024-01-05T23:18:34.000Z",
  "safetensors": {
    "parameters": {
      "BF16": 7241748480
    },
    "total": 7241748480
  },
  "usedStorage": 15192106016
}