{
  "_id": "6447714d3411a0902bad9607",
  "id": "tiiuae/falcon-7b-instruct",
  "private": false,
  "pipeline_tag": "text-generation",
  "library_name": "transformers",
  "tags": [
    "transformers",
    "pytorch",
    "coreml",
    "safetensors",
    "falcon",
    "text-generation",
    "conversational",
    "custom_code",
    "en",
    "dataset:tiiuae/falcon-refinedweb",
    "arxiv:2205.14135",
    "arxiv:1911.02150",
    "arxiv:2005.14165",
    "arxiv:2104.09864",
    "arxiv:2306.01116",
    "license:apache-2.0",
    "autotrain_compatible",
    "text-generation-inference",
    "endpoints_compatible",
    "region:us"
  ],
  "downloads": 132891,
  "likes": 1004,
  "modelId": "tiiuae/falcon-7b-instruct",
  "author": "tiiuae",
  "sha": "8782b5c5d8c9290412416618f36a133653e85285",
  "lastModified": "2024-10-12T13:20:03.000Z",
  "gated": false,
  "disabled": false,
  "widgetData": [
    {
      "text": "Hey Falcon! Any recommendations for my holidays in Abu Dhabi?",
      "example_title": "Abu Dhabi Trip"
    },
    {
      "text": "What's the Everett interpretation of quantum mechanics?",
      "example_title": "Q/A: Quantum & Answers"
    },
    {
      "text": "Give me a list of the top 10 dive sites you would recommend around the world.",
      "example_title": "Diving Top 10"
    },
    {
      "text": "Can you tell me more about deep-water soloing?",
      "example_title": "Extreme sports"
    },
    {
      "text": "Can you write a short tweet about the Apache 2.0 release of our latest AI model, Falcon LLM?",
      "example_title": "Twitter Helper"
    },
    {
      "text": "What are the responsabilities of a Chief Llama Officer?",
      "example_title": "Trendy Jobs"
    }
  ],
  "model-index": null,
  "config": {
    "architectures": [
      "FalconForCausalLM"
    ],
    "auto_map": {
      "AutoConfig": "configuration_falcon.FalconConfig",
      "AutoModel": "modeling_falcon.FalconModel",
      "AutoModelForSequenceClassification": "modeling_falcon.FalconForSequenceClassification",
      "AutoModelForTokenClassification": "modeling_falcon.FalconForTokenClassification",
      "AutoModelForQuestionAnswering": "modeling_falcon.FalconForQuestionAnswering",
      "AutoModelForCausalLM": "modeling_falcon.FalconForCausalLM"
    },
    "model_type": "falcon",
    "tokenizer_config": {
      "eos_token": "<|endoftext|>",
      "chat_template": "{% if messages[0]['role'] == 'system' %}{% set loop_messages = messages[1:] %}{% set system_message = messages[0]['content'] %}{% else %}{% set loop_messages = messages %}{% set system_message = '' %}{% endif %}{% for message in loop_messages %}{% if (message['role'] == 'user') != (loop.index0 % 2 == 0) %}{{ raise_exception('Conversation roles must alternate user/assistant/user/assistant/...') }}{% endif %}{% if loop.index0 == 0 %}{{ system_message.strip() }}{% endif %}{% if message['role'] == 'user' %}{{ '\n\nUser: ' + message['content'].strip().replace('\r\n', '\n').replace('\n\n', '\n') }}{% elif message['role'] == 'assistant' %}{{ '\n\nAssistant: ' + message['content'].strip().replace('\r\n', '\n').replace('\n\n', '\n') }}{% endif %}{% endfor %}{% if add_generation_prompt %}{{ '\n\nAssistant:' }}{% endif %}"
    }
  },
  "cardData": {
    "datasets": [
      "tiiuae/falcon-refinedweb"
    ],
    "language": [
      "en"
    ],
    "inference": true,
    "new_version": "tiiuae/falcon-11B",
    "widget": [
      {
        "text": "Hey Falcon! Any recommendations for my holidays in Abu Dhabi?",
        "example_title": "Abu Dhabi Trip"
      },
      {
        "text": "What's the Everett interpretation of quantum mechanics?",
        "example_title": "Q/A: Quantum & Answers"
      },
      {
        "text": "Give me a list of the top 10 dive sites you would recommend around the world.",
        "example_title": "Diving Top 10"
      },
      {
        "text": "Can you tell me more about deep-water soloing?",
        "example_title": "Extreme sports"
      },
      {
        "text": "Can you write a short tweet about the Apache 2.0 release of our latest AI model, Falcon LLM?",
        "example_title": "Twitter Helper"
      },
      {
        "text": "What are the responsabilities of a Chief Llama Officer?",
        "example_title": "Trendy Jobs"
      }
    ],
    "license": "apache-2.0"
  },
  "transformersInfo": {
    "auto_model": "AutoModelForCausalLM",
    "pipeline_tag": "text-generation",
    "processor": "AutoTokenizer"
  },
  "siblings": [
    {
      "rfilename": ".gitattributes"
    },
    {
      "rfilename": "README.md"
    },
    {
      "rfilename": "config.json"
    },
    {
      "rfilename": "configuration_falcon.py"
    },
    {
      "rfilename": "coreml/text-generation/falcon-7b-64-float32.mlpackage/Data/com.apple.CoreML/model.mlmodel"
    },
    {
      "rfilename": "coreml/text-generation/falcon-7b-64-float32.mlpackage/Data/com.apple.CoreML/weights/weight.bin"
    },
    {
      "rfilename": "coreml/text-generation/falcon-7b-64-float32.mlpackage/Manifest.json"
    },
    {
      "rfilename": "generation_config.json"
    },
    {
      "rfilename": "handler.py"
    },
    {
      "rfilename": "model-00001-of-00002.safetensors"
    },
    {
      "rfilename": "model-00002-of-00002.safetensors"
    },
    {
      "rfilename": "model.safetensors.index.json"
    },
    {
      "rfilename": "modeling_falcon.py"
    },
    {
      "rfilename": "pytorch_model-00001-of-00002.bin"
    },
    {
      "rfilename": "pytorch_model-00002-of-00002.bin"
    },
    {
      "rfilename": "pytorch_model.bin.index.json"
    },
    {
      "rfilename": "special_tokens_map.json"
    },
    {
      "rfilename": "tokenizer.json"
    },
    {
      "rfilename": "tokenizer_config.json"
    }
  ],
  "spaces": [
    "h2oai/h2ogpt-chatbot",
    "h2oai/h2ogpt-chatbot2",
    "Sharathhebbar24/One-stop-for-Open-source-models",
    "tomg-group-umd/Binoculars",
    "KBaba7/Quant",
    "aimevzulari/Prompt_Uzmani",
    "Sarath0x8f/Document-QA-bot",
    "NiansuhAI/HFLLMs",
    "HuggingFaceH4/Falcon-vs-LLaMA",
    "bilgeyucel/captionate",
    "r3gm/ConversaDocs",
    "Justinrune/LLaMA-Factory",
    "ROHAN181/pdf-chatbot",
    "bhaskartripathi/LLM_Quantization",
    "ruslanmv/convert_to_gguf",
    "kenken999/fastapi_django_main_live",
    "pseudolab/GaiaMiniMed_ChatWithFalcon",
    "pseudolab/GaiaMiniMed",
    "FallnAI/Quantize-HF-Models",
    "cellerson/AgentCourseFinalProject",
    "text2code/text_to_code",
    "lapsapking/h2ogpt-chatbot",
    "AamirAli123/chat_with_pdf",
    "NCTCMumbai/nctc-pdf-chatbot",
    "mikeee/falcon-7b-ggml",
    "officialhimanshu595/llama-factory",
    "Omdena-MentalHealth-team-consolidated/MindfulMedia_Mentor",
    "Pavan178/pdf-chatbot",
    "totolook/Quant",
    "santuchal/pdf_chat_bot",
    "saikub/chatB",
    "mariagrandury/pdf_qa",
    "cstr/PDF-Summarizer",
    "keeperballon/multi-llm",
    "ttt246/brain",
    "Vageesh1/Falcon_7B",
    "awinml/falcon-7b-instruct-api",
    "gradio-discord-bots/falcon-7b-instruct",
    "vishnusureshperumbavoor/vspbot-falcon-langchain",
    "barunsaha/slides-wizard",
    "Samarth991/LLM-Chatbot",
    "lambdabrendan/Lambda-LLM-Calculator",
    "ali121300/pdf_chat_bot",
    "Sambhavnoobcoder/pdf-chatbot",
    "SharmaAmit1818/DietPlan_Generator",
    "prakhardoneria/summarize_youtube",
    "Alfasign/pdf-chatbot-opensource-llm",
    "pseudolab/medical-chatbot",
    "vikramronavrsc/BLOCHAIN_RAG_FOR_LASTDAY_EXAM_PREP",
    "zamal/Multimodal-Chat-Playground",
    "njmery/tiiuae-falcon-7b-instruct",
    "vincentmin/TalkToMe",
    "lavanjv/falcon-mini",
    "TSYLV32/tiiuae-falcon-7b-instruct",
    "PeepDaSlan9/text_to_code",
    "ohmygod0193/whisper-jax-yt-summary",
    "BlenderGuru/ml-api",
    "reflection777/summarizer-for-learning",
    "wop/ai-28939239",
    "wop/ai-28939239-clone",
    "wop/shard1-ai",
    "tianleliphoebe/visual-arena",
    "tayawelba/ntl_app",
    "PlantBasedTen/Financial_Bot",
    "f2re/law",
    "Omdena-MentalHealth-team3/FomoFix",
    "Samarth991/LLAMA-QA-AudioFiles",
    "MasterMohan/PDFChat",
    "namanroxx/pdf-chatbot",
    "RidhamChitre/voice-assistant",
    "themanas021/falcon-legal",
    "Mr-Vicky-01/Story_teller",
    "imjunaidafzal/can-it-run-llm",
    "ogegadavis254/MindfulMedia_Mentor",
    "awacke1/PDF-Document-QA-Chatbot",
    "Ashmal/MobiLlama",
    "themanas021/chainlit-02",
    "his0/h2ogpt-chatbot",
    "anubhav100rao/pdf-chatbot",
    "atimughal662/InfoFusion",
    "Jafta/Yarn-Mistral-API",
    "Akshayram1/vit",
    "Pablinho/bedtime-stories",
    "Atreyu4EVR/Multi-OpenSource",
    "Jeff28/CipherReadPDF",
    "farmax/pdf-rag-chatbot",
    "Veerammal/Pdf_chatbot_for_CBSE",
    "sachjones/tiiuae-falcon-7b-instruct",
    "Sarath0x8f/Debate_Master",
    "agolli/DetectAI-ble",
    "Dani-LosAngeles/ProjectBlue",
    "Marex92/First_agent_template",
    "roxcy/clone",
    "K00B404/LLM_Quantization",
    "ANESCO/GPT-Contabilidad",
    "seawolf2357/LLM_Quantization",
    "ELAGPT/my-chatbot",
    "Shalom2552/BBBBot",
    "binriz/ritika-rai",
    "MrPrinceHz/Ayurdostapp"
  ],
  "createdAt": "2023-04-25T06:21:01.000Z",
  "safetensors": {
    "parameters": {
      "BF16": 7217189760
    },
    "total": 7217189760
  },
  "usedStorage": 56610389723
}