{
  "_id": "66237af36bab5536e2a78f09",
  "id": "urchade/gliner_multi_pii-v1",
  "private": false,
  "pipeline_tag": "token-classification",
  "library_name": "gliner",
  "tags": [
    "gliner",
    "pytorch",
    "token-classification",
    "en",
    "fr",
    "de",
    "es",
    "pt",
    "it",
    "dataset:urchade/synthetic-pii-ner-mistral-v1",
    "arxiv:2311.08526",
    "license:apache-2.0",
    "region:us"
  ],
  "downloads": 54341,
  "likes": 127,
  "modelId": "urchade/gliner_multi_pii-v1",
  "author": "urchade",
  "sha": "1fcf13e85f4eef5394e1fcd406cf2ca9ea82351d",
  "lastModified": "2024-04-20T16:16:50.000Z",
  "gated": false,
  "disabled": false,
  "widgetData": [
    {
      "text": "My name is Wolfgang and I live in Berlin"
    },
    {
      "text": "My name is Sarah and I live in London"
    },
    {
      "text": "My name is Clara and I live in Berkeley, California."
    }
  ],
  "model-index": null,
  "cardData": {
    "license": "apache-2.0",
    "language": [
      "en",
      "fr",
      "de",
      "es",
      "pt",
      "it"
    ],
    "library_name": "gliner",
    "pipeline_tag": "token-classification",
    "datasets": [
      "urchade/synthetic-pii-ner-mistral-v1"
    ]
  },
  "siblings": [
    {
      "rfilename": ".gitattributes"
    },
    {
      "rfilename": "README.md"
    },
    {
      "rfilename": "gliner_config.json"
    },
    {
      "rfilename": "pytorch_model.bin"
    }
  ],
  "spaces": [
    "urchade/gliner_multi_pii-v1",
    "MattStammers/pteredactyl_PII",
    "ffeew/pii_masker",
    "MattStammers/Pteredactyl_PII_Backup",
    "CarolXia/pii-classification",
    "CarolXia/pii-classification-kd",
    "trojblue/anonymizing-llm-prompts",
    "dwb2023/gliner_testbed",
    "goberoi/gliner-test",
    "MentalTech/anonymizing-sessions",
    "AIEcosystem/Multilingual-PDF-DOCX-Entity-Finder",
    "AIEcosystem/DFS1"
  ],
  "createdAt": "2024-04-20T08:21:07.000Z",
  "usedStorage": 6955941995
}