{
  "_id": "6616641708ed261178bf3b81",
  "id": "urchade/gliner_large-v2.1",
  "private": false,
  "pipeline_tag": "token-classification",
  "library_name": "gliner",
  "tags": [
    "gliner",
    "pytorch",
    "token-classification",
    "multilingual",
    "dataset:urchade/pile-mistral-v0.1",
    "arxiv:2311.08526",
    "license:apache-2.0",
    "region:us"
  ],
  "downloads": 5586,
  "likes": 37,
  "modelId": "urchade/gliner_large-v2.1",
  "author": "urchade",
  "sha": "abd49a1f1ebc12af1be84d06f6848221cf96dcad",
  "lastModified": "2024-04-10T10:09:30.000Z",
  "gated": false,
  "disabled": false,
  "model-index": null,
  "cardData": {
    "license": "apache-2.0",
    "language": [
      "multilingual"
    ],
    "library_name": "gliner",
    "datasets": [
      "urchade/pile-mistral-v0.1"
    ],
    "pipeline_tag": "token-classification"
  },
  "siblings": [
    {
      "rfilename": ".gitattributes"
    },
    {
      "rfilename": "README.md"
    },
    {
      "rfilename": "gliner_config.json"
    },
    {
      "rfilename": "pytorch_model.bin"
    }
  ],
  "spaces": [
    "jrc-ai/MultiNER-simplified",
    "avsolatorio/query-parser",
    "ahmadsalahudin/Business_card_scanner_to_cev",
    "codic/Business-Card-Scanner-To-Csv-gredio",
    "codic/paddle-ocr-demo",
    "mk1985/Historical-Text-Analyser"
  ],
  "createdAt": "2024-04-10T10:04:07.000Z",
  "usedStorage": 3563958146
}