{
  "_id": "664d250ebad530a1af5db491",
  "id": "voyageai/voyage-2",
  "private": false,
  "tags": [
    "license:mit",
    "region:us"
  ],
  "downloads": 0,
  "likes": 1,
  "modelId": "voyageai/voyage-2",
  "author": "voyageai",
  "sha": "44dbfc7acb19892f1b5dfebf37bee15e18fceec9",
  "lastModified": "2024-07-08T22:38:09.000Z",
  "gated": false,
  "disabled": false,
  "model-index": null,
  "config": {
    "tokenizer_config": {
      "bos_token": {
        "__type": "AddedToken",
        "content": "<s>",
        "lstrip": false,
        "normalized": true,
        "rstrip": false,
        "single_word": false
      },
      "eos_token": {
        "__type": "AddedToken",
        "content": "</s>",
        "lstrip": false,
        "normalized": true,
        "rstrip": false,
        "single_word": false
      },
      "mask_token": {
        "__type": "AddedToken",
        "content": "<mask>",
        "lstrip": false,
        "normalized": true,
        "rstrip": false,
        "single_word": false
      },
      "pad_token": null,
      "unk_token": {
        "__type": "AddedToken",
        "content": "<unk>",
        "lstrip": false,
        "normalized": true,
        "rstrip": false,
        "single_word": false
      }
    }
  },
  "cardData": {
    "license": "mit"
  },
  "siblings": [
    {
      "rfilename": ".gitattributes"
    },
    {
      "rfilename": "README.md"
    },
    {
      "rfilename": "special_tokens_map.json"
    },
    {
      "rfilename": "tokenizer.json"
    },
    {
      "rfilename": "tokenizer_config.json"
    }
  ],
  "spaces": [],
  "createdAt": "2024-05-21T22:49:50.000Z",
  "usedStorage": 0
}