{
  "_id": "64ccc215c7f30fbf7bbddc85",
  "id": "Xenova/text-embedding-ada-002",
  "private": false,
  "library_name": "transformers",
  "tags": [
    "transformers",
    "transformers.js",
    "tokenizers",
    "endpoints_compatible",
    "region:us"
  ],
  "downloads": 0,
  "likes": 79,
  "modelId": "Xenova/text-embedding-ada-002",
  "author": "Xenova",
  "sha": "f20698771af1ad4cacd2a6219bd13c0ea5d9b3de",
  "lastModified": "2025-08-18T16:55:15.000Z",
  "gated": false,
  "disabled": false,
  "model-index": null,
  "config": {
    "tokenizer_config": {
      "bos_token": "<|endoftext|>",
      "eos_token": "<|endoftext|>",
      "unk_token": "<|endoftext|>"
    }
  },
  "cardData": {
    "library_name": "transformers",
    "tags": [
      "transformers.js",
      "tokenizers"
    ]
  },
  "transformersInfo": {
    "auto_model": "AutoModel"
  },
  "siblings": [
    {
      "rfilename": ".gitattributes"
    },
    {
      "rfilename": "README.md"
    },
    {
      "rfilename": "merges.txt"
    },
    {
      "rfilename": "special_tokens_map.json"
    },
    {
      "rfilename": "tokenizer.json"
    },
    {
      "rfilename": "tokenizer_config.json"
    },
    {
      "rfilename": "vocab.json"
    }
  ],
  "spaces": [],
  "createdAt": "2023-08-04T09:17:09.000Z",
  "usedStorage": 0
}